Pitcher,G,W,L,SV,HLD,CG,SHO,BF,IP,H,HR,SO,BB,IBB,HB,WP,R,ER,ERA,FIP,kwERA,WHIP,ERA+,FIP-,kwERA-,Diff,HR%,K%,BB%,K-BB%,Team,League
Akiyama Takumi,24,10,7,0,0,1,0,539,132.2,121,18,107,25,3,3,2,43,40,2.71,3.94,3.28,1.10,128,104,90,-1.23,3.3%,19.9%,4.6%,15.3%,<a href=https://npb.jp/bis/eng/teams/index_t.html>Hanshin</a>,CL
Alcantara Raul,24,3,3,0,6,0,0,243,59.1,55,6,48,14,1,0,3,25,23,3.49,3.56,3.40,1.16,99,94,93,-0.07,2.5%,19.8%,5.8%,14.0%,<a href=https://npb.jp/bis/eng/teams/index_t.html>Hanshin</a>,CL
Aoyagi Koyo,25,13,6,0,0,0,0,651,156.1,143,11,104,48,8,3,0,48,43,2.48,3.72,3.94,1.22,139,98,108,-1.24,1.7%,16.0%,7.4%,8.6%,<a href=https://npb.jp/bis/eng/teams/index_t.html>Hanshin</a>,CL
Baba Kosuke,44,3,0,0,10,0,0,198,47.1,43,5,39,17,1,0,0,23,20,3.80,3.96,3.69,1.27,91,104,101,-0.16,2.5%,19.7%,8.6%,11.1%,<a href=https://npb.jp/bis/eng/teams/index_t.html>Hanshin</a>,CL
Chen Wei-Yin,2,1,0,0,0,0,0,39,9.1,10,0,7,3,0,0,0,5,4,3.86,2.62,3.77,1.39,90,69,103,1.24,0.0%,17.9%,7.7%,10.2%,<a href=https://npb.jp/bis/eng/teams/index_t.html>Hanshin</a>,CL
Edwards Jon,7,0,0,0,0,0,0,31,7.0,6,1,7,4,0,0,0,3,2,2.57,4.72,3.83,1.43,135,124,105,-2.15,3.2%,22.6%,12.9%,9.7%,<a href=https://npb.jp/bis/eng/teams/index_t.html>Hanshin</a>,CL
Fujinami Shintaro,21,3,3,0,4,0,0,238,48.1,47,4,52,40,0,4,8,29,28,5.21,4.81,4.30,1.80,66,127,118,0.40,1.7%,21.8%,16.8%,5.0%,<a href=https://npb.jp/bis/eng/teams/index_t.html>Hanshin</a>,CL
Gunkel Joe,20,9,3,0,0,0,0,465,113.0,99,10,87,24,1,3,0,39,37,2.95,3.48,3.45,1.09,117,92,95,-0.53,2.2%,18.7%,5.2%,13.5%,<a href=https://npb.jp/bis/eng/teams/index_t.html>Hanshin</a>,CL
Hamachi Masumi,4,0,0,0,0,0,0,26,6.0,8,0,6,2,1,0,2,3,3,4.50,2.15,3.26,1.67,77,57,89,2.35,0.0%,23.1%,7.7%,15.4%,<a href=https://npb.jp/bis/eng/teams/index_t.html>Hanshin</a>,CL
Ishii Daichi,18,0,1,0,0,0,0,75,17.1,17,3,16,6,1,0,1,12,12,6.23,4.60,3.47,1.33,55,121,95,1.63,4.0%,21.3%,8.0%,13.3%,<a href=https://npb.jp/bis/eng/teams/index_t.html>Hanshin</a>,CL
Itoh Masashi,23,10,7,0,1,1,0,557,140.1,119,15,79,34,3,3,1,42,38,2.44,4.21,3.99,1.09,142,111,109,-1.77,2.7%,14.2%,6.1%,8.1%,<a href=https://npb.jp/bis/eng/teams/index_t.html>Hanshin</a>,CL
Iwasada Yuta,46,4,0,0,12,0,0,174,38.2,42,4,33,14,2,3,1,21,20,4.66,4.11,3.71,1.45,74,108,102,0.55,2.3%,19.0%,8.0%,11.0%,<a href=https://npb.jp/bis/eng/teams/index_t.html>Hanshin</a>,CL
Iwata Minoru,3,0,0,0,0,0,0,13,3.0,3,0,3,0,0,1,1,0,0,0.00,2.15,2.49,1.00,999,57,68,-2.15,0.0%,23.1%,0.0%,23.1%,<a href=https://npb.jp/bis/eng/teams/index_t.html>Hanshin</a>,CL
Iwazaki Suguru,62,3,4,1,41,0,0,230,57.2,47,6,51,15,2,0,3,21,17,2.65,3.52,3.23,1.08,130,93,88,-0.87,2.6%,22.2%,6.5%,15.7%,<a href=https://npb.jp/bis/eng/teams/index_t.html>Hanshin</a>,CL
Kajiya Ren,7,1,2,0,1,0,0,29,5.2,7,1,3,1,0,1,0,6,5,7.94,5.45,4.11,1.41,44,143,113,2.49,3.4%,10.3%,3.4%,6.9%,<a href=https://npb.jp/bis/eng/teams/index_t.html>Hanshin</a>,CL
Kobayashi Keisuke,22,0,1,0,4,0,0,86,20.0,17,1,16,11,1,0,0,8,5,2.25,3.85,4.22,1.40,154,101,116,-1.60,1.2%,18.6%,12.8%,5.8%,<a href=https://npb.jp/bis/eng/teams/index_t.html>Hanshin</a>,CL
Kuwahara Kentaro,7,0,0,0,0,0,0,33,7.0,8,2,7,4,0,1,1,7,7,9.00,7.01,3.89,1.71,38,184,107,1.99,6.1%,21.2%,12.1%,9.1%,<a href=https://npb.jp/bis/eng/teams/index_t.html>Hanshin</a>,CL
Moriya Kouki,2,0,0,0,0,0,0,16,3.0,5,1,3,1,0,1,0,4,4,12.00,7.49,3.55,2.00,29,197,97,4.51,6.2%,18.8%,6.2%,12.6%,<a href=https://npb.jp/bis/eng/teams/index_t.html>Hanshin</a>,CL
Murakami Shoki,2,0,1,0,0,0,0,30,5.1,9,3,0,5,0,0,1,10,10,16.88,13.28,6.47,2.63,20,349,177,3.60,10.0%,0.0%,16.7%,-16.7%,<a href=https://npb.jp/bis/eng/teams/index_t.html>Hanshin</a>,CL
Niho Akira,4,1,1,0,0,0,0,70,15.1,17,3,9,7,0,1,1,10,9,5.28,6.09,4.51,1.57,65,160,124,-0.81,4.3%,12.9%,10.0%,2.9%,<a href=https://npb.jp/bis/eng/teams/index_t.html>Hanshin</a>,CL
Nishi Junya,2,1,1,0,0,0,0,34,8.0,4,0,2,7,0,0,0,3,3,3.38,5.28,6.27,1.38,102,139,172,-1.90,0.0%,5.9%,20.6%,-14.7%,<a href=https://npb.jp/bis/eng/teams/index_t.html>Hanshin</a>,CL
Nishi Yuki,24,6,9,0,0,2,0,610,143.2,143,12,95,40,6,4,2,68,60,3.76,3.84,3.90,1.27,92,101,107,-0.08,2.0%,15.6%,6.6%,9.0%,<a href=https://npb.jp/bis/eng/teams/index_t.html>Hanshin</a>,CL
Ogawa Ippei,19,1,0,0,2,0,0,83,21.1,15,2,19,7,0,0,0,7,7,2.95,3.57,3.35,1.03,117,94,92,-0.62,2.4%,22.9%,8.4%,14.5%,<a href=https://npb.jp/bis/eng/teams/index_t.html>Hanshin</a>,CL
Ono Taiki,12,0,0,0,0,0,0,71,14.2,17,1,14,8,0,1,0,13,13,7.98,3.97,3.95,1.70,43,104,108,4.01,1.4%,19.7%,11.3%,8.4%,<a href=https://npb.jp/bis/eng/teams/index_t.html>Hanshin</a>,CL
Oyokawa Masaki,39,2,3,0,10,0,0,169,39.0,31,4,38,24,4,2,4,18,16,3.69,4.54,3.97,1.41,94,119,109,-0.85,2.4%,22.5%,14.2%,8.3%,<a href=https://npb.jp/bis/eng/teams/index_t.html>Hanshin</a>,CL
Saitoh Yukiya,19,1,1,0,1,0,0,103,23.1,23,1,26,12,0,0,3,14,12,4.63,3.02,3.44,1.50,75,79,94,1.61,1.0%,25.2%,11.7%,13.5%,<a href=https://npb.jp/bis/eng/teams/index_t.html>Hanshin</a>,CL
Suarez Robert,62,1,1,42,0,0,0,229,62.1,40,0,58,8,2,0,1,9,8,1.16,1.68,2.62,0.77,298,44,72,-0.52,0.0%,25.3%,3.5%,21.8%,<a href=https://npb.jp/bis/eng/teams/index_t.html>Hanshin</a>,CL
Takahashi Haruto,7,4,2,0,0,2,2,181,49.0,30,1,55,5,0,0,0,10,9,1.65,1.48,2.04,0.71,210,39,56,0.17,0.6%,30.4%,2.8%,27.6%,<a href=https://npb.jp/bis/eng/teams/index_t.html>Hanshin</a>,CL
Yuasa Atsuki,3,0,0,0,0,0,0,21,3.0,10,0,2,2,0,0,2,7,6,18.00,3.82,4.80,4.00,19,101,132,14.18,0.0%,9.5%,9.5%,0.0%,<a href=https://npb.jp/bis/eng/teams/index_t.html>Hanshin</a>,CL
Bird Kyle,33,0,0,0,11,0,0,98,21.2,21,0,21,13,0,2,0,11,11,4.57,3.29,3.98,1.57,75,87,109,1.28,0.0%,21.4%,13.3%,8.1%,<a href=https://npb.jp/bis/eng/teams/index_c.html>Hiroshima</a>,CL
Corniel Robert,50,1,2,0,10,0,0,269,61.1,56,8,79,28,0,3,1,31,26,3.82,3.79,2.90,1.37,90,101,79,0.03,3.0%,29.4%,10.4%,19.0%,<a href=https://npb.jp/bis/eng/teams/index_c.html>Hiroshima</a>,CL
Endoh Atsushi,2,0,0,0,0,0,0,36,6.2,9,2,11,6,0,1,0,6,5,6.75,6.90,3.41,2.25,51,183,93,-0.15,5.6%,30.6%,16.7%,13.9%,<a href=https://npb.jp/bis/eng/teams/index_c.html>Hiroshima</a>,CL
Franzua Geronimo,8,1,2,0,1,0,0,31,5.2,9,1,5,5,1,0,0,6,6,9.53,6.33,4.80,2.47,36,168,132,3.20,3.2%,16.1%,16.1%,0.0%,<a href=https://npb.jp/bis/eng/teams/index_c.html>Hiroshima</a>,CL
Fujii Reira,5,0,0,0,0,0,0,32,5.2,11,1,7,3,0,1,0,8,8,12.71,5.09,3.55,2.47,27,135,97,7.62,3.1%,21.9%,9.4%,12.5%,<a href=https://npb.jp/bis/eng/teams/index_c.html>Hiroshima</a>,CL
Horie Atsuya,51,5,4,0,17,0,0,202,42.1,48,4,29,25,2,1,3,25,20,4.25,4.85,4.60,1.72,81,129,126,-0.60,2.0%,14.4%,12.4%,2.0%,<a href=https://npb.jp/bis/eng/teams/index_c.html>Hiroshima</a>,CL
Kemna Makoto,40,2,2,0,12,0,0,175,39.1,45,4,28,15,1,2,2,20,20,4.58,4.35,4.06,1.53,75,116,111,0.23,2.3%,16.0%,8.6%,7.4%,<a href=https://npb.jp/bis/eng/teams/index_c.html>Hiroshima</a>,CL
Kikuchi Yasunori,33,2,1,0,3,0,0,140,31.2,31,3,25,13,2,3,0,7,6,1.71,4.32,3.94,1.39,200,115,108,-2.61,2.1%,17.9%,9.3%,8.6%,<a href=https://npb.jp/bis/eng/teams/index_c.html>Hiroshima</a>,CL
Kobayashi Tatsuto,1,0,0,0,0,0,0,20,3.2,6,0,6,2,0,0,1,6,4,9.82,1.52,2.80,2.18,35,40,77,8.30,0.0%,30.0%,10.0%,20.0%,<a href=https://npb.jp/bis/eng/teams/index_c.html>Hiroshima</a>,CL
Kuri Aren,25,13,9,0,0,2,0,647,149.0,150,18,102,51,1,8,4,73,63,3.81,4.54,4.01,1.35,90,121,110,-0.73,2.8%,15.8%,7.9%,7.9%,<a href=https://npb.jp/bis/eng/teams/index_c.html>Hiroshima</a>,CL
Kuribayashi Ryoji,53,0,1,37,0,0,0,201,52.1,23,1,81,28,2,1,1,5,5,0.86,1.97,2.16,0.97,398,52,59,-1.11,0.5%,40.3%,13.9%,26.4%,<a href=https://npb.jp/bis/eng/teams/index_c.html>Hiroshima</a>,CL
Morishita Masato,24,8,7,0,0,1,1,672,163.1,144,16,132,52,3,3,6,55,54,2.98,3.82,3.61,1.20,115,102,99,-0.84,2.4%,19.6%,7.7%,11.9%,<a href=https://npb.jp/bis/eng/teams/index_c.html>Hiroshima</a>,CL
Moriura Daisuke,54,3,3,0,17,0,0,206,48.1,39,3,41,21,1,4,3,18,17,3.17,3.82,3.83,1.24,108,102,105,-0.65,1.5%,19.9%,10.2%,9.7%,<a href=https://npb.jp/bis/eng/teams/index_c.html>Hiroshima</a>,CL
Nakamura Yuta,3,0,3,0,0,0,0,65,13.0,21,3,6,5,0,0,0,17,16,11.08,6.38,4.65,2.00,31,170,127,4.70,4.6%,9.2%,7.7%,1.5%,<a href=https://npb.jp/bis/eng/teams/index_c.html>Hiroshima</a>,CL
Nakata Ren,23,0,0,0,6,0,0,89,19.0,20,3,16,12,0,1,2,14,10,4.74,5.57,4.35,1.68,72,148,119,-0.83,3.4%,18.0%,13.5%,4.5%,<a href=https://npb.jp/bis/eng/teams/index_c.html>Hiroshima</a>,CL
Nakazaki Shota,4,0,0,0,0,0,0,24,4.0,9,0,1,2,0,0,0,8,6,13.50,4.15,5.22,2.75,25,110,143,9.35,0.0%,4.2%,8.3%,-4.1%,<a href=https://npb.jp/bis/eng/teams/index_c.html>Hiroshima</a>,CL
Neverauskas Dovydas,1,0,1,0,0,0,0,15,2.2,3,0,2,5,0,0,1,3,3,10.13,7.28,6.80,3.00,34,194,186,2.85,0.0%,13.3%,33.3%,-20.0%,<a href=https://npb.jp/bis/eng/teams/index_c.html>Hiroshima</a>,CL
Nomura Yusuke,8,0,4,0,0,0,0,171,35.2,48,6,29,17,2,2,2,25,25,6.31,5.31,4.10,1.82,54,141,112,1.00,3.5%,17.0%,9.9%,7.1%,<a href=https://npb.jp/bis/eng/teams/index_c.html>Hiroshima</a>,CL
Ohmichi Haruki,24,4,4,0,3,0,0,230,53.0,50,4,35,25,0,2,1,30,28,4.75,4.34,4.37,1.42,72,115,120,0.41,1.7%,15.2%,10.9%,4.3%,<a href=https://npb.jp/bis/eng/teams/index_c.html>Hiroshima</a>,CL
Ohsera Daichi,23,10,5,0,0,1,1,600,146.2,136,12,102,31,2,5,1,57,50,3.07,3.56,3.62,1.14,111,95,99,-0.49,2.0%,17.0%,5.2%,11.8%,<a href=https://npb.jp/bis/eng/teams/index_c.html>Hiroshima</a>,CL
Shimauchi Sotaro,51,0,2,0,15,0,0,205,49.0,44,4,51,14,0,0,2,20,17,3.12,2.99,3.00,1.18,110,79,82,0.13,2.0%,24.9%,6.8%,18.1%,<a href=https://npb.jp/bis/eng/teams/index_c.html>Hiroshima</a>,CL
Takahashi Kouya,15,5,7,0,0,0,0,326,73.1,85,9,54,24,0,2,1,44,43,5.28,4.34,3.88,1.49,65,115,106,0.94,2.8%,16.6%,7.4%,9.2%,<a href=https://npb.jp/bis/eng/teams/index_c.html>Hiroshima</a>,CL
Takahashi Mikiya,27,0,0,0,0,0,0,108,26.1,20,3,16,10,0,1,1,10,4,1.37,4.67,4.24,1.14,250,124,116,-3.30,2.8%,14.8%,9.3%,5.5%,<a href=https://npb.jp/bis/eng/teams/index_c.html>Hiroshima</a>,CL
Tamamura Shogo,17,4,7,0,0,0,0,432,101.0,95,13,67,40,2,1,0,47,43,3.83,4.72,4.18,1.34,89,125,115,-0.89,3.0%,15.5%,9.3%,6.2%,<a href=https://npb.jp/bis/eng/teams/index_c.html>Hiroshima</a>,CL
Tokoda Hiroki,16,5,4,0,1,1,1,374,87.1,91,5,80,24,0,2,1,32,31,3.19,2.96,3.30,1.32,107,79,90,0.23,1.3%,21.4%,6.4%,15.0%,<a href=https://npb.jp/bis/eng/teams/index_c.html>Hiroshima</a>,CL
Yabuta Kazuki,1,0,0,0,0,0,0,20,4.2,3,0,2,5,0,0,1,2,2,3.86,5.51,6.30,1.71,89,146,173,-1.65,0.0%,10.0%,25.0%,-15.0%,<a href=https://npb.jp/bis/eng/teams/index_c.html>Hiroshima</a>,CL
Yasaki Takuya,4,0,0,0,0,0,0,34,7.0,7,1,6,7,0,0,0,9,9,11.57,6.30,5.09,2.00,30,167,139,5.27,2.9%,17.6%,20.6%,-3.0%,<a href=https://npb.jp/bis/eng/teams/index_c.html>Hiroshima</a>,CL
Ariyoshi Yuki,1,0,1,0,0,0,0,27,6.2,8,1,3,0,0,0,0,2,2,2.70,4.20,3.69,1.20,135,105,101,-1.50,3.7%,11.1%,0.0%,11.1%,<a href=https://npb.jp/bis/eng/teams/index_db.html>DeNA</a>,CL
Azuma Katsuki,3,1,2,0,0,0,0,75,19.2,10,1,20,4,0,0,0,5,5,2.29,2.39,2.67,0.71,159,60,73,-0.10,1.3%,26.7%,5.3%,21.4%,<a href=https://npb.jp/bis/eng/teams/index_db.html>DeNA</a>,CL
Escobar Edwin,61,4,4,1,32,0,0,229,58.2,39,7,50,11,0,4,0,23,22,3.38,3.77,3.10,0.85,108,94,85,-0.39,3.1%,21.8%,4.8%,17.0%,<a href=https://npb.jp/bis/eng/teams/index_db.html>DeNA</a>,CL
Hamaguchi Haruhiro,17,5,7,0,0,1,1,387,91.1,73,8,84,52,1,3,5,42,40,3.94,4.26,3.97,1.37,92,107,109,-0.32,2.1%,21.7%,13.4%,8.3%,<a href=https://npb.jp/bis/eng/teams/index_db.html>DeNA</a>,CL
Hirata Shingo,38,2,0,1,3,0,0,185,41.2,41,6,34,21,1,2,1,21,19,4.10,5.05,4.10,1.49,89,126,112,-0.95,3.2%,18.4%,11.4%,7.0%,<a href=https://npb.jp/bis/eng/teams/index_db.html>DeNA</a>,CL
Ikeya Sota,6,0,0,0,0,0,0,25,6.2,2,0,2,2,0,1,0,0,0,0.00,3.90,4.80,0.60,999,98,132,-3.90,0.0%,8.0%,8.0%,0.0%,<a href=https://npb.jp/bis/eng/teams/index_db.html>DeNA</a>,CL
Imanaga Shota,19,5,5,0,0,1,0,476,120.0,97,16,110,26,3,4,0,43,41,3.08,3.80,3.04,1.02,118,95,83,-0.72,3.4%,23.1%,5.5%,17.6%,<a href=https://npb.jp/bis/eng/teams/index_db.html>DeNA</a>,CL
Irie Taisei,4,0,4,0,0,0,0,80,18.1,22,4,14,5,0,1,1,18,16,7.85,5.44,3.68,1.47,46,136,101,2.41,5.0%,17.5%,6.2%,11.3%,<a href=https://npb.jp/bis/eng/teams/index_db.html>DeNA</a>,CL
Ise Hiromu,39,0,1,0,6,0,0,144,35.1,30,0,38,15,2,1,2,11,11,2.80,2.36,3.20,1.27,130,59,88,0.44,0.0%,26.4%,10.4%,16.0%,<a href=https://npb.jp/bis/eng/teams/index_db.html>DeNA</a>,CL
Ishida Kenta,33,1,2,0,2,0,0,168,37.2,44,4,39,18,1,2,1,24,24,5.73,4.06,3.55,1.65,63,102,97,1.67,2.4%,23.2%,10.7%,12.5%,<a href=https://npb.jp/bis/eng/teams/index_db.html>DeNA</a>,CL
Kamichatani Taiga,8,1,3,0,0,0,0,155,34.0,37,5,26,17,1,1,1,27,27,7.15,5.12,4.22,1.59,51,128,116,2.03,3.2%,16.8%,11.0%,5.8%,<a href=https://npb.jp/bis/eng/teams/index_db.html>DeNA</a>,CL
Kasai Takamasa,1,0,0,0,0,0,0,11,1.0,5,1,1,2,0,1,0,6,6,54.00,23.15,5.71,7.00,7,579,156,30.85,9.1%,9.1%,18.2%,-9.1%,<a href=https://npb.jp/bis/eng/teams/index_db.html>DeNA</a>,CL
Kazahari Ren,5,0,0,0,0,0,0,33,7.0,12,2,6,0,0,0,0,6,6,7.71,5.15,2.98,1.71,47,129,82,2.56,6.1%,18.2%,0.0%,18.2%,<a href=https://npb.jp/bis/eng/teams/index_db.html>DeNA</a>,CL
Kuniyoshi Yuki,18,1,1,0,0,0,0,125,29.2,24,1,37,13,1,1,1,18,17,5.16,2.51,2.88,1.25,70,63,79,2.65,0.8%,29.6%,10.4%,19.2%,<a href=https://npb.jp/bis/eng/teams/index_db.html>DeNA</a>,CL
Kyoyama Masaya,16,2,7,0,0,0,0,353,76.0,91,9,67,41,2,2,3,47,42,4.97,4.63,4.06,1.74,73,116,111,0.34,2.5%,19.0%,11.6%,7.4%,<a href=https://npb.jp/bis/eng/teams/index_db.html>DeNA</a>,CL
Mikami Tomoya,40,2,1,0,3,0,0,148,35.0,36,5,25,9,1,1,0,15,15,3.86,4.44,3.72,1.29,94,111,102,-0.58,3.4%,16.9%,6.1%,10.8%,<a href=https://npb.jp/bis/eng/teams/index_db.html>DeNA</a>,CL
Mishima Kazuki,59,3,5,23,1,0,0,246,57.1,66,8,57,12,1,0,3,31,26,4.08,3.61,2.97,1.36,89,90,81,0.47,3.3%,23.2%,4.9%,18.3%,<a href=https://npb.jp/bis/eng/teams/index_db.html>DeNA</a>,CL
Miyaguni Ryosuke,3,1,1,0,0,0,0,68,16.0,18,3,14,5,0,0,0,11,11,6.19,4.78,3.48,1.44,59,120,95,1.41,4.4%,20.6%,7.4%,13.2%,<a href=https://npb.jp/bis/eng/teams/index_db.html>DeNA</a>,CL
Mutoh Yuta,1,0,0,0,0,0,0,1,0.1,0,0,1,0,0,0,0,0,0,0.00,-2.85,-5.20,0.00,999,-71,-142,2.85,0.0%,100.0%,0.0%,100.0%,<a href=https://npb.jp/bis/eng/teams/index_db.html>DeNA</a>,CL
Nakagawa Koh,7,0,1,0,0,0,0,122,26.1,32,3,24,15,0,0,1,22,19,6.49,4.52,4.06,1.78,56,113,111,1.97,2.5%,19.7%,12.3%,7.4%,<a href=https://npb.jp/bis/eng/teams/index_db.html>DeNA</a>,CL
Ohnuki Shinichi,22,6,7,0,0,0,0,499,112.0,137,9,106,30,2,3,3,57,54,4.34,3.19,3.28,1.49,84,80,90,1.15,1.8%,21.2%,6.0%,15.2%,<a href=https://npb.jp/bis/eng/teams/index_db.html>DeNA</a>,CL
Peoples Michael,18,3,4,0,0,0,0,191,47.0,41,5,41,14,0,2,0,23,22,4.21,3.81,3.39,1.17,86,95,93,0.40,2.6%,21.5%,7.3%,14.2%,<a href=https://npb.jp/bis/eng/teams/index_db.html>DeNA</a>,CL
Romero Fernando,14,5,3,0,0,1,1,349,80.2,89,4,44,30,0,5,4,38,27,3.01,4.01,4.40,1.48,121,100,121,-1.00,1.1%,12.6%,8.6%,4.0%,<a href=https://npb.jp/bis/eng/teams/index_db.html>DeNA</a>,CL
Sakaguchi Kousuke,8,2,3,0,0,0,0,160,35.0,37,4,18,19,0,1,3,20,16,4.11,5.32,4.86,1.60,88,133,133,-1.21,2.5%,11.2%,11.9%,-0.7%,<a href=https://npb.jp/bis/eng/teams/index_db.html>DeNA</a>,CL
Sakamoto Yuya,16,4,6,0,0,0,0,310,70.1,89,9,46,22,0,3,2,43,41,5.25,4.57,4.03,1.58,69,114,110,0.68,2.9%,14.8%,7.1%,7.7%,<a href=https://npb.jp/bis/eng/teams/index_db.html>DeNA</a>,CL
Sakurai Shuto,30,0,1,0,1,0,0,181,41.0,36,3,37,29,1,0,3,15,14,3.07,4.42,4.36,1.59,118,111,119,-1.35,1.7%,20.4%,16.0%,4.4%,<a href=https://npb.jp/bis/eng/teams/index_db.html>DeNA</a>,CL
Shackelford Kevin,32,1,0,1,4,0,0,141,31.1,28,3,34,16,0,5,4,19,18,5.17,4.24,3.52,1.40,70,106,96,0.93,2.1%,24.1%,11.3%,12.8%,<a href=https://npb.jp/bis/eng/teams/index_db.html>DeNA</a>,CL
Shindoh Takuya,2,0,0,0,0,0,0,6,1.0,0,0,1,1,0,2,0,0,0,0.00,10.15,4.80,1.00,999,254,132,-10.15,0.0%,16.7%,16.7%,0.0%,<a href=https://npb.jp/bis/eng/teams/index_db.html>DeNA</a>,CL
Sunada Yoshiki,58,2,2,0,18,0,0,166,41.2,26,1,27,13,2,2,2,15,15,3.24,3.25,3.96,0.94,112,81,108,-0.01,0.6%,16.3%,7.8%,8.5%,<a href=https://npb.jp/bis/eng/teams/index_db.html>DeNA</a>,CL
Taira Kentaro,2,0,0,0,0,0,0,39,10.0,6,0,6,3,0,0,0,1,1,0.90,2.85,4.03,0.90,404,71,110,-1.95,0.0%,15.4%,7.7%,7.7%,<a href=https://npb.jp/bis/eng/teams/index_db.html>DeNA</a>,CL
Tanaka Kenjiro,8,0,0,0,0,0,0,18,4.2,3,0,6,2,0,1,1,0,0,0.00,2.51,2.58,1.07,999,63,71,-2.51,0.0%,33.3%,11.1%,22.2%,<a href=https://npb.jp/bis/eng/teams/index_db.html>DeNA</a>,CL
Yamasaki Yasuaki,60,3,2,1,27,0,0,229,55.0,58,2,39,14,1,3,0,21,20,3.27,3.13,3.71,1.31,111,78,102,0.14,0.9%,17.0%,6.1%,10.9%,<a href=https://npb.jp/bis/eng/teams/index_db.html>DeNA</a>,CL
De La Rosa Rubby,46,1,0,7,13,0,0,175,41.1,38,3,34,12,0,2,1,15,13,2.83,3.47,3.54,1.21,131,85,97,-0.64,1.7%,19.4%,6.9%,12.5%,<a href=https://npb.jp/bis/eng/teams/index_g.html>Yomiuri</a>,CL
Furukawa Yuri,1,0,0,0,0,0,0,11,2.0,3,1,0,3,1,1,0,4,4,18.00,15.65,7.53,3.00,21,384,206,2.35,9.1%,0.0%,27.3%,-27.3%,<a href=https://npb.jp/bis/eng/teams/index_g.html>Yomiuri</a>,CL
Hatake Seishu,52,4,3,1,11,0,0,390,96.2,83,13,97,25,1,4,2,37,33,3.07,3.79,2.95,1.12,121,93,81,-0.72,3.3%,24.9%,6.4%,18.5%,<a href=https://npb.jp/bis/eng/teams/index_g.html>Yomiuri</a>,CL
Heinai Ryuta,3,0,1,0,0,0,0,24,5.0,8,2,5,2,0,0,0,8,8,14.40,7.55,3.55,2.00,26,185,97,6.85,8.3%,20.8%,8.3%,12.5%,<a href=https://npb.jp/bis/eng/teams/index_g.html>Yomiuri</a>,CL
Imamura Nobutaka,17,3,4,0,0,1,1,274,63.0,66,5,59,22,0,3,0,21,19,2.71,3.50,3.45,1.40,137,86,95,-0.79,1.8%,21.5%,8.0%,13.5%,<a href=https://npb.jp/bis/eng/teams/index_g.html>Yomiuri</a>,CL
Inoh Shoichi,5,0,1,0,0,0,0,26,5.0,11,3,5,1,0,0,0,8,8,14.40,9.55,3.26,2.40,26,234,89,4.85,11.5%,19.2%,3.8%,15.4%,<a href=https://npb.jp/bis/eng/teams/index_g.html>Yomiuri</a>,CL
Kagiya Yohei,59,3,0,1,15,0,0,182,42.1,39,5,30,18,0,0,1,19,15,3.19,4.55,4.14,1.35,116,112,113,-1.36,2.7%,16.5%,9.9%,6.6%,<a href=https://npb.jp/bis/eng/teams/index_g.html>Yomiuri</a>,CL
Mercedes CC,17,7,5,0,0,0,0,369,86.0,96,5,74,22,1,5,0,36,36,3.77,3.13,3.39,1.37,98,77,93,0.64,1.4%,20.1%,6.0%,14.1%,<a href=https://npb.jp/bis/eng/teams/index_g.html>Yomiuri</a>,CL
Nakagawa Kota,58,4,3,1,25,0,0,220,54.2,47,2,49,10,1,5,0,17,15,2.47,2.66,3.03,1.04,150,65,83,-0.19,0.9%,22.3%,4.5%,17.8%,<a href=https://npb.jp/bis/eng/teams/index_g.html>Yomiuri</a>,CL
Naoe Daisuke,4,0,1,1,0,0,0,51,11.0,15,1,4,4,0,2,0,6,6,4.91,5.24,4.80,1.73,75,129,132,-0.33,2.0%,7.8%,7.8%,0.0%,<a href=https://npb.jp/bis/eng/teams/index_g.html>Yomiuri</a>,CL
Nogami Ryoma,9,0,1,1,4,0,0,63,16.1,8,1,15,6,1,0,0,3,3,1.65,3.21,3.37,0.86,225,79,92,-1.56,1.6%,23.8%,9.5%,14.3%,<a href=https://npb.jp/bis/eng/teams/index_g.html>Yomiuri</a>,CL
Numata Shohei,2,0,0,0,0,0,0,11,2.1,3,1,3,1,1,0,0,2,2,7.71,7.44,2.98,1.71,48,183,82,0.27,9.1%,27.3%,9.1%,18.2%,<a href=https://npb.jp/bis/eng/teams/index_g.html>Yomiuri</a>,CL
Ohe Ryusei,47,0,0,0,13,0,0,145,33.0,29,2,23,17,1,2,0,16,15,4.09,4.27,4.39,1.39,91,105,120,-0.18,1.4%,15.9%,11.7%,4.2%,<a href=https://npb.jp/bis/eng/teams/index_g.html>Yomiuri</a>,CL
Ohtake Kan,4,0,0,0,1,0,0,11,2.1,5,0,0,0,0,0,0,1,1,3.86,3.15,4.80,2.14,96,77,132,0.71,0.0%,0.0%,0.0%,0.0%,<a href=https://npb.jp/bis/eng/teams/index_g.html>Yomiuri</a>,CL
Sakurai Toshiki,29,1,0,0,6,0,0,145,33.1,35,7,20,16,1,1,4,20,20,5.40,6.21,4.52,1.53,69,152,124,-0.81,4.8%,13.8%,11.0%,2.8%,<a href=https://npb.jp/bis/eng/teams/index_g.html>Yomiuri</a>,CL
Sanchez Angel,14,5,5,0,0,0,0,317,73.0,82,13,54,23,0,3,2,40,38,4.68,5.06,3.82,1.44,79,124,105,-0.38,4.1%,17.0%,7.3%,9.7%,<a href=https://npb.jp/bis/eng/teams/index_g.html>Yomiuri</a>,CL
Sugano Tomoyuki,19,6,7,0,0,2,1,465,115.2,90,15,102,25,1,7,1,41,41,3.19,3.91,3.14,0.99,116,96,86,-0.72,3.2%,21.9%,5.4%,16.5%,<a href=https://npb.jp/bis/eng/teams/index_g.html>Yomiuri</a>,CL
Takagi Kyosuke,15,1,0,0,1,0,0,81,18.1,22,1,15,7,0,0,0,9,9,4.42,3.37,3.81,1.58,84,83,104,1.05,1.2%,18.5%,8.6%,9.9%,<a href=https://npb.jp/bis/eng/teams/index_g.html>Yomiuri</a>,CL
Takahashi Yuki,27,11,9,0,0,0,0,598,140.2,125,18,76,61,2,2,2,57,53,3.39,5.08,4.55,1.32,109,125,125,-1.69,3.0%,12.7%,10.2%,2.5%,<a href=https://npb.jp/bis/eng/teams/index_g.html>Yomiuri</a>,CL
Takanashi Yuhei,55,2,2,1,20,0,0,171,39.0,34,2,47,21,4,5,2,17,16,3.69,3.41,3.28,1.41,100,84,90,0.28,1.2%,27.5%,12.3%,15.2%,<a href=https://npb.jp/bis/eng/teams/index_g.html>Yomiuri</a>,CL
Tanaka Toyoki,39,0,0,0,2,0,0,152,38.0,22,5,37,20,2,1,3,13,12,2.84,4.57,3.68,1.11,130,112,101,-1.73,3.3%,24.3%,13.2%,11.1%,<a href=https://npb.jp/bis/eng/teams/index_g.html>Yomiuri</a>,CL
Toda Natsuki,3,0,0,0,0,0,0,12,3.0,3,0,0,1,0,0,0,0,0,0.00,4.15,5.63,1.33,999,102,154,-4.15,0.0%,0.0%,8.3%,-8.3%,<a href=https://npb.jp/bis/eng/teams/index_g.html>Yomiuri</a>,CL
Togo Shosei,26,9,8,0,0,1,0,639,151.2,130,19,138,58,2,6,3,75,72,4.27,4.23,3.55,1.24,87,104,97,0.04,3.0%,21.6%,9.1%,12.5%,<a href=https://npb.jp/bis/eng/teams/index_g.html>Yomiuri</a>,CL
Tone Chiaki,29,2,0,1,0,0,0,161,37.1,25,4,36,24,0,3,3,20,20,4.82,4.79,4.05,1.31,77,118,111,0.03,2.5%,22.4%,14.9%,7.5%,<a href=https://npb.jp/bis/eng/teams/index_g.html>Yomiuri</a>,CL
Vieira Thyago,56,0,3,19,1,0,0,228,55.1,38,3,64,26,0,1,0,18,18,2.93,3.01,3.13,1.16,126,74,86,-0.08,1.3%,28.1%,11.4%,16.7%,<a href=https://npb.jp/bis/eng/teams/index_g.html>Yomiuri</a>,CL
Yamaguchi Shun,15,2,8,0,0,0,0,337,78.1,66,6,83,37,1,3,0,34,31,3.56,3.56,3.44,1.31,104,87,94,0.00,1.8%,24.6%,11.0%,13.6%,<a href=https://npb.jp/bis/eng/teams/index_g.html>Yomiuri</a>,CL
Yokogawa Kai,2,0,1,0,0,0,0,37,8.0,9,2,9,2,0,0,0,4,3,3.38,4.90,2.91,1.38,110,120,80,-1.52,5.4%,24.3%,5.4%,18.9%,<a href=https://npb.jp/bis/eng/teams/index_g.html>Yomiuri</a>,CL
Hara Juri,9,3,1,0,0,0,0,198,47.0,45,0,25,12,2,4,1,14,12,2.30,3.11,4.14,1.21,161,76,113,-0.81,0.0%,12.6%,6.1%,6.5%,<a href=https://npb.jp/bis/eng/teams/index_s.html>Yakult</a>,CL
Hasegawa Hiroki,4,1,0,0,0,0,0,18,3.1,4,2,3,3,0,0,0,5,4,10.80,11.85,4.80,2.10,34,291,132,-1.05,11.1%,16.7%,16.7%,0.0%,<a href=https://npb.jp/bis/eng/teams/index_s.html>Yakult</a>,CL
Hoshi Tomoya,25,0,0,1,7,0,0,108,24.1,23,2,28,11,0,0,0,14,13,4.81,3.28,3.23,1.40,77,81,88,1.53,1.9%,25.9%,10.2%,15.7%,<a href=https://npb.jp/bis/eng/teams/index_s.html>Yakult</a>,CL
Ishikawa Masanori,17,4,5,0,0,1,0,335,82.0,81,10,54,16,1,3,1,31,28,3.07,4.12,3.67,1.18,121,101,101,-1.05,3.0%,16.1%,4.8%,11.3%,<a href=https://npb.jp/bis/eng/teams/index_s.html>Yakult</a>,CL
Ishiyama Taichi,58,0,5,10,9,0,0,226,55.0,54,6,64,10,0,0,1,23,22,3.60,2.79,2.41,1.16,103,68,66,0.81,2.7%,28.3%,4.4%,23.9%,<a href=https://npb.jp/bis/eng/teams/index_s.html>Yakult</a>,CL
Kanakubo Yuto,10,4,1,0,0,0,0,180,42.2,39,3,34,16,0,2,0,14,13,2.74,3.74,3.80,1.29,135,92,104,-1.00,1.7%,18.9%,8.9%,10.0%,<a href=https://npb.jp/bis/eng/teams/index_s.html>Yakult</a>,CL
Kondoh Hiroki,22,0,1,0,11,0,0,67,18.2,15,1,17,2,0,0,0,2,2,0.96,2.35,2.56,0.91,386,58,70,-1.39,1.5%,25.4%,3.0%,22.4%,<a href=https://npb.jp/bis/eng/teams/index_s.html>Yakult</a>,CL
Konno Ryuta,64,7,1,0,28,0,0,268,62.0,55,1,63,25,0,3,2,19,19,2.76,2.69,3.38,1.29,134,66,93,0.07,0.4%,23.5%,9.3%,14.2%,<a href=https://npb.jp/bis/eng/teams/index_s.html>Yakult</a>,CL
McGough Scott,66,3,2,31,14,0,0,259,64.1,43,7,76,23,2,3,3,19,18,2.52,3.42,2.75,1.03,147,84,75,-0.90,2.7%,29.3%,8.9%,20.4%,<a href=https://npb.jp/bis/eng/teams/index_s.html>Yakult</a>,CL
Ogawa Yasuhiro,23,9,6,0,0,2,1,529,128.1,132,15,97,30,3,1,2,64,59,4.14,3.89,3.53,1.26,89,96,97,0.25,2.8%,18.3%,5.7%,12.6%,<a href=https://npb.jp/bis/eng/teams/index_s.html>Yakult</a>,CL
Ohnishi Hiroki,33,3,0,0,7,0,0,159,38.1,36,4,24,12,1,2,3,12,12,2.82,4.35,4.05,1.25,131,107,111,-1.53,2.5%,15.1%,7.5%,7.6%,<a href=https://npb.jp/bis/eng/teams/index_s.html>Yakult</a>,CL
Ohshita Yuma,30,1,0,0,1,0,0,159,38.2,34,5,32,8,2,2,1,16,16,3.72,3.95,3.29,1.09,100,97,90,-0.23,3.1%,20.1%,5.0%,15.1%,<a href=https://npb.jp/bis/eng/teams/index_s.html>Yakult</a>,CL
Okugawa Yasunobu,18,9,4,0,0,0,0,413,105.0,99,11,91,10,0,2,3,38,38,3.26,3.12,2.84,1.04,114,77,78,0.14,2.7%,22.0%,2.4%,19.6%,<a href=https://npb.jp/bis/eng/teams/index_s.html>Yakult</a>,CL
Sakamoto Koshiro,36,1,2,0,7,0,0,148,33.1,29,4,25,17,1,3,2,17,15,4.05,5.01,4.26,1.38,91,123,117,-0.96,2.7%,16.9%,11.5%,5.4%,<a href=https://npb.jp/bis/eng/teams/index_s.html>Yakult</a>,CL
Shimizu Noboru,72,3,6,1,50,0,0,272,67.2,55,12,74,18,5,2,2,23,18,2.39,4.16,2.74,1.08,155,102,75,-1.77,4.4%,27.2%,6.6%,20.6%,<a href=https://npb.jp/bis/eng/teams/index_s.html>Yakult</a>,CL
Sneed Cy,13,6,2,0,0,0,0,279,68.2,60,9,69,23,0,2,0,29,26,3.41,3.94,3.15,1.21,109,97,86,-0.53,3.2%,24.7%,8.2%,16.5%,<a href=https://npb.jp/bis/eng/teams/index_s.html>Yakult</a>,CL
Suarez Albert,24,5,3,1,3,0,0,339,77.0,82,9,70,32,0,5,1,32,31,3.62,4.30,3.68,1.48,102,106,101,-0.68,2.7%,20.6%,9.4%,11.2%,<a href=https://npb.jp/bis/eng/teams/index_s.html>Yakult</a>,CL
Sugiyama Koki,4,0,0,0,0,0,0,30,6.1,9,2,4,2,0,1,0,7,7,9.95,7.42,4.13,1.74,37,182,113,2.53,6.7%,13.3%,6.7%,6.6%,<a href=https://npb.jp/bis/eng/teams/index_s.html>Yakult</a>,CL
Taguchi Kazuto,33,5,9,0,4,0,0,449,100.2,126,10,81,28,3,2,1,59,45,4.02,3.73,3.62,1.53,92,92,99,0.29,2.2%,18.0%,6.2%,11.8%,<a href=https://npb.jp/bis/eng/teams/index_s.html>Yakult</a>,CL
Takahashi Keiji,14,4,1,0,0,0,0,320,78.1,59,9,80,25,3,6,4,25,25,2.87,3.79,3.08,1.07,129,93,84,-0.92,2.8%,25.0%,7.8%,17.2%,<a href=https://npb.jp/bis/eng/teams/index_s.html>Yakult</a>,CL
Takanashi Hirotoshi,12,4,1,0,0,0,0,264,62.0,62,11,56,15,1,3,1,28,25,3.63,4.52,3.25,1.24,102,111,89,-0.89,4.2%,21.2%,5.7%,15.5%,<a href=https://npb.jp/bis/eng/teams/index_s.html>Yakult</a>,CL
Terashima Naruki,1,0,0,0,0,0,0,10,2.0,5,0,0,0,0,0,0,1,1,4.50,3.15,4.80,2.50,82,77,132,1.35,0.0%,0.0%,0.0%,0.0%,<a href=https://npb.jp/bis/eng/teams/index_s.html>Yakult</a>,CL
Umeno Yugo,29,0,0,0,8,0,0,106,25.1,22,4,29,9,0,2,1,7,7,2.49,4.22,2.91,1.22,149,104,80,-1.73,3.8%,27.4%,8.5%,18.9%,<a href=https://npb.jp/bis/eng/teams/index_s.html>Yakult</a>,CL
Vandenhurk Rick,2,0,1,0,0,0,0,28,4.2,11,2,4,2,0,1,0,8,8,15.43,8.94,4.09,2.79,24,219,112,6.49,7.1%,14.3%,7.1%,7.2%,<a href=https://npb.jp/bis/eng/teams/index_s.html>Yakult</a>,CL
Yamano Taichi,1,0,0,0,0,0,0,12,1.1,5,0,3,2,0,1,0,7,7,47.25,5.40,3.97,5.25,8,133,109,41.85,0.0%,25.0%,16.7%,8.3%,<a href=https://npb.jp/bis/eng/teams/index_s.html>Yakult</a>,CL
Yoshida Daiki,16,1,1,0,0,0,0,111,23.1,31,5,26,12,1,0,3,17,16,6.17,5.25,3.54,1.84,60,129,97,0.92,4.5%,23.4%,10.8%,12.6%,<a href=https://npb.jp/bis/eng/teams/index_s.html>Yakult</a>,CL
Fujishima Kento,48,1,0,0,5,0,0,200,51.0,35,3,38,13,0,0,1,9,9,1.59,3.19,3.55,0.94,210,87,97,-1.60,1.5%,19.0%,6.5%,12.5%,<a href=https://npb.jp/bis/eng/teams/index_d.html>Chunichi</a>,CL
Fuku Hiroto,57,2,2,0,20,0,0,185,45.1,37,4,38,15,2,3,1,16,16,3.18,3.81,3.56,1.15,105,104,98,-0.63,2.2%,20.5%,8.1%,12.4%,<a href=https://npb.jp/bis/eng/teams/index_d.html>Chunichi</a>,CL
Fukutani Koji,18,5,10,0,0,1,0,432,103.1,112,10,73,17,1,1,3,55,52,4.53,3.52,3.50,1.25,74,96,96,1.01,2.3%,16.9%,3.9%,13.0%,<a href=https://npb.jp/bis/eng/teams/index_d.html>Chunichi</a>,CL
Hashimoto Yuki,28,0,0,0,1,0,0,112,26.2,26,0,28,8,1,1,0,11,11,3.71,2.07,3.01,1.28,90,56,82,1.64,0.0%,25.0%,7.1%,17.9%,<a href=https://npb.jp/bis/eng/teams/index_d.html>Chunichi</a>,CL
Kasahara Shotaro,4,0,2,0,0,0,0,94,20.0,20,4,13,17,1,0,1,14,14,6.30,7.00,5.23,1.85,53,191,143,-0.70,4.3%,13.8%,18.1%,-4.3%,<a href=https://npb.jp/bis/eng/teams/index_d.html>Chunichi</a>,CL
Katsuno Akiyoshi,17,3,6,0,0,0,0,391,91.1,92,9,67,31,3,2,1,38,38,3.74,4.05,3.88,1.35,89,111,106,-0.31,2.3%,17.1%,7.9%,9.2%,<a href=https://npb.jp/bis/eng/teams/index_d.html>Chunichi</a>,CL
Kondo Ren,2,0,0,0,0,0,0,10,2.0,1,0,2,3,0,0,1,1,1,4.50,5.65,5.80,2.00,74,154,159,-1.15,0.0%,20.0%,30.0%,-10.0%,<a href=https://npb.jp/bis/eng/teams/index_d.html>Chunichi</a>,CL
Martinez Raidel,49,1,4,23,0,0,0,178,48.0,26,1,59,10,1,1,1,11,11,2.06,1.65,2.05,0.75,162,45,56,0.41,0.6%,33.1%,5.6%,27.5%,<a href=https://npb.jp/bis/eng/teams/index_d.html>Chunichi</a>,CL
Matayoshi Katsuki,66,3,2,8,33,0,0,245,63.1,47,2,41,22,2,1,0,11,9,1.28,3.36,4.02,1.09,260,92,110,-2.08,0.8%,16.7%,9.0%,7.7%,<a href=https://npb.jp/bis/eng/teams/index_d.html>Chunichi</a>,CL
Matsuba Takahiro,14,6,5,0,0,0,0,309,76.0,74,7,41,15,0,2,3,30,27,3.20,3.94,3.96,1.17,104,108,108,-0.74,2.3%,13.3%,4.9%,8.4%,<a href=https://npb.jp/bis/eng/teams/index_d.html>Chunichi</a>,CL
Mitsuma Takuya,5,0,0,0,0,0,0,28,5.1,10,1,6,1,0,0,1,5,4,6.75,3.90,3.01,2.06,49,106,82,2.85,3.6%,21.4%,3.6%,17.8%,<a href=https://npb.jp/bis/eng/teams/index_d.html>Chunichi</a>,CL
Mori Hiroto,10,0,0,0,0,0,0,58,12.0,11,0,15,9,0,3,2,4,4,3.00,3.65,3.77,1.67,111,100,103,-0.65,0.0%,25.9%,15.5%,10.4%,<a href=https://npb.jp/bis/eng/teams/index_d.html>Chunichi</a>,CL
Ogasawara Shinnosuke,25,8,10,0,0,0,0,615,143.1,141,16,115,51,1,4,4,60,58,3.64,4.15,3.76,1.34,92,113,103,-0.51,2.6%,18.7%,8.3%,10.4%,<a href=https://npb.jp/bis/eng/teams/index_d.html>Chunichi</a>,CL
Ohno Yudai,22,7,11,0,0,1,0,566,143.1,121,12,118,26,1,2,1,48,47,2.95,3.18,3.17,1.03,113,87,87,-0.23,2.1%,20.8%,4.6%,16.2%,<a href=https://npb.jp/bis/eng/teams/index_d.html>Chunichi</a>,CL
Okada Toshiya,19,0,1,0,0,0,0,74,16.2,23,1,10,6,0,0,0,9,9,4.86,3.81,4.26,1.74,69,104,117,1.05,1.4%,13.5%,8.1%,5.4%,<a href=https://npb.jp/bis/eng/teams/index_d.html>Chunichi</a>,CL
Okano Yuichiro,2,0,2,0,0,0,0,40,8.0,13,0,3,2,1,1,0,10,8,9.00,3.53,4.55,1.88,37,96,125,5.47,0.0%,7.5%,5.0%,2.5%,<a href=https://npb.jp/bis/eng/teams/index_d.html>Chunichi</a>,CL
Rodriguez Yariel,12,1,4,0,0,0,0,275,61.2,56,8,61,38,2,5,6,29,25,3.65,4.95,3.96,1.52,91,135,108,-1.30,2.9%,22.2%,13.8%,8.4%,<a href=https://npb.jp/bis/eng/teams/index_d.html>Chunichi</a>,CL
Rosario Randy,9,0,0,0,0,0,0,40,9.0,8,1,3,6,0,2,1,4,3,3.00,6.60,5.55,1.56,111,180,152,-3.60,2.5%,7.5%,15.0%,-7.5%,<a href=https://npb.jp/bis/eng/teams/index_d.html>Chunichi</a>,CL
Satoh Yu,4,0,0,0,0,0,0,32,5.1,13,1,4,2,0,0,1,11,8,13.50,5.22,4.18,2.81,25,142,115,8.28,3.1%,12.5%,6.2%,6.3%,<a href=https://npb.jp/bis/eng/teams/index_d.html>Chunichi</a>,CL
Shimizu Tatsuya,1,0,1,0,0,0,0,19,4.0,5,0,1,4,0,0,0,1,1,2.25,5.65,6.38,2.25,148,154,175,-3.40,0.0%,5.3%,21.1%,-15.8%,<a href=https://npb.jp/bis/eng/teams/index_d.html>Chunichi</a>,CL
Sobue Daisuke,55,1,2,5,19,0,0,208,48.2,59,1,30,9,0,1,0,18,14,2.59,2.80,3.79,1.40,129,76,104,-0.21,0.5%,14.4%,4.3%,10.1%,<a href=https://npb.jp/bis/eng/teams/index_d.html>Chunichi</a>,CL
Suzuki Hiroshi,18,2,0,0,0,0,0,91,20.1,22,2,11,5,0,2,0,12,12,5.31,4.38,4.14,1.33,63,120,113,0.93,2.2%,12.1%,5.5%,6.6%,<a href=https://npb.jp/bis/eng/teams/index_d.html>Chunichi</a>,CL
Tajima Shinji,22,2,1,0,8,0,0,74,18.1,15,0,22,6,0,0,1,5,5,2.45,1.73,2.64,1.15,136,47,72,0.72,0.0%,29.7%,8.1%,21.6%,<a href=https://npb.jp/bis/eng/teams/index_d.html>Chunichi</a>,CL
Tanimoto Keisuke,32,1,1,0,14,0,0,92,22.1,23,3,18,1,0,1,0,6,5,2.01,3.56,2.95,1.07,166,97,81,-1.55,3.3%,19.6%,1.1%,18.5%,<a href=https://npb.jp/bis/eng/teams/index_d.html>Chunichi</a>,CL
Umetsu Kodai,3,0,1,0,0,0,0,51,11.1,6,0,7,10,0,2,1,3,2,1.59,5.09,5.39,1.41,210,139,148,-3.50,0.0%,13.7%,19.6%,-5.9%,<a href=https://npb.jp/bis/eng/teams/index_d.html>Chunichi</a>,CL
Yamai Daisuke,1,0,0,0,0,0,0,1,0.1,0,0,1,0,0,0,0,0,0,0.00,-2.85,-5.20,0.00,999,-78,-142,2.85,0.0%,100.0%,0.0%,100.0%,<a href=https://npb.jp/bis/eng/teams/index_d.html>Chunichi</a>,CL
Yamamoto Takumi,9,1,0,0,0,0,0,67,14.0,16,1,12,8,0,1,0,10,10,6.43,4.30,4.20,1.71,52,117,115,2.13,1.5%,17.9%,11.9%,6.0%,<a href=https://npb.jp/bis/eng/teams/index_d.html>Chunichi</a>,CL
Yanagi Yuya,26,11,6,0,0,2,2,676,172.0,133,11,168,41,1,3,3,47,42,2.20,2.80,2.92,1.01,151,76,80,-0.60,1.6%,24.9%,6.1%,18.8%,<a href=https://npb.jp/bis/eng/teams/index_d.html>Chunichi</a>,CL
Abe Shota,4,0,0,0,0,0,0,16,3.2,4,1,3,1,0,0,0,3,3,7.36,5.88,3.55,1.36,47,156,97,1.48,6.2%,18.8%,6.2%,12.6%,<a href=https://npb.jp/bis/eng/teams/index_b.html>ORIX</a>,PL
Cho Yaku,8,0,1,0,3,0,0,54,10.1,21,4,15,2,0,0,0,15,15,13.06,5.86,2.39,2.23,26,155,65,7.20,7.4%,27.8%,3.7%,24.1%,<a href=https://npb.jp/bis/eng/teams/index_b.html>ORIX</a>,PL
Higa Motoki,32,1,0,0,11,0,0,75,20.1,14,2,15,4,4,0,0,4,4,1.77,3.55,3.33,0.89,194,94,91,-1.78,2.7%,20.0%,5.3%,14.7%,<a href=https://npb.jp/bis/eng/teams/index_b.html>ORIX</a>,PL
Higgins Tyler,49,1,2,2,28,0,0,195,46.1,37,3,36,19,0,1,1,14,13,2.53,3.74,3.93,1.21,136,99,108,-1.21,1.5%,18.5%,9.7%,8.8%,<a href=https://npb.jp/bis/eng/teams/index_b.html>ORIX</a>,PL
Hirano Yoshihisa,46,1,3,29,3,0,0,163,43.0,30,4,37,9,0,0,1,11,11,2.30,3.27,3.08,0.91,150,86,84,-0.97,2.5%,22.7%,5.5%,17.2%,<a href=https://npb.jp/bis/eng/teams/index_b.html>ORIX</a>,PL
Honda Hitomi,2,0,1,0,0,0,0,45,9.2,13,2,4,5,0,0,0,8,8,7.45,6.57,5.02,1.86,46,174,138,0.88,4.4%,8.9%,11.1%,-2.2%,<a href=https://npb.jp/bis/eng/teams/index_b.html>ORIX</a>,PL
Kaida Tomoyuki,16,0,1,0,5,0,0,43,10.1,8,0,5,4,1,0,0,3,3,2.61,3.35,4.57,1.16,132,89,125,-0.74,0.0%,11.6%,9.3%,2.3%,<a href=https://npb.jp/bis/eng/teams/index_b.html>ORIX</a>,PL
Kaneda Kazuyuki,9,0,0,0,0,0,0,45,10.1,8,3,6,5,0,2,0,5,5,4.35,7.80,4.58,1.26,79,206,125,-3.45,6.7%,13.3%,11.1%,2.2%,<a href=https://npb.jp/bis/eng/teams/index_b.html>ORIX</a>,PL
Masui Hirotoshi,15,3,6,0,1,0,0,309,71.0,77,8,45,29,0,2,2,47,39,4.94,4.66,4.28,1.49,70,123,117,0.28,2.6%,14.6%,9.4%,5.2%,<a href=https://npb.jp/bis/eng/teams/index_b.html>ORIX</a>,PL
Miyagi Hiroya,23,13,4,0,0,0,0,594,147.0,118,9,131,39,1,9,0,44,41,2.51,3.15,3.25,1.07,137,83,89,-0.64,1.5%,22.1%,6.6%,15.5%,<a href=https://npb.jp/bis/eng/teams/index_b.html>ORIX</a>,PL
Muranishi Ryota,18,1,0,1,5,0,0,62,12.0,15,1,7,9,0,2,0,7,5,3.75,5.82,5.12,2.00,92,154,140,-2.07,1.6%,11.3%,14.5%,-3.2%,<a href=https://npb.jp/bis/eng/teams/index_b.html>ORIX</a>,PL
Nakagawa Hayate,1,0,0,0,0,0,0,5,1.0,2,0,0,0,0,0,0,0,0,0.00,3.15,4.80,2.00,999,83,132,-3.15,0.0%,0.0%,0.0%,0.0%,<a href=https://npb.jp/bis/eng/teams/index_b.html>ORIX</a>,PL
Nohmi Atsushi,26,0,0,2,5,0,0,103,22.1,26,2,19,11,2,3,0,11,10,4.03,4.50,4.02,1.66,85,119,110,-0.47,1.9%,18.4%,10.7%,7.7%,<a href=https://npb.jp/bis/eng/teams/index_b.html>ORIX</a>,PL
Saitoh Koki,4,0,0,0,0,0,0,12,2.2,2,1,3,2,0,0,0,3,3,10.13,8.03,3.97,1.50,34,212,109,2.10,8.3%,25.0%,16.7%,8.3%,<a href=https://npb.jp/bis/eng/teams/index_b.html>ORIX</a>,PL
Sakakibara Tsubasa,1,0,0,0,0,0,0,16,2.1,4,0,2,5,0,0,0,4,4,15.43,7.87,6.68,3.86,22,208,183,7.56,0.0%,12.5%,31.2%,-18.7%,<a href=https://npb.jp/bis/eng/teams/index_b.html>ORIX</a>,PL
Sawada Keisuke,14,0,0,0,6,0,0,59,14.0,15,0,14,3,0,1,0,6,6,3.86,2.01,2.94,1.29,89,53,81,1.85,0.0%,23.7%,5.1%,18.6%,<a href=https://npb.jp/bis/eng/teams/index_b.html>ORIX</a>,PL
Sparkman Glenn,6,0,1,0,0,0,0,73,17.0,15,4,14,8,0,1,0,13,13,6.88,6.15,3.98,1.35,50,163,109,0.73,5.5%,19.2%,11.0%,8.2%,<a href=https://npb.jp/bis/eng/teams/index_b.html>ORIX</a>,PL
Suzuki Kohei,34,1,0,2,2,0,0,164,38.2,34,2,28,14,2,1,3,15,13,3.03,3.54,3.95,1.24,114,94,108,-0.51,1.2%,17.1%,8.5%,8.6%,<a href=https://npb.jp/bis/eng/teams/index_b.html>ORIX</a>,PL
Suzuki Yu,11,0,0,0,0,0,0,45,10.0,9,4,10,5,0,2,1,10,10,9.00,8.45,3.69,1.40,38,223,101,0.55,8.9%,22.2%,11.1%,11.1%,<a href=https://npb.jp/bis/eng/teams/index_b.html>ORIX</a>,PL
Tajima Daiki,24,8,8,0,0,0,0,608,143.1,137,10,135,48,1,5,4,62,57,3.58,3.29,3.37,1.29,96,87,92,0.29,1.6%,22.2%,7.9%,14.3%,<a href=https://npb.jp/bis/eng/teams/index_b.html>ORIX</a>,PL
Takeyasu Daichi,17,3,2,0,0,0,0,207,48.2,48,4,26,19,0,1,0,26,24,4.44,4.39,4.46,1.38,77,116,122,0.05,1.9%,12.6%,9.2%,3.4%,<a href=https://npb.jp/bis/eng/teams/index_b.html>ORIX</a>,PL
Tomiyama Ryoga,51,2,1,0,20,0,0,189,46.1,37,2,34,17,0,0,0,16,14,2.72,3.35,3.90,1.17,126,89,107,-0.63,1.1%,18.0%,9.0%,9.0%,<a href=https://npb.jp/bis/eng/teams/index_b.html>ORIX</a>,PL
Urushihara Taisei,34,2,2,2,4,0,0,148,35.2,30,4,23,14,1,1,1,13,12,3.03,4.58,4.19,1.23,114,121,115,-1.55,2.7%,15.5%,9.5%,6.0%,<a href=https://npb.jp/bis/eng/teams/index_b.html>ORIX</a>,PL
Vargas Cesar,5,1,1,0,1,0,0,45,9.0,13,4,7,4,0,1,2,11,11,11.00,9.04,4.13,1.89,31,239,113,1.96,8.9%,15.6%,8.9%,6.7%,<a href=https://npb.jp/bis/eng/teams/index_b.html>ORIX</a>,PL
Yamada Nobuyoshi,43,1,0,0,9,0,0,186,43.2,38,2,35,19,2,1,0,14,11,2.27,3.52,3.94,1.31,152,93,108,-1.25,1.1%,18.8%,10.2%,8.6%,<a href=https://npb.jp/bis/eng/teams/index_b.html>ORIX</a>,PL
Yamamoto Yoshinobu,26,18,5,0,0,6,4,736,193.2,124,7,206,40,1,2,3,37,30,1.39,2.15,2.54,0.85,247,57,70,-0.76,1.0%,28.0%,5.4%,22.6%,<a href=https://npb.jp/bis/eng/teams/index_b.html>ORIX</a>,PL
Yamaoka Taisuke,12,3,4,0,0,0,0,297,69.1,64,7,74,20,0,3,1,30,30,3.89,3.33,2.98,1.21,88,88,82,0.56,2.4%,24.9%,6.7%,18.2%,<a href=https://npb.jp/bis/eng/teams/index_b.html>ORIX</a>,PL
Yamasaki Sachiya,22,8,10,0,0,0,0,473,116.1,111,13,75,24,0,6,2,47,46,3.56,4.09,3.72,1.16,97,108,102,-0.53,2.7%,15.9%,5.1%,10.8%,<a href=https://npb.jp/bis/eng/teams/index_b.html>ORIX</a>,PL
Yamazaki Soichiro,9,2,2,0,0,0,0,169,39.0,32,1,29,20,0,5,0,16,16,3.69,3.92,4.27,1.33,93,104,117,-0.23,0.6%,17.2%,11.8%,5.4%,<a href=https://npb.jp/bis/eng/teams/index_b.html>ORIX</a>,PL
Yoshida Ryo,18,1,1,0,4,0,0,62,17.0,7,3,17,4,0,0,0,5,4,2.12,4.15,2.70,0.65,162,110,74,-2.03,4.8%,27.4%,6.5%,20.9%,<a href=https://npb.jp/bis/eng/teams/index_b.html>ORIX</a>,PL
Azuma Yusuke,37,1,0,0,4,0,0,149,34.1,38,4,29,9,0,2,2,16,11,2.88,3.94,3.46,1.37,126,99,95,-1.06,2.7%,19.5%,6.0%,13.5%,<a href=https://npb.jp/bis/eng/teams/index_m.html>Lotte</a>,PL
Dohi Seiya,1,0,1,0,0,0,0,11,2.0,6,1,0,0,0,0,0,3,3,13.50,9.65,4.80,3.00,27,242,132,3.85,9.1%,0.0%,0.0%,0.0%,<a href=https://npb.jp/bis/eng/teams/index_m.html>Lotte</a>,PL
Doi Hideto,14,0,0,0,0,0,0,65,14.1,15,3,10,11,0,1,0,12,12,7.53,6.99,4.95,1.81,48,175,136,0.54,4.6%,15.4%,16.9%,-1.5%,<a href=https://npb.jp/bis/eng/teams/index_m.html>Lotte</a>,PL
Flores Jose,10,1,0,0,0,0,0,52,13.0,9,0,11,5,1,0,2,3,2,1.38,2.61,3.65,1.08,263,65,100,-1.23,0.0%,21.2%,9.6%,11.6%,<a href=https://npb.jp/bis/eng/teams/index_m.html>Lotte</a>,PL
Futaki Kota,22,5,7,0,0,0,0,494,117.0,119,24,77,28,1,4,3,61,57,4.38,5.32,3.81,1.26,83,133,104,-0.94,4.9%,15.6%,5.7%,9.9%,<a href=https://npb.jp/bis/eng/teams/index_m.html>Lotte</a>,PL
Herrmann Frank,45,1,1,0,24,0,0,189,43.1,47,7,38,13,1,1,3,26,25,5.19,4.47,3.48,1.38,70,112,95,0.72,3.7%,20.1%,6.9%,13.2%,<a href=https://npb.jp/bis/eng/teams/index_m.html>Lotte</a>,PL
Ishikawa Ayumu,12,6,3,0,0,2,0,310,80.0,73,10,42,9,0,0,0,30,30,3.38,4.07,3.74,1.02,108,102,102,-0.69,3.2%,13.5%,2.9%,10.6%,<a href=https://npb.jp/bis/eng/teams/index_m.html>Lotte</a>,PL
Iwashita Daiki,23,8,8,0,1,0,0,514,120.0,110,14,87,46,1,2,7,59,59,4.43,4.42,4.00,1.30,82,111,110,0.01,2.7%,16.9%,8.9%,8.0%,<a href=https://npb.jp/bis/eng/teams/index_m.html>Lotte</a>,PL
Karakawa Yuki,38,4,2,0,22,0,0,150,36.1,29,4,26,13,0,1,1,11,11,2.72,4.31,3.93,1.16,134,108,108,-1.59,2.7%,17.3%,8.7%,8.6%,<a href=https://npb.jp/bis/eng/teams/index_m.html>Lotte</a>,PL
Kawamura Tokito,20,4,1,0,0,0,0,178,41.2,39,4,28,17,3,0,0,16,16,3.46,4.28,4.18,1.34,105,107,115,-0.82,2.2%,15.7%,9.6%,6.1%,<a href=https://npb.jp/bis/eng/teams/index_m.html>Lotte</a>,PL
Kuniyoshi Yuki,25,2,0,2,17,0,0,106,25.0,18,0,19,17,2,0,2,4,4,1.44,3.67,4.61,1.40,252,92,126,-2.23,0.0%,17.9%,16.0%,1.9%,<a href=https://npb.jp/bis/eng/teams/index_m.html>Lotte</a>,PL
Masuda Naoya,67,3,6,38,0,0,0,248,64.1,43,5,68,15,1,0,2,17,16,2.24,2.75,2.66,0.90,162,69,73,-0.51,2.0%,27.4%,6.0%,21.4%,<a href=https://npb.jp/bis/eng/teams/index_m.html>Lotte</a>,PL
Mima Manabu,21,6,7,0,0,0,0,506,115.1,139,15,92,32,1,4,4,72,63,4.92,4.18,3.61,1.48,74,105,99,0.74,3.0%,18.2%,6.3%,11.9%,<a href=https://npb.jp/bis/eng/teams/index_m.html>Lotte</a>,PL
Minami Masaki,1,0,0,0,1,0,0,1,0.1,0,0,1,0,0,0,0,0,0,0.00,-2.85,-5.20,0.00,999,-71,-142,2.85,0.0%,100.0%,0.0%,100.0%,<a href=https://npb.jp/bis/eng/teams/index_m.html>Lotte</a>,PL
Motomae Fumiya,8,1,2,0,0,0,0,164,37.2,41,7,17,15,0,2,0,20,20,4.78,6.02,4.68,1.49,76,151,128,-1.24,4.3%,10.4%,9.1%,1.3%,<a href=https://npb.jp/bis/eng/teams/index_m.html>Lotte</a>,PL
Nakamura Toshiya,14,0,2,0,0,0,0,172,38.0,40,3,27,18,1,1,3,19,13,3.08,4.26,4.28,1.53,118,107,117,-1.18,1.7%,15.7%,10.5%,5.2%,<a href=https://npb.jp/bis/eng/teams/index_m.html>Lotte</a>,PL
Narita Kakeru,3,0,0,0,0,0,0,14,3.0,3,0,3,2,0,0,0,0,0,0.00,3.15,4.09,1.67,999,79,112,-3.15,0.0%,21.4%,14.3%,7.1%,<a href=https://npb.jp/bis/eng/teams/index_m.html>Lotte</a>,PL
Ohmine Yuta,8,1,1,0,0,0,0,51,11.0,15,1,7,2,0,0,2,6,5,4.09,3.61,3.82,1.55,89,90,105,0.48,2.0%,13.7%,3.9%,9.8%,<a href=https://npb.jp/bis/eng/teams/index_m.html>Lotte</a>,PL
Ojima Kazuya,24,10,4,0,0,3,2,606,146.0,123,16,92,51,1,6,2,65,61,3.76,4.49,4.12,1.19,97,112,113,-0.73,2.6%,15.2%,8.4%,6.8%,<a href=https://npb.jp/bis/eng/teams/index_m.html>Lotte</a>,PL
Ono Fumiya,49,0,3,0,8,0,0,220,51.2,37,4,56,26,1,2,5,25,20,3.48,3.62,3.44,1.22,104,91,94,-0.14,1.8%,25.5%,11.8%,13.7%,<a href=https://npb.jp/bis/eng/teams/index_m.html>Lotte</a>,PL
Romero Enny,4,1,0,0,0,0,0,95,23.1,19,2,20,9,0,0,1,4,4,1.54,3.71,3.64,1.20,236,93,100,-2.17,2.1%,21.1%,9.5%,11.6%,<a href=https://npb.jp/bis/eng/teams/index_m.html>Lotte</a>,PL
Sasaki Chihaya,54,8,1,1,26,0,0,222,57.0,36,4,28,14,1,2,0,13,8,1.26,3.92,4.17,0.88,288,98,114,-2.66,1.8%,12.6%,6.3%,6.3%,<a href=https://npb.jp/bis/eng/teams/index_m.html>Lotte</a>,PL
Sasaki Roki,11,3,2,0,0,0,0,258,63.1,51,5,68,16,1,0,3,24,16,2.27,2.79,2.78,1.06,160,70,76,-0.52,1.9%,26.4%,6.2%,20.2%,<a href=https://npb.jp/bis/eng/teams/index_m.html>Lotte</a>,PL
Suzuki Shota,23,1,4,0,1,0,0,341,79.1,78,10,76,28,0,2,2,38,36,4.08,4.01,3.39,1.34,89,100,93,0.07,2.9%,22.3%,8.2%,14.1%,<a href=https://npb.jp/bis/eng/teams/index_m.html>Lotte</a>,PL
Tanaka Yasuhiro,38,1,2,0,10,0,0,156,33.2,42,3,20,13,5,2,3,18,17,4.54,4.46,4.35,1.63,80,112,119,0.08,1.9%,12.8%,8.3%,4.5%,<a href=https://npb.jp/bis/eng/teams/index_m.html>Lotte</a>,PL
Tojo Taiki,5,0,0,0,1,0,0,20,3.1,7,0,0,5,0,0,0,2,2,5.40,7.65,7.30,3.60,67,191,200,-2.25,0.0%,0.0%,25.0%,-25.0%,<a href=https://npb.jp/bis/eng/teams/index_m.html>Lotte</a>,PL
Yokoyama Rikuto,10,0,0,0,0,0,0,48,9.2,14,1,11,3,0,2,0,6,5,4.66,3.77,3.13,1.76,78,94,86,0.89,2.1%,22.9%,6.2%,16.7%,<a href=https://npb.jp/bis/eng/teams/index_m.html>Lotte</a>,PL
Bandoh Yugo,44,0,2,1,16,0,0,165,39.1,28,4,41,17,1,2,1,13,11,2.52,3.84,3.35,1.14,141,99,92,-1.32,2.4%,24.8%,10.3%,14.5%,<a href=https://npb.jp/bis/eng/teams/index_h.html>SoftBank</a>,PL
Furuya Yuto,13,1,1,0,2,0,0,56,13.1,7,0,13,7,0,1,0,4,3,2.03,3.00,3.73,1.05,175,77,102,-0.97,0.0%,23.2%,12.5%,10.7%,<a href=https://npb.jp/bis/eng/teams/index_h.html>SoftBank</a>,PL
Higashihama Nao,14,4,4,0,0,0,0,326,75.1,85,7,61,22,0,3,0,36,31,3.70,3.74,3.60,1.42,96,96,99,-0.04,2.1%,18.7%,6.7%,12.0%,<a href=https://npb.jp/bis/eng/teams/index_h.html>SoftBank</a>,PL
Ishikawa Shuta,28,6,9,0,0,0,0,653,156.1,135,22,134,51,0,17,3,70,59,3.40,4.57,3.53,1.19,104,117,97,-1.17,3.4%,20.5%,7.8%,12.7%,<a href=https://npb.jp/bis/eng/teams/index_h.html>SoftBank</a>,PL
Iwasaki Sho,48,2,5,6,14,0,0,179,45.1,37,7,56,11,2,0,1,21,21,4.17,3.42,2.29,1.06,85,88,63,0.75,3.9%,31.3%,6.1%,25.2%,<a href=https://npb.jp/bis/eng/teams/index_h.html>SoftBank</a>,PL
Izumi Keisuke,31,1,2,0,6,0,0,111,26.1,20,4,30,13,0,3,2,10,8,2.73,4.67,3.27,1.25,130,120,90,-1.94,3.6%,27.0%,11.7%,15.3%,<a href=https://npb.jp/bis/eng/teams/index_h.html>SoftBank</a>,PL
Kaino Hiroshi,22,0,2,1,4,0,0,88,20.2,16,3,25,10,0,2,1,10,10,4.35,4.36,3.10,1.26,82,112,85,-0.01,3.4%,28.4%,11.4%,17.0%,<a href=https://npb.jp/bis/eng/teams/index_h.html>SoftBank</a>,PL
Kasaya Shunsuke,16,3,4,0,0,0,0,262,59.0,52,12,64,35,0,2,0,30,28,4.27,5.51,3.69,1.47,83,141,101,-1.24,4.6%,24.4%,13.4%,11.0%,<a href=https://npb.jp/bis/eng/teams/index_h.html>SoftBank</a>,PL
Kawahara Hiroyuki,3,0,0,0,0,0,0,14,2.1,3,0,2,3,0,1,0,2,2,7.71,6.58,5.51,2.57,46,169,151,1.13,0.0%,14.3%,21.4%,-7.1%,<a href=https://npb.jp/bis/eng/teams/index_h.html>SoftBank</a>,PL
Kayama Shinya,58,1,0,0,19,0,0,121,28.2,22,2,27,13,1,1,0,16,15,4.71,3.64,3.64,1.22,75,93,100,1.07,1.7%,22.3%,10.7%,11.6%,<a href=https://npb.jp/bis/eng/teams/index_h.html>SoftBank</a>,PL
Martinez Nick,21,9,4,0,0,0,0,553,140.2,108,6,138,38,0,5,1,25,25,1.60,2.66,2.99,1.04,222,68,82,-1.06,1.1%,25.0%,6.9%,18.1%,<a href=https://npb.jp/bis/eng/teams/index_h.html>SoftBank</a>,PL
Matsumoto Yuki,33,3,3,0,4,0,0,306,73.2,64,9,59,28,1,2,0,33,31,3.79,4.36,3.79,1.25,94,112,104,-0.57,2.9%,19.3%,9.2%,10.1%,<a href=https://npb.jp/bis/eng/teams/index_h.html>SoftBank</a>,PL
Moinelo Livan,33,1,0,5,14,0,0,128,31.1,15,2,42,19,2,1,0,6,4,1.15,3.22,3.00,1.09,308,83,82,-2.07,1.6%,32.8%,14.8%,18.0%,<a href=https://npb.jp/bis/eng/teams/index_h.html>SoftBank</a>,PL
Mori Yuito,30,1,3,15,0,0,0,118,29.0,20,6,26,10,0,0,0,13,13,4.03,5.08,3.44,1.03,88,130,94,-1.05,5.1%,22.0%,8.5%,13.5%,<a href=https://npb.jp/bis/eng/teams/index_h.html>SoftBank</a>,PL
Niho Akira,2,0,1,0,0,0,0,53,11.1,12,0,8,5,0,1,0,7,6,4.76,3.33,4.23,1.50,74,85,116,1.43,0.0%,15.1%,9.4%,5.7%,<a href=https://npb.jp/bis/eng/teams/index_h.html>SoftBank</a>,PL
Ogata Shuto,8,0,0,0,0,0,0,34,10.1,3,1,9,2,0,0,0,1,1,0.87,3.25,2.74,0.48,408,83,75,-2.38,2.9%,26.5%,5.9%,20.6%,<a href=https://npb.jp/bis/eng/teams/index_h.html>SoftBank</a>,PL
Ohtake Koutaro,2,0,1,0,1,0,0,22,4.0,7,0,1,3,0,0,0,7,7,15.75,4.90,5.71,2.50,23,126,156,10.85,0.0%,4.5%,13.6%,-9.1%,<a href=https://npb.jp/bis/eng/teams/index_h.html>SoftBank</a>,PL
Ohzeki Tomohisa,12,0,0,0,0,0,0,88,23.0,12,1,13,10,0,2,0,6,6,2.35,4.15,4.46,0.96,151,106,122,-1.80,1.1%,14.8%,11.4%,3.4%,<a href=https://npb.jp/bis/eng/teams/index_h.html>SoftBank</a>,PL
Rea Colin,6,3,1,0,0,1,1,150,40.0,22,3,38,13,0,3,0,10,9,2.03,3.43,3.13,0.88,175,88,86,-1.40,2.0%,25.3%,8.7%,16.6%,<a href=https://npb.jp/bis/eng/teams/index_h.html>SoftBank</a>,PL
Senga Koudai,13,10,3,0,0,0,0,340,84.2,60,2,90,27,0,2,7,25,25,2.66,2.36,2.95,1.03,133,61,81,0.30,0.6%,26.5%,7.9%,18.6%,<a href=https://npb.jp/bis/eng/teams/index_h.html>SoftBank</a>,PL
Stewart Jr. Carter,11,0,2,0,1,0,0,112,23.2,21,0,36,21,0,1,4,18,16,6.08,2.90,3.46,1.77,58,74,95,3.18,0.0%,32.1%,18.8%,13.3%,<a href=https://npb.jp/bis/eng/teams/index_h.html>SoftBank</a>,PL
Sugiyama Kazuki,15,2,2,0,1,0,0,117,25.1,13,1,29,31,0,2,1,9,9,3.20,5.28,4.97,1.74,111,135,136,-2.08,0.9%,24.8%,26.5%,-1.7%,<a href=https://npb.jp/bis/eng/teams/index_h.html>SoftBank</a>,PL
Takahashi Jumpei,10,1,1,0,2,0,0,46,11.0,6,0,9,6,0,1,2,1,0,0.00,3.43,4.15,1.09,999,88,114,-3.43,0.0%,19.6%,13.0%,6.6%,<a href=https://npb.jp/bis/eng/teams/index_h.html>SoftBank</a>,PL
Takahashi Rei,11,1,1,0,0,0,0,168,34.0,31,3,14,32,0,6,0,25,22,5.82,6.83,5.87,1.85,61,175,161,-1.01,1.8%,8.3%,19.0%,-10.7%,<a href=https://npb.jp/bis/eng/teams/index_h.html>SoftBank</a>,PL
Takeda Shota,12,4,5,0,0,1,0,314,77.1,66,7,73,24,0,2,2,23,23,2.68,3.45,3.24,1.16,132,89,89,-0.77,2.2%,23.2%,7.6%,15.6%,<a href=https://npb.jp/bis/eng/teams/index_h.html>SoftBank</a>,PL
Tanaka Seigi,18,0,0,0,1,0,0,67,16.2,9,2,14,8,0,0,3,5,4,2.16,4.47,3.90,1.02,164,115,107,-2.31,3.0%,20.9%,11.9%,9.0%,<a href=https://npb.jp/bis/eng/teams/index_h.html>SoftBank</a>,PL
Taura Fumimaru,19,1,0,0,1,0,0,90,21.1,22,1,17,7,1,0,2,8,8,3.38,3.15,3.69,1.36,105,81,101,0.23,1.1%,18.9%,7.8%,11.1%,<a href=https://npb.jp/bis/eng/teams/index_h.html>SoftBank</a>,PL
Tsumori Yuki,45,1,0,0,11,0,0,132,33.0,24,2,43,8,1,2,0,8,8,2.18,2.24,2.15,0.97,163,57,59,-0.06,1.5%,32.6%,6.1%,26.5%,<a href=https://npb.jp/bis/eng/teams/index_h.html>SoftBank</a>,PL
Wada Tsuyoshi,18,5,6,0,0,0,0,396,94.1,95,14,83,27,1,3,0,49,47,4.48,4.28,3.39,1.29,79,110,93,0.20,3.5%,21.0%,6.8%,14.2%,<a href=https://npb.jp/bis/eng/teams/index_h.html>SoftBank</a>,PL
Watanabe Yuta,6,0,0,0,1,0,0,18,4.0,6,0,4,1,0,0,0,2,2,4.50,1.90,3.13,1.75,79,49,86,2.60,0.0%,22.2%,5.6%,16.6%,<a href=https://npb.jp/bis/eng/teams/index_h.html>SoftBank</a>,PL
Anraku Tomohiro,58,3,3,2,22,0,0,240,56.1,45,4,50,33,0,2,1,13,13,2.08,4.16,4.09,1.38,167,109,112,-2.08,1.7%,20.8%,13.8%,7.0%,<a href=https://npb.jp/bis/eng/teams/index_e.html>Rakuten</a>,PL
Busenitz Alan,31,1,0,0,4,0,0,124,29.0,32,1,23,9,0,0,2,16,16,4.97,2.95,3.67,1.41,70,77,101,2.02,0.8%,18.5%,7.3%,11.2%,<a href=https://npb.jp/bis/eng/teams/index_e.html>Rakuten</a>,PL
Fukui Yuya,19,0,0,0,0,0,0,82,20.1,17,3,21,6,0,0,1,10,10,4.43,3.89,2.97,1.13,78,102,81,0.54,3.7%,25.6%,7.3%,18.3%,<a href=https://npb.jp/bis/eng/teams/index_e.html>Rakuten</a>,PL
Fukuyama Hiroyuki,24,0,2,0,4,0,0,101,22.2,23,3,13,12,0,0,0,6,6,2.38,5.31,4.70,1.54,146,139,129,-2.93,3.0%,12.9%,11.9%,1.0%,<a href=https://npb.jp/bis/eng/teams/index_e.html>Rakuten</a>,PL
Hayakawa Takahisa,24,9,7,0,0,1,1,565,137.2,132,11,127,30,1,2,2,59,59,3.86,3.04,3.08,1.18,90,80,84,0.82,1.9%,22.5%,5.3%,17.2%,<a href=https://npb.jp/bis/eng/teams/index_e.html>Rakuten</a>,PL
Ishibashi Ryota,3,0,1,0,0,0,0,56,13.0,12,2,4,6,0,1,2,5,5,3.46,6.15,5.16,1.38,100,161,141,-2.69,3.6%,7.1%,10.7%,-3.6%,<a href=https://npb.jp/bis/eng/teams/index_e.html>Rakuten</a>,PL
Kamata Yoshinao,1,0,0,0,0,0,0,19,4.0,8,1,2,1,0,0,0,5,5,11.25,6.15,4.27,2.25,31,161,117,5.10,5.3%,10.5%,5.3%,5.2%,<a href=https://npb.jp/bis/eng/teams/index_e.html>Rakuten</a>,PL
Kishi Takayuki,25,9,10,0,0,1,1,620,149.0,149,17,131,34,0,1,1,62,57,3.44,3.58,3.24,1.23,101,94,89,-0.14,2.7%,21.1%,5.5%,15.6%,<a href=https://npb.jp/bis/eng/teams/index_e.html>Rakuten</a>,PL
Makita Kazuhisa,17,0,0,0,2,0,0,72,16.1,17,2,5,3,0,1,0,10,6,3.31,4.87,4.52,1.22,105,127,124,-1.56,2.8%,6.9%,4.2%,2.7%,<a href=https://npb.jp/bis/eng/teams/index_e.html>Rakuten</a>,PL
Matsui Yuki,43,0,2,24,0,0,0,172,43.0,22,1,59,21,1,1,1,3,3,0.63,2.25,2.59,1.00,552,59,71,-1.62,0.6%,34.3%,12.2%,22.1%,<a href=https://npb.jp/bis/eng/teams/index_e.html>Rakuten</a>,PL
Morihara Kohei,34,0,0,0,3,0,0,132,32.1,29,3,30,8,2,0,0,10,10,2.78,3.25,3.13,1.14,125,85,86,-0.47,2.3%,22.7%,6.1%,16.6%,<a href=https://npb.jp/bis/eng/teams/index_e.html>Rakuten</a>,PL
Nishiguchi Naoto,33,5,2,0,3,0,0,239,57.2,46,7,55,23,2,2,1,23,21,3.28,4.12,3.46,1.20,106,108,95,-0.84,2.9%,23.0%,9.6%,13.4%,<a href=https://npb.jp/bis/eng/teams/index_e.html>Rakuten</a>,PL
Norimoto Takahiro,23,11,5,0,0,2,1,584,144.2,123,18,152,35,0,3,3,56,51,3.17,3.46,2.80,1.09,110,91,77,-0.29,3.1%,26.0%,6.0%,20.0%,<a href=https://npb.jp/bis/eng/teams/index_e.html>Rakuten</a>,PL
Sakai Tomohito,54,4,3,3,28,0,0,206,51.1,33,3,44,24,1,0,1,15,13,2.28,3.60,3.83,1.11,152,94,105,-1.32,1.5%,21.4%,11.7%,9.7%,<a href=https://npb.jp/bis/eng/teams/index_e.html>Rakuten</a>,PL
Shiomi Takahiro,1,0,0,0,0,0,0,21,5.0,5,0,4,1,0,0,0,2,2,3.60,2.15,3.37,1.20,97,56,92,1.45,0.0%,19.0%,4.8%,14.2%,<a href=https://npb.jp/bis/eng/teams/index_e.html>Rakuten</a>,PL
Sugahara Shu,1,0,0,0,0,0,0,16,2.2,2,0,0,5,0,1,1,5,5,16.88,9.90,7.92,2.63,21,259,217,6.98,0.0%,0.0%,31.2%,-31.2%,<a href=https://npb.jp/bis/eng/teams/index_e.html>Rakuten</a>,PL
Sung Chia-Hao,63,3,3,7,24,0,0,246,60.2,46,2,49,23,2,2,1,18,15,2.23,3.20,3.74,1.14,156,84,102,-0.97,0.8%,19.9%,9.3%,10.6%,<a href=https://npb.jp/bis/eng/teams/index_e.html>Rakuten</a>,PL
Suzuki Sora,5,0,0,0,0,0,0,19,4.1,3,0,5,4,0,0,1,0,0,0.00,3.61,4.27,1.62,999,95,117,-3.61,0.0%,26.3%,21.1%,5.2%,<a href=https://npb.jp/bis/eng/teams/index_e.html>Rakuten</a>,PL
Takada Koichi,3,0,0,0,0,0,0,28,6.2,6,1,6,1,0,1,0,2,1,1.35,4.20,3.01,1.05,257,110,82,-2.85,3.6%,21.4%,3.6%,17.8%,<a href=https://npb.jp/bis/eng/teams/index_e.html>Rakuten</a>,PL
Takata Hosei,4,0,1,0,0,0,0,39,7.2,13,1,8,5,0,0,1,9,8,9.39,4.72,4.03,2.35,37,124,110,4.67,2.6%,20.5%,12.8%,7.7%,<a href=https://npb.jp/bis/eng/teams/index_e.html>Rakuten</a>,PL
Takinaka Ryota,20,10,5,0,0,0,0,427,103.2,97,10,75,27,0,4,0,40,37,3.21,3.86,3.68,1.20,108,101,101,-0.65,2.3%,17.6%,6.3%,11.3%,<a href=https://npb.jp/bis/eng/teams/index_e.html>Rakuten</a>,PL
Tanaka Masahiro,23,4,9,0,0,1,0,624,155.2,131,17,126,29,0,5,6,54,52,3.01,3.61,3.25,1.03,115,95,89,-0.60,2.7%,20.2%,4.6%,15.6%,<a href=https://npb.jp/bis/eng/teams/index_e.html>Rakuten</a>,PL
Tsurusaki Taisei,11,0,0,0,1,0,0,47,10.2,11,0,7,5,1,0,0,6,6,5.06,3.25,4.37,1.50,69,85,120,1.81,0.0%,14.9%,10.6%,4.3%,<a href=https://npb.jp/bis/eng/teams/index_e.html>Rakuten</a>,PL
Uchima Takuma,11,0,0,0,0,0,0,45,10.2,9,0,16,4,0,1,0,7,7,5.91,1.56,2.13,1.22,59,41,58,4.35,0.0%,35.6%,8.9%,26.7%,<a href=https://npb.jp/bis/eng/teams/index_e.html>Rakuten</a>,PL
Wakui Hideaki,21,6,8,0,0,0,0,420,96.1,110,7,76,26,0,2,4,57,54,5.04,3.39,3.61,1.41,69,89,99,1.65,1.7%,18.1%,6.2%,11.9%,<a href=https://npb.jp/bis/eng/teams/index_e.html>Rakuten</a>,PL
Watanabe Yuki,9,0,0,0,2,0,0,23,5.0,5,1,4,2,0,2,0,3,3,5.40,6.55,3.93,1.40,64,171,108,-1.15,4.3%,17.4%,8.7%,8.7%,<a href=https://npb.jp/bis/eng/teams/index_e.html>Rakuten</a>,PL
Yuge Hayato,5,1,1,0,0,0,0,65,13.2,20,0,6,6,0,1,0,11,11,7.24,3.81,4.80,1.90,48,100,132,3.43,0.0%,9.2%,9.2%,0.0%,<a href=https://npb.jp/bis/eng/teams/index_e.html>Rakuten</a>,PL
Dermody Matt,11,0,2,0,0,0,0,151,33.1,46,2,22,13,0,0,0,22,19,5.13,3.78,4.20,1.77,70,96,115,1.35,1.3%,14.6%,8.6%,6.0%,<a href=https://npb.jp/bis/eng/teams/index_l.html>Seibu</a>,PL
Garrett Reed,61,4,3,2,17,0,0,258,57.1,57,6,59,33,0,0,3,28,24,3.77,4.18,3.79,1.57,95,106,104,-0.41,2.3%,22.9%,12.8%,10.1%,<a href=https://npb.jp/bis/eng/teams/index_l.html>Seibu</a>,PL
Hamaya Shota,8,1,6,0,0,0,0,174,36.2,39,8,26,26,0,4,4,27,27,6.63,7.03,4.80,1.77,54,178,132,-0.40,4.6%,14.9%,14.9%,0.0%,<a href=https://npb.jp/bis/eng/teams/index_l.html>Seibu</a>,PL
Hirai Katsunori,25,4,4,0,2,0,0,327,74.2,85,7,55,19,0,6,2,40,35,4.22,3.90,3.70,1.39,85,99,101,0.32,2.1%,16.8%,5.8%,11.0%,<a href=https://npb.jp/bis/eng/teams/index_l.html>Seibu</a>,PL
Honda Keisuke,6,0,3,0,0,0,0,111,25.2,23,3,9,14,0,0,2,14,12,4.21,5.61,5.25,1.44,85,142,144,-1.40,2.7%,8.1%,12.6%,-4.5%,<a href=https://npb.jp/bis/eng/teams/index_l.html>Seibu</a>,PL
Imai Tatsuya,25,8,8,0,0,3,1,682,158.1,123,15,137,99,1,11,11,66,58,3.30,4.74,4.24,1.40,109,120,116,-1.44,2.2%,20.1%,14.5%,5.6%,<a href=https://npb.jp/bis/eng/teams/index_l.html>Seibu</a>,PL
Inoue Hiroki,4,0,0,0,0,0,0,28,4.1,9,1,5,6,0,0,0,5,5,10.38,8.00,5.16,3.46,35,202,141,2.38,3.6%,17.9%,21.4%,-3.5%,<a href=https://npb.jp/bis/eng/teams/index_l.html>Seibu</a>,PL
Itoh Sho,13,0,1,0,2,0,0,91,18.0,22,2,9,16,0,2,2,9,8,4.00,6.60,5.57,2.11,90,167,153,-2.60,2.2%,9.9%,17.6%,-7.7%,<a href=https://npb.jp/bis/eng/teams/index_l.html>Seibu</a>,PL
Kumon Katsuhiko,14,0,0,0,3,0,0,43,11.1,8,0,8,3,0,0,0,1,1,0.79,2.54,3.64,0.97,456,64,100,-1.75,0.0%,18.6%,7.0%,11.6%,<a href=https://npb.jp/bis/eng/teams/index_l.html>Seibu</a>,PL
Masuda Tatsushi,33,0,3,8,9,0,0,131,30.2,32,4,23,7,1,1,1,17,17,4.99,4.13,3.58,1.27,72,104,98,0.86,3.1%,17.6%,5.3%,12.3%,<a href=https://npb.jp/bis/eng/teams/index_l.html>Seibu</a>,PL
Matsumoto Wataru,28,10,8,0,0,1,1,638,149.2,137,15,130,64,0,4,4,63,63,3.79,4.08,3.77,1.34,95,103,103,-0.29,2.4%,20.4%,10.0%,10.4%,<a href=https://npb.jp/bis/eng/teams/index_l.html>Seibu</a>,PL
Matsuoka Kouki,5,0,0,0,0,0,0,22,4.0,5,0,1,5,0,1,0,5,5,11.25,7.15,6.62,2.50,32,181,181,4.10,0.0%,4.5%,22.7%,-18.2%,<a href=https://npb.jp/bis/eng/teams/index_l.html>Seibu</a>,PL
Matsuzaka Daisuke,1,0,0,0,0,0,0,1,0.0,0,0,0,1,0,0,0,0,0,0.00,,14.80,,999,,405,-inf,0.0%,0.0%,100.0%,-100.0%,<a href=https://npb.jp/bis/eng/teams/index_l.html>Seibu</a>,PL
Miyagawa Tetsu,29,1,2,0,6,0,0,117,24.2,23,4,30,18,0,3,5,18,18,6.57,5.38,3.77,1.66,55,136,103,1.19,3.4%,25.6%,15.4%,10.2%,<a href=https://npb.jp/bis/eng/teams/index_l.html>Seibu</a>,PL
Mizukami Yoshinobu,29,0,1,0,4,0,0,114,27.0,19,1,22,16,0,1,0,7,7,2.33,3.89,4.27,1.30,154,98,117,-1.56,0.9%,19.3%,14.0%,5.3%,<a href=https://npb.jp/bis/eng/teams/index_l.html>Seibu</a>,PL
Moriwaki Ryosuke,45,3,1,1,13,0,0,184,40.1,42,3,29,22,1,2,3,18,18,4.02,4.47,4.42,1.59,90,113,121,-0.45,1.6%,15.8%,12.0%,3.8%,<a href=https://npb.jp/bis/eng/teams/index_l.html>Seibu</a>,PL
Neal Zach,11,1,6,0,0,0,0,262,60.0,76,3,26,15,0,3,3,41,39,5.85,3.84,4.38,1.52,62,97,120,2.01,1.1%,9.9%,5.7%,4.2%,<a href=https://npb.jp/bis/eng/teams/index_l.html>Seibu</a>,PL
Ogawa Ryuya,5,0,0,0,0,0,0,11,2.0,2,1,1,3,0,0,0,2,2,9.00,13.15,6.62,2.50,40,332,181,-4.15,9.1%,9.1%,27.3%,-18.2%,<a href=https://npb.jp/bis/eng/teams/index_l.html>Seibu</a>,PL
Omagari Ren,4,0,0,0,1,0,0,13,4.0,1,0,2,2,0,0,0,0,0,0.00,3.65,4.80,0.75,999,92,132,-3.65,0.0%,15.4%,15.4%,0.0%,<a href=https://npb.jp/bis/eng/teams/index_l.html>Seibu</a>,PL
Sano Yasuo,23,0,0,0,2,0,0,84,18.1,22,1,7,8,1,2,1,10,10,4.91,4.73,4.92,1.64,73,120,135,0.18,1.2%,8.3%,9.5%,-1.2%,<a href=https://npb.jp/bis/eng/teams/index_l.html>Seibu</a>,PL
Sasaki Takeru,5,0,0,0,0,0,0,46,8.2,13,1,4,8,0,1,0,9,8,8.31,6.85,5.67,2.42,43,173,155,1.46,2.2%,8.7%,17.4%,-8.7%,<a href=https://npb.jp/bis/eng/teams/index_l.html>Seibu</a>,PL
Taira Kaima,62,3,4,20,21,0,0,247,60.0,36,0,70,28,2,5,3,6,6,0.90,2.47,3.10,1.07,400,62,85,-1.57,0.0%,28.3%,11.3%,17.0%,<a href=https://npb.jp/bis/eng/teams/index_l.html>Seibu</a>,PL
Takahashi Kona,27,11,9,0,0,0,0,728,173.2,157,23,127,62,0,6,13,81,73,3.78,4.59,3.91,1.26,95,116,107,-0.81,3.2%,17.4%,8.5%,8.9%,<a href=https://npb.jp/bis/eng/teams/index_l.html>Seibu</a>,PL
Takekuma Shota,46,0,2,0,9,0,0,120,30.2,17,2,25,14,1,0,0,7,6,1.76,3.74,3.88,1.01,204,95,106,-1.98,1.7%,20.8%,11.7%,9.1%,<a href=https://npb.jp/bis/eng/teams/index_l.html>Seibu</a>,PL
Tamura Ichiro,22,1,0,1,0,0,0,130,31.0,17,2,20,16,2,4,0,10,10,2.90,4.64,4.49,1.06,124,117,123,-1.74,1.5%,15.4%,12.3%,3.1%,<a href=https://npb.jp/bis/eng/teams/index_l.html>Seibu</a>,PL
Togame Ken,40,1,1,0,8,0,0,176,40.0,41,1,26,19,0,2,0,18,15,3.38,3.75,4.40,1.50,106,95,121,-0.37,0.6%,14.8%,10.8%,4.0%,<a href=https://npb.jp/bis/eng/teams/index_l.html>Seibu</a>,PL
Uema Towa,5,1,1,0,0,0,0,94,21.1,26,3,10,9,0,0,1,15,15,6.33,5.31,4.69,1.64,57,134,128,1.02,3.2%,10.6%,9.6%,1.0%,<a href=https://npb.jp/bis/eng/teams/index_l.html>Seibu</a>,PL
Utsumi Tetsuya,2,1,0,0,0,0,0,36,7.0,11,2,3,5,0,0,1,6,6,7.71,8.15,5.36,2.29,47,206,147,-0.44,5.6%,8.3%,13.9%,-5.6%,<a href=https://npb.jp/bis/eng/teams/index_l.html>Seibu</a>,PL
Watanabe Yutaro,17,4,4,0,2,0,0,232,55.0,43,3,33,30,0,3,4,24,21,3.44,4.46,4.67,1.33,105,113,128,-1.02,1.3%,14.2%,12.9%,1.3%,<a href=https://npb.jp/bis/eng/teams/index_l.html>Seibu</a>,PL
Yoshikawa Mitsuo,5,0,0,0,0,0,0,26,4.1,8,1,0,6,0,0,0,8,8,16.62,10.31,7.11,3.23,22,261,195,6.31,3.8%,0.0%,23.1%,-23.1%,<a href=https://npb.jp/bis/eng/teams/index_l.html>Seibu</a>,PL
Yoza Kaito,15,1,1,0,1,0,0,157,38.2,31,3,28,10,0,4,0,12,12,2.79,3.80,3.65,1.06,129,96,100,-1.01,1.9%,17.8%,6.4%,11.4%,<a href=https://npb.jp/bis/eng/teams/index_l.html>Seibu</a>,PL
Akiyoshi Ryo,10,0,0,0,0,0,0,42,10.0,7,0,8,4,1,0,0,3,3,2.70,2.75,3.85,1.10,129,72,105,-0.05,0.0%,19.0%,9.5%,9.5%,<a href=https://npb.jp/bis/eng/teams/index_f.html>Nipponham</a>,PL
Erlin Robbie,11,2,3,0,0,0,0,161,38.0,40,3,33,11,0,2,0,15,14,3.32,3.47,3.43,1.34,105,90,94,-0.15,1.9%,20.5%,6.8%,13.7%,<a href=https://npb.jp/bis/eng/teams/index_f.html>Nipponham</a>,PL
Fukuda Suguru,5,0,0,0,0,0,0,25,4.2,9,1,3,1,0,0,1,8,6,11.57,5.30,4.00,2.14,30,138,110,6.27,4.0%,12.0%,4.0%,8.0%,<a href=https://npb.jp/bis/eng/teams/index_f.html>Nipponham</a>,PL
Hasegawa Ryota,5,0,0,0,2,0,0,16,3.2,2,0,1,3,0,0,0,3,3,7.36,5.06,6.05,1.36,47,132,166,2.30,0.0%,6.2%,18.8%,-12.6%,<a href=https://npb.jp/bis/eng/teams/index_f.html>Nipponham</a>,PL
Hori Mizuki,60,3,2,0,39,0,0,229,53.1,36,3,56,30,1,4,3,14,14,2.36,3.70,3.66,1.24,148,96,100,-1.34,1.3%,24.5%,13.1%,11.4%,<a href=https://npb.jp/bis/eng/teams/index_f.html>Nipponham</a>,PL
Iguchi Kazutomo,43,1,2,0,11,0,0,151,38.2,24,4,33,10,0,2,0,11,8,1.86,3.72,3.28,0.88,188,97,90,-1.86,2.6%,21.9%,6.6%,15.3%,<a href=https://npb.jp/bis/eng/teams/index_f.html>Nipponham</a>,PL
Ikeda Takahide,18,3,10,0,1,0,0,364,82.1,88,11,52,35,0,5,4,42,36,3.94,5.08,4.33,1.49,89,132,119,-1.14,3.0%,14.3%,9.6%,4.7%,<a href=https://npb.jp/bis/eng/teams/index_f.html>Nipponham</a>,PL
Itoh Hiromi,23,10,9,0,0,1,1,610,146.0,125,8,141,53,1,6,1,51,47,2.90,3.15,3.36,1.22,120,82,92,-0.25,1.3%,23.1%,8.7%,14.4%,<a href=https://npb.jp/bis/eng/teams/index_f.html>Nipponham</a>,PL
Kaneko Chihiro,8,0,4,0,0,0,0,149,33.1,42,4,22,13,1,3,3,23,23,6.21,4.83,4.20,1.65,56,126,115,1.38,2.7%,14.8%,8.7%,6.1%,<a href=https://npb.jp/bis/eng/teams/index_f.html>Nipponham</a>,PL
Katoh Takayuki,25,6,7,0,0,1,1,595,150.0,136,13,102,21,1,3,2,61,57,3.42,3.40,3.44,1.05,102,89,94,0.02,2.2%,17.1%,3.5%,13.6%,<a href=https://npb.jp/bis/eng/teams/index_f.html>Nipponham</a>,PL
Kawano Ryusei,40,3,6,0,9,0,0,376,90.1,74,7,68,31,2,4,4,35,30,2.99,3.82,3.82,1.16,117,99,105,-0.83,1.9%,18.1%,8.2%,9.9%,<a href=https://npb.jp/bis/eng/teams/index_f.html>Nipponham</a>,PL
Kitaura Ryuji,3,0,0,0,0,0,0,23,5.1,5,1,4,2,0,0,0,2,2,3.38,5.22,3.93,1.31,103,136,108,-1.84,4.3%,17.4%,8.7%,8.7%,<a href=https://npb.jp/bis/eng/teams/index_f.html>Nipponham</a>,PL
Kumon Katsuhiko,10,0,0,0,0,0,0,34,7.1,12,1,6,2,0,1,0,3,3,3.68,4.52,3.62,1.91,95,118,99,-0.84,2.9%,17.6%,5.9%,11.7%,<a href=https://npb.jp/bis/eng/teams/index_f.html>Nipponham</a>,PL
Miyanishi Naoki,50,1,2,0,15,0,0,189,44.1,42,3,49,15,1,4,3,20,18,3.65,3.11,3.00,1.29,96,81,82,0.54,1.6%,25.9%,7.9%,18.0%,<a href=https://npb.jp/bis/eng/teams/index_f.html>Nipponham</a>,PL
Mochizuki Daiki,2,0,0,0,0,0,0,16,4.0,2,0,1,3,0,0,0,1,1,2.25,4.90,6.05,1.25,155,128,166,-2.65,0.0%,6.2%,18.8%,-12.6%,<a href=https://npb.jp/bis/eng/teams/index_f.html>Nipponham</a>,PL
Murata Toru,8,0,0,0,0,0,0,53,9.2,18,1,5,9,0,0,1,10,10,9.31,6.26,5.55,2.79,38,163,152,3.05,1.9%,9.4%,17.0%,-7.6%,<a href=https://npb.jp/bis/eng/teams/index_f.html>Nipponham</a>,PL
Nabatame Tsubasa,1,1,0,0,0,0,0,22,6.0,1,0,5,3,0,1,0,1,1,1.50,3.49,3.89,0.67,233,91,107,-1.99,0.0%,22.7%,13.6%,9.1%,<a href=https://npb.jp/bis/eng/teams/index_f.html>Nipponham</a>,PL
Nishimura Takahiro,27,0,0,0,1,0,0,139,31.0,33,2,32,12,2,3,0,16,12,3.48,3.38,3.36,1.45,100,88,92,0.10,1.4%,23.0%,8.6%,14.4%,<a href=https://npb.jp/bis/eng/teams/index_f.html>Nipponham</a>,PL
Rodriguez Bryan,47,0,2,3,24,0,0,194,46.0,40,4,34,20,2,3,0,17,14,2.74,4.31,4.08,1.30,127,112,112,-1.57,2.1%,17.5%,10.3%,7.2%,<a href=https://npb.jp/bis/eng/teams/index_f.html>Nipponham</a>,PL
Saitoh Yuki,1,0,0,0,0,0,0,1,0.0,0,0,0,1,0,0,0,0,0,0.00,,14.80,,999,,405,-inf,0.0%,0.0%,100.0%,-100.0%,<a href=https://npb.jp/bis/eng/teams/index_f.html>Nipponham</a>,PL
Sugiura Toshihiro,56,3,3,28,1,0,0,221,54.2,34,9,69,24,3,1,4,18,18,2.96,4.14,2.76,1.06,118,108,76,-1.18,4.1%,31.2%,10.9%,20.3%,<a href=https://npb.jp/bis/eng/teams/index_f.html>Nipponham</a>,PL
Suzuki Kenya,21,0,0,0,0,0,0,84,19.1,17,1,11,7,2,3,0,10,9,4.19,4.24,4.32,1.24,83,110,118,-0.05,1.2%,13.1%,8.3%,4.8%,<a href=https://npb.jp/bis/eng/teams/index_f.html>Nipponham</a>,PL
Tamai Taisho,50,0,0,0,8,0,0,185,42.2,41,2,23,19,2,4,1,18,15,3.16,4.30,4.58,1.41,111,112,125,-1.14,1.1%,12.4%,10.3%,2.1%,<a href=https://npb.jp/bis/eng/teams/index_f.html>Nipponham</a>,PL
Tanigawa Masaki,9,1,0,0,0,0,0,43,10.1,9,1,8,4,0,0,1,7,6,5.23,4.02,3.87,1.26,67,105,106,1.21,2.3%,18.6%,9.3%,9.3%,<a href=https://npb.jp/bis/eng/teams/index_f.html>Nipponham</a>,PL
Tateno Kazuaki,11,4,3,0,0,0,0,224,55.0,39,3,47,23,0,3,1,16,15,2.45,3.57,3.73,1.13,143,93,102,-1.12,1.3%,21.0%,10.3%,10.7%,<a href=https://npb.jp/bis/eng/teams/index_f.html>Nipponham</a>,PL
Uehara Kenta,11,0,0,0,0,0,0,47,11.1,8,0,11,6,1,0,0,5,5,3.97,2.80,3.74,1.24,88,73,102,1.17,0.0%,23.4%,12.8%,10.6%,<a href=https://npb.jp/bis/eng/teams/index_f.html>Nipponham</a>,PL
Uwasawa Naoyuki,24,12,6,0,0,1,0,643,160.1,119,8,135,48,1,4,5,53,50,2.81,3.09,3.45,1.04,124,80,95,-0.28,1.2%,21.0%,7.5%,13.5%,<a href=https://npb.jp/bis/eng/teams/index_f.html>Nipponham</a>,PL
VerHagen Drew,20,5,8,0,0,0,0,407,96.0,90,7,100,33,1,6,1,45,41,3.84,3.24,3.15,1.28,91,84,86,0.60,1.7%,24.6%,8.1%,16.5%,<a href=https://npb.jp/bis/eng/teams/index_f.html>Nipponham</a>,PL
Yoshida Kosei,1,0,1,0,0,0,0,14,2.0,4,1,2,3,0,0,0,7,2,9.00,12.15,5.51,3.50,39,316,151,-3.15,7.1%,14.3%,21.4%,-7.1%,<a href=https://npb.jp/bis/eng/teams/index_f.html>Nipponham</a>,PL
