Pitcher,G,W,L,SV,CG,SHO,PCT,BF,IP,,H,HR,BB,IBB,HB,SO,WP,BK,R,ER,ERA,Team,
Beasley Jeremy,12,5,2,0,0,0,.714,271,70,,44,1,23,0,4,79,3,2,13,8,1.03,Hanshin Tigers,
Betances Jose,18,2,1,0,0,0,.667,133,28,.1,23,1,23,0,7,25,5,0,18,16,5.08,Hanshin Tigers,
Dolis Rafael,2,0,0,0,0,0,.000,8,2,,1,0,0,0,0,2,0,0,0,0,0.00,Hanshin Tigers,
Duplantier Jon,3,1,0,0,0,0,1.000,41,10,.2,6,0,4,0,0,15,0,0,0,0,0.00,Hanshin Tigers,
Guerra Javy,31,1,4,3,0,0,.200,140,30,.1,35,0,12,0,2,33,6,0,17,10,2.97,Hanshin Tigers,
Hartwig Grant,1,0,0,0,0,0,.000,3,1,,0,0,0,0,0,3,0,0,0,0,0.00,Hanshin Tigers,
Hatake Seishu,9,0,0,0,0,0,.000,38,7,.2,12,1,6,1,0,6,3,0,5,4,4.70,Hanshin Tigers,
Hayakawa Daiki,16,8,1,0,0,0,.889,316,76,.2,67,5,19,0,3,51,1,0,26,24,2.82,Hanshin Tigers,
Ibaragi Hidetoshi,4,0,2,0,0,0,.000,65,14,.1,15,2,8,0,1,12,2,0,12,11,6.91,Hanshin Tigers,
Ihara Takato,1,0,0,0,0,0,.000,3,1,,0,0,0,0,0,1,0,0,0,0,0.00,Hanshin Tigers,
Ishiguro Yuya,14,1,1,3,0,0,.500,57,14,,9,0,6,0,0,15,0,0,4,2,1.29,Hanshin Tigers,
Ishii Daichi,1,0,0,0,0,0,.000,3,1,,0,0,0,0,0,3,0,0,0,0,0.00,Hanshin Tigers,
Itoh Masashi,8,3,1,0,0,0,.750,182,44,,47,1,8,0,2,33,0,0,16,15,3.07,Hanshin Tigers,
Itoh Ryo,18,4,7,0,0,0,.364,341,78,,75,3,39,0,3,48,4,1,30,29,3.35,Hanshin Tigers,
Iwasada Yuta,16,1,0,0,0,0,1.000,61,16,,9,0,4,0,0,13,1,0,1,0,0.00,Hanshin Tigers,
Kawahara Riku,14,1,3,0,0,0,.250,99,20,.1,22,2,16,0,1,10,2,0,20,17,7.52,Hanshin Tigers,
Kesamaru Yuki,11,5,0,0,0,0,1.000,183,42,.2,39,2,21,0,0,29,3,0,20,18,3.80,Hanshin Tigers,
Kinoshita Rito,27,1,3,0,0,0,.250,118,27,.2,25,0,10,0,2,23,3,1,12,9,2.93,Hanshin Tigers,
Kudo Taisei,22,1,2,0,0,0,.333,111,23,.1,21,1,18,0,1,27,1,0,14,11,4.24,Hanshin Tigers,
Martinez Anthony,7,0,1,0,0,0,.000,130,30,.2,27,2,10,0,2,21,1,0,12,11,3.23,Hanshin Tigers,
Matsubara Kai,32,0,1,0,0,0,.000,170,38,.2,37,3,21,0,4,24,6,0,21,20,4.66,Hanshin Tigers,
Mombetsu Keito,8,3,1,0,0,0,.750,177,47,,37,1,4,0,2,33,0,1,8,5,0.96,Hanshin Tigers,
Moriki Daichi,13,0,0,0,0,0,.000,83,13,.1,24,1,15,0,5,14,5,0,21,20,13.50,Hanshin Tigers,
Murakami Shoki,1,0,0,0,0,0,.000,18,5,,3,0,0,0,0,2,0,0,0,0,0.00,Hanshin Tigers,
Nelson Nick,7,0,0,0,0,0,.000,42,10,.2,4,0,6,0,1,12,3,0,1,1,0.84,Hanshin Tigers,
Nishi Yuki,11,3,3,0,0,0,.500,199,50,,42,0,5,0,3,34,0,0,17,17,3.06,Hanshin Tigers,
Ogawa Ippei,2,0,0,0,0,0,.000,10,2,,2,0,2,0,0,2,0,0,1,1,4.50,Hanshin Tigers,
Ohtake Koutaro,5,2,2,0,0,0,.500,84,21,,20,0,2,0,1,11,0,0,8,7,3.00,Hanshin Tigers,
Okadome Hidetaka,21,1,1,9,0,0,.500,79,21,,16,2,1,0,2,12,0,1,6,3,1.29,Hanshin Tigers,
Saiki Hiroto,1,0,1,0,0,0,.000,21,5,,6,0,0,0,0,3,0,0,1,1,1.80,Hanshin Tigers,
Satoh Ren,19,1,1,0,0,0,.500,107,21,,16,0,28,0,2,23,8,0,15,15,6.43,Hanshin Tigers,
Shiiba Tsuyoshi,35,3,2,1,0,0,.600,165,41,,30,2,18,0,2,47,7,0,11,10,2.20,Hanshin Tigers,
Shimamoto Hiroya,23,0,0,0,0,0,.000,82,22,.1,11,0,4,0,0,19,1,0,0,0,0.00,Hanshin Tigers,
Suzuki Yuto,1,0,0,0,0,0,.000,4,0,.2,0,0,1,0,0,1,0,0,0,0,0.00,Hanshin Tigers,
Takahashi Haruto,3,1,0,0,0,0,1.000,36,9,,8,0,2,0,0,7,0,0,0,0,0.00,Hanshin Tigers,
Tomida Ren,26,1,1,0,0,0,.500,147,36,.1,30,0,8,0,1,35,1,0,14,14,3.47,Hanshin Tigers,
Tsuda Junya,16,3,1,1,0,0,.750,119,26,.2,26,1,17,0,0,16,2,0,19,15,5.06,Hanshin Tigers,
Urushihara Taisei,24,1,0,6,0,0,1.000,97,23,.1,15,1,10,0,1,20,1,0,9,3,1.16,Hanshin Tigers,
Yuasa Atsuki,12,0,1,1,0,0,.000,52,12,,11,0,5,0,0,7,0,0,5,3,2.25,Hanshin Tigers,
Aduwa Makoto,14,5,7,0,0,0,.417,307,71,,75,2,17,0,4,50,3,2,40,34,4.31,Hiroshima Carp,
Akatsuka Kento,18,0,0,0,0,0,.000,86,15,.2,23,1,18,0,1,4,2,0,17,16,9.19,Hiroshima Carp,
Dominguez Johan,11,2,4,0,0,0,.333,182,42,.2,36,2,14,1,1,47,0,0,21,17,3.59,Hiroshima Carp,
Endoh Atsushi,21,1,2,1,0,0,.333,156,38,.1,33,1,11,0,1,34,0,0,11,10,2.35,Hiroshima Carp,
Hasebe Ginji,29,1,1,2,0,0,.500,113,26,.2,24,1,7,0,2,21,4,0,10,6,2.03,Hiroshima Carp,
Hidaka Atsumi,16,3,6,0,0,0,.333,307,65,,81,2,28,0,8,39,1,0,44,39,5.40,Hiroshima Carp,
Horie Atsuya,16,1,1,2,0,0,.500,64,15,.2,9,0,5,1,1,19,2,0,6,2,1.15,Hiroshima Carp,
Kawano Kei,25,0,0,2,0,0,.000,112,25,,33,1,6,0,3,15,2,0,14,11,3.96,Hiroshima Carp,
Kemna Makoto,19,1,1,1,0,0,.500,105,21,.2,28,1,12,0,2,15,2,0,17,11,4.57,Hiroshima Carp,
Kikuchi Harun,7,0,0,0,0,0,.000,30,7,,8,0,4,0,0,4,0,0,3,3,3.86,Hiroshima Carp,
Kobayashi Tatsuto,26,0,0,1,0,0,.000,128,25,.1,34,0,13,0,5,28,0,0,15,14,4.97,Hiroshima Carp,
Kobune Tsubasa,7,0,1,0,0,0,.000,33,6,,11,1,4,0,0,1,0,0,9,6,9.00,Hiroshima Carp,
Masuda Takehisa,32,2,0,1,0,0,1.000,137,32,.2,31,1,9,0,3,28,4,0,18,15,4.13,Hiroshima Carp,
Matsumoto Ryuya,27,1,1,2,0,0,.500,122,29,,22,0,10,0,0,28,2,0,11,4,1.24,Hiroshima Carp,
Ohmichi Haruki,31,0,2,4,0,0,.000,137,31,,30,2,16,0,1,25,4,0,16,16,4.65,Hiroshima Carp,
Ohsera Daichi,1,0,1,0,0,0,.000,24,4,.1,10,1,0,0,0,5,0,0,8,8,16.62,Hiroshima Carp,
Okamoto Shun,3,0,0,0,0,0,.000,13,3,,2,0,1,0,1,3,0,0,0,0,0.00,Hiroshima Carp,
Saitoh Yuta,28,3,3,2,0,0,.500,191,41,.2,34,1,25,0,7,37,12,2,16,11,2.38,Hiroshima Carp,
Sato Ryunosuke,13,3,2,0,0,0,.600,312,74,,61,1,39,0,1,45,5,0,24,23,2.80,Hiroshima Carp,
Sugihara Mirai,15,1,1,0,0,0,.500,71,15,.2,19,0,5,0,2,8,1,0,12,11,6.32,Hiroshima Carp,
Sugita Takeru,14,1,4,0,0,0,.200,186,40,.2,49,1,15,0,2,19,4,1,22,18,3.98,Hiroshima Carp,
Suzuki Kenya,10,0,0,0,0,0,.000,93,22,.2,16,1,8,0,3,18,1,1,3,3,1.19,Hiroshima Carp,
Taka Taichi,14,2,4,0,0,0,.333,225,49,.2,55,4,15,1,3,38,3,0,26,23,4.17,Hiroshima Carp,
Takahashi Kouya,10,0,1,0,0,0,.000,98,23,,24,2,8,0,1,13,1,0,11,11,4.30,Hiroshima Carp,
Takeshita Kaito,8,2,0,1,0,0,1.000,37,8,,8,1,4,0,0,6,2,0,4,4,4.50,Hiroshima Carp,
Takita Kazuki,21,4,1,0,0,0,.800,181,44,.1,24,1,27,0,1,43,3,0,12,8,1.62,Hiroshima Carp,
Tamamura Shogo,4,1,2,0,1,1,.333,106,26,,26,1,2,0,1,25,2,0,11,6,2.08,Hiroshima Carp,
Tsuji Taiga,23,1,1,1,0,0,.500,106,23,.2,22,1,11,0,2,24,0,0,10,10,3.80,Hiroshima Carp,
Tsunehiro Hayato,16,3,10,0,0,0,.231,363,80,.2,86,2,35,0,3,55,10,0,52,42,4.69,Hiroshima Carp,
Bauer Trevor,1,0,0,0,0,0,.000,18,5,,3,0,0,0,0,7,0,0,1,1,1.80,DeNA BayStars,
Diaz Yofrec,14,1,0,0,0,0,1.000,61,12,.2,13,2,12,0,0,18,1,0,10,10,7.11,DeNA BayStars,
Fujinami Shintaro,4,0,2,0,0,0,.000,62,12,.2,11,0,9,0,2,4,1,0,9,5,3.55,DeNA BayStars,
Fukazawa Osuke,3,0,1,0,0,0,.000,37,8,,11,2,3,0,0,5,0,0,7,5,5.63,DeNA BayStars,
Hamachi Masumi,10,0,0,0,0,0,.000,38,10,,6,0,2,0,0,7,0,0,2,2,1.80,DeNA BayStars,
Hashimoto Tatsuya,29,0,2,0,0,0,.000,126,28,.1,27,1,13,0,1,33,4,0,18,15,4.76,DeNA BayStars,
Horioka Hayato,26,2,3,1,0,0,.400,112,25,.1,17,1,16,1,2,23,2,1,10,5,1.78,DeNA BayStars,
Irie Taisei,4,0,1,0,0,0,.000,19,4,,6,1,0,0,1,6,0,0,4,4,9.00,DeNA BayStars,
Ishida Kenta,15,2,0,0,0,0,1.000,81,19,.2,20,0,3,0,0,14,0,0,6,6,2.75,DeNA BayStars,
Ishida Yutaro,2,1,1,0,0,0,.500,42,11,,9,0,1,0,0,8,0,0,3,1,0.82,DeNA BayStars,
Iwata Masaki,33,2,1,1,0,0,.667,121,29,.2,22,2,8,0,6,24,0,0,13,13,3.94,DeNA BayStars,
Jackson Andre,1,0,1,0,0,0,.000,20,5,,3,0,3,0,0,2,0,0,2,2,3.60,DeNA BayStars,
Kanabuchi Koki,3,1,0,0,0,0,1.000,17,4,,4,0,0,0,0,4,0,0,1,0,0.00,DeNA BayStars,
Kasaya Shunsuke,1,0,0,0,0,0,.000,2,0,.1,0,0,0,0,1,0,0,0,0,0,0.00,DeNA BayStars,
Konno Ryuto,7,0,1,0,0,0,.000,34,7,.1,9,0,5,0,0,3,1,0,5,5,6.14,DeNA BayStars,
Kozono Kenta,15,6,4,0,0,0,.600,349,84,,64,7,33,0,3,58,2,0,28,21,2.25,DeNA BayStars,
Kusano Haruto,2,0,0,0,0,0,.000,12,1,,5,0,4,0,0,0,1,0,7,7,63.00,DeNA BayStars,
Kyoyama Masaya,20,1,1,0,0,0,.500,101,18,.2,19,1,18,0,7,10,2,0,18,16,7.71,DeNA BayStars,
Marcelino Hansel,39,5,2,10,0,0,.714,160,39,.1,21,0,22,0,0,61,3,0,9,8,1.83,DeNA BayStars,
Matsumoto Ryoto,40,2,1,1,0,0,.667,157,35,.2,25,1,18,1,6,32,0,0,16,13,3.28,DeNA BayStars,
Matsumoto Ryunosuke,2,0,0,0,0,0,.000,28,7,.2,4,1,1,0,0,9,0,0,3,1,1.17,DeNA BayStars,
Mishima Kazuki,25,1,0,1,0,0,1.000,111,28,,19,2,7,0,1,23,1,0,7,7,2.25,DeNA BayStars,
Miyagi Daita,1,0,0,0,0,0,.000,3,1,,0,0,0,0,0,0,0,0,0,0,0.00,DeNA BayStars,
Mori Yuito,31,3,3,0,0,0,.500,215,49,.2,48,3,14,0,1,35,1,0,23,19,3.44,DeNA BayStars,
Morihara Kohei,17,0,2,1,0,0,.000,75,18,,16,1,3,0,0,11,0,0,5,3,1.50,DeNA BayStars,
Morishita Ryudai,3,0,1,0,0,0,.000,44,9,,11,0,6,0,2,6,0,0,7,7,7.00,DeNA BayStars,
Nakagawa Hayate,3,0,0,0,0,0,.000,13,4,,1,0,0,0,0,5,0,0,0,0,0.00,DeNA BayStars,
Nakagawa Koh,10,0,0,0,0,0,.000,45,10,,12,0,2,0,0,13,1,0,4,1,0.90,DeNA BayStars,
Ohnuki Shinichi,2,0,1,0,0,0,.000,34,8,,10,0,0,0,0,5,0,0,3,2,2.25,DeNA BayStars,
Sakamoto Yuya,12,3,1,0,0,0,.750,55,12,,14,1,3,0,2,11,0,0,10,8,6.00,DeNA BayStars,
Sasaki Chihaya,25,3,0,0,0,0,1.000,136,32,,38,0,6,0,0,24,0,0,9,7,1.97,DeNA BayStars,
Shimizu Manato,2,0,0,0,0,0,.000,10,1,.1,5,0,1,0,0,1,0,0,3,3,20.25,DeNA BayStars,
Shinogi Kentaro,28,2,3,2,0,0,.400,186,43,.1,30,3,25,0,3,46,1,0,18,16,3.32,DeNA BayStars,
Shoji Haruto,19,2,7,0,0,0,.222,368,80,.2,91,11,32,0,6,47,2,1,52,42,4.69,DeNA BayStars,
Taira Kentaro,6,1,3,0,0,0,.250,120,28,,33,2,4,0,1,23,0,0,13,9,2.89,DeNA BayStars,
Takeda Riku,12,0,0,0,0,0,.000,114,27,,24,2,10,0,2,20,0,0,13,10,3.33,DeNA BayStars,
Takeda Yu,14,2,5,0,0,0,.286,275,61,.1,73,4,17,0,1,42,3,0,37,22,3.23,DeNA BayStars,
Tokuyama Souma,30,0,2,0,0,0,.000,140,29,.1,25,0,30,0,4,22,1,0,12,10,3.07,DeNA BayStars,
Wakamatsu Naoki,26,2,2,0,0,0,.500,173,41,,44,2,9,0,2,36,0,0,16,15,3.29,DeNA BayStars,
Wick Rowan,5,0,1,0,0,0,.000,21,5,,5,0,2,0,0,9,0,0,3,2,3.60,DeNA BayStars,
Yamasaki Yasuaki,23,1,3,5,0,0,.250,115,26,.2,28,3,6,0,2,27,0,0,14,13,4.39,DeNA BayStars,
Yoshino Teruki,14,5,4,0,1,1,.556,305,73,.1,68,3,16,0,5,54,2,0,34,30,3.68,DeNA BayStars,
Yoshioka Haru,2,0,1,0,0,0,.000,9,1,.1,4,0,2,0,0,2,2,1,3,3,20.25,DeNA BayStars,
Akahoshi Yuji,2,1,0,0,0,0,1.000,11,3,,1,0,1,0,0,2,0,0,0,0,0.00,Yomiuri Giants,
Baba Kosuke,29,0,0,11,0,0,.000,112,29,.2,17,2,8,0,0,24,2,0,5,5,1.52,Yomiuri Giants,
Baldonado Alberto,21,2,0,2,0,0,1.000,89,20,,17,1,12,0,0,23,1,0,7,6,2.70,Yomiuri Giants,
Griffin Foster,1,0,0,0,0,0,.000,11,3,,3,0,0,0,0,3,0,0,0,0,0.00,Yomiuri Giants,
Hanada Yuki,1,0,0,0,0,0,.000,19,4,.1,4,0,2,0,0,1,1,0,2,2,4.15,Yomiuri Giants,
Heinai Ryuta,17,2,0,3,0,0,1.000,71,18,.2,13,0,0,0,0,18,1,0,2,2,0.96,Yomiuri Giants,
Hotta Kenshin,15,4,0,3,0,0,1.000,208,53,.2,44,3,8,0,0,31,1,0,13,13,2.18,Yomiuri Giants,
Imamura Nobutaka,34,4,1,3,0,0,.800,143,35,.2,28,2,9,0,3,38,0,0,7,6,1.51,Yomiuri Giants,
Inoue Haruto,2,1,0,0,0,0,1.000,25,8,,3,0,0,0,0,6,0,0,0,0,0.00,Yomiuri Giants,
Izumi Keisuke,17,5,0,3,0,0,1.000,70,16,.2,14,0,7,1,0,16,0,0,3,3,1.62,Yomiuri Giants,
Keller Kyle,5,0,0,0,0,0,.000,17,5,,2,0,0,0,0,6,0,0,0,0,0.00,Yomiuri Giants,
Kikuchi Taiki,13,4,2,1,0,0,.667,161,39,,31,2,9,0,0,42,1,0,15,10,2.31,Yomiuri Giants,
Kyomoto Makoto,5,0,4,0,0,0,.000,96,21,.2,27,4,9,0,0,13,1,1,17,16,6.65,Yomiuri Giants,
Mataki Teppei,13,4,3,0,1,0,.571,294,75,.1,66,4,15,0,3,51,0,0,21,20,2.39,Yomiuri Giants,
Matsui Hayate,15,2,2,0,0,0,.500,142,35,.2,22,1,10,0,5,31,2,0,9,9,2.27,Yomiuri Giants,
Miyahara Shunsuke,26,0,0,0,0,0,.000,118,29,.1,26,0,10,0,2,23,2,0,6,5,1.53,Yomiuri Giants,
Morita Shunya,14,6,5,0,0,0,.545,308,72,.2,74,2,20,0,7,52,1,0,33,29,3.59,Yomiuri Giants,
Nakagawa Kota,6,0,1,0,0,0,.000,21,6,,3,1,0,0,0,5,0,0,2,2,3.00,Yomiuri Giants,
Nishidate Yuhi,8,3,0,0,0,0,1.000,133,34,,25,0,7,0,0,40,2,0,5,4,1.06,Yomiuri Giants,
Ohe Ryusei,11,0,0,0,0,0,.000,63,14,.1,15,1,4,0,1,16,1,0,8,7,4.40,Yomiuri Giants,
Shiroki Yamato,1,0,0,0,0,0,.000,3,1,,0,0,1,0,0,1,0,0,0,0,0.00,Yomiuri Giants,
Sonoda Atsuki,9,6,0,0,1,1,1.000,206,55,,35,3,12,0,0,39,0,0,13,9,1.47,Yomiuri Giants,
Takahashi Rei,25,4,6,0,0,0,.400,265,59,.2,64,5,21,0,8,38,0,0,38,35,5.28,Yomiuri Giants,
Takanashi Yuhei,19,0,2,1,0,0,.000,73,19,,15,2,5,0,0,17,0,1,4,4,1.89,Yomiuri Giants,
Tamura Tomoki,2,1,1,0,0,0,.500,19,4,,3,0,3,0,0,4,0,0,2,0,0.00,Yomiuri Giants,
Tanaka Chiharu,25,1,1,2,0,0,.500,104,24,.2,14,0,13,0,1,21,1,1,7,4,1.46,Yomiuri Giants,
Tanaka Masahiro,12,4,2,0,1,0,.667,243,54,.2,65,1,12,0,1,34,1,0,22,21,3.46,Yomiuri Giants,
Toda Natsuki,26,2,3,0,0,0,.400,269,67,.2,59,5,12,0,2,58,2,0,25,19,2.53,Yomiuri Giants,
Togo Shosei,3,2,0,0,0,0,1.000,52,15,,7,1,0,0,1,4,1,0,1,1,0.60,Yomiuri Giants,
Tomida Ryu,8,0,0,0,0,0,.000,31,7,,5,1,6,0,0,6,0,0,3,3,3.86,Yomiuri Giants,
Yamada Ryusei,8,3,1,1,0,0,.750,123,28,,23,1,13,0,3,23,4,0,9,8,2.57,Yomiuri Giants,
Yamasaki Iori,1,0,0,0,0,0,.000,16,4,,5,0,0,0,0,3,0,0,1,1,2.25,Yomiuri Giants,
Yokogawa Kai,7,4,1,0,0,0,.800,131,33,,32,2,8,0,1,23,1,0,8,8,2.18,Yomiuri Giants,
Yoshimura Yusefu,1,0,0,0,0,0,.000,5,1,,1,0,1,0,0,1,0,0,0,0,0.00,Yomiuri Giants,
Aoyagi Koyo,3,0,2,0,0,0,.000,59,9,.1,17,1,12,0,1,7,0,0,12,11,10.61,Yakult Swallows,
Avila Pedro,5,0,1,0,0,0,.000,68,15,.1,9,0,12,0,2,11,1,0,3,1,0.59,Yakult Swallows,
Baumann Mike,11,0,1,0,0,0,.000,43,11,,7,1,5,0,0,9,0,0,5,5,4.09,Yakult Swallows,
Hara Juri,26,0,6,1,0,0,.000,149,30,.1,50,4,10,0,2,28,2,0,34,30,8.90,Yakult Swallows,
Hasegawa Hiroki,27,1,1,0,0,0,.500,113,25,.1,23,1,14,0,1,21,2,0,9,6,2.13,Yakult Swallows,
Hirosawa Yu,17,0,2,0,0,0,.000,77,17,.1,17,0,8,0,1,17,3,0,9,9,4.67,Yakult Swallows,
Hoshi Tomoya,10,0,0,0,0,0,.000,41,11,,6,0,3,0,1,8,0,0,0,0,0.00,Yakult Swallows,
Ishihara Yuki,19,0,1,0,0,0,.000,97,23,,22,2,9,0,1,9,1,0,10,10,3.91,Yakult Swallows,
Ishikawa Masanori,9,2,3,0,0,0,.400,160,39,,40,4,6,0,0,28,1,0,14,12,2.77,Yakult Swallows,
Ishiyama Taichi,4,0,0,2,0,0,.000,18,4,,5,0,1,0,0,4,0,0,0,0,0.00,Yakult Swallows,
Kanakubo Yuto,22,1,2,2,0,0,.333,130,26,.1,37,0,13,1,1,26,2,1,15,9,3.08,Yakult Swallows,
Kizawa Naofumi,5,0,0,0,0,0,.000,16,5,,2,0,1,0,0,0,0,0,0,0,0.00,Yakult Swallows,
Kozawa Reiji,17,1,1,2,0,0,.500,61,17,,9,1,4,0,0,9,0,0,3,3,1.59,Yakult Swallows,
Lambert Peter,2,0,1,1,0,0,.000,28,8,,2,0,2,0,0,7,1,0,1,0,0.00,Yakult Swallows,
Maruyama Shota,29,2,3,1,0,0,.400,128,29,.1,30,2,8,1,1,24,2,0,15,13,3.99,Yakult Swallows,
Matsumoto Kengo,8,0,3,0,0,0,.000,131,30,,39,2,5,0,2,16,4,0,20,18,5.40,Yakult Swallows,
Miyagawa Tetsu,32,2,1,3,0,0,.667,149,34,,36,4,17,0,1,33,3,0,16,16,4.24,Yakult Swallows,
Nakamura Yuto,10,0,1,0,0,0,.000,172,41,.1,37,3,10,0,1,35,1,0,16,14,3.05,Yakult Swallows,
Nishihama Yuusei,18,1,4,0,0,0,.200,96,18,.1,22,2,12,0,4,15,2,1,17,13,6.38,Yakult Swallows,
Numata Shohei,27,1,0,4,0,0,1.000,137,34,.1,29,1,5,0,0,24,0,0,7,7,1.83,Yakult Swallows,
Ogawa Yasuhiro,7,2,1,0,0,0,.667,113,32,,18,0,0,0,0,20,0,0,2,1,0.28,Yakult Swallows,
Ohnishi Hiroki,12,0,0,2,0,0,.000,48,12,,13,3,4,0,0,5,0,0,5,5,3.75,Yakult Swallows,
Okugawa Yasunobu,4,1,2,0,0,0,.333,90,21,,21,3,6,0,2,13,1,0,12,10,4.29,Yakult Swallows,
Sakaguchi Kousuke,16,1,2,1,0,0,.333,65,15,.1,15,1,5,0,1,8,3,0,12,6,3.52,Yakult Swallows,
Sakamoto Takumi,12,1,4,0,0,0,.200,177,37,.1,43,2,26,0,1,24,4,0,16,15,3.62,Yakult Swallows,
Satoh Takuma,28,1,4,1,0,0,.200,119,27,,25,2,13,0,2,19,5,2,16,15,5.00,Yakult Swallows,
Shimizu Noboru,9,0,0,4,0,0,.000,36,10,,7,1,1,0,0,12,0,0,2,2,1.80,Yakult Swallows,
Shimokawa Shunsuke,15,5,5,0,0,0,.500,314,76,,64,8,33,0,5,48,1,0,32,27,3.20,Yakult Swallows,
Shoji Kota,2,0,0,0,0,0,.000,9,2,,2,0,1,0,0,3,0,0,0,0,0.00,Yakult Swallows,
Suzuki Kohei,21,2,4,0,0,0,.333,188,40,.2,48,3,17,0,3,30,5,1,30,25,5.53,Yakult Swallows,
Taguchi Kazuto,8,0,0,0,0,0,.000,37,8,,8,2,6,0,0,6,1,0,6,6,6.75,Yakult Swallows,
Takahashi Keiji,4,0,1,0,0,0,.000,46,12,,10,0,1,0,0,9,0,0,3,3,2.25,Yakult Swallows,
Takahashi Shosei,2,0,0,0,0,0,.000,10,2,,2,0,1,0,1,0,0,0,0,0,0.00,Yakult Swallows,
Takanashi Hirotoshi,8,3,3,0,0,0,.500,133,31,,30,1,12,0,1,29,2,0,13,13,3.77,Yakult Swallows,
Takeyama Hyuga,21,0,3,0,0,0,.000,117,23,,30,0,18,0,3,12,14,1,21,17,6.65,Yakult Swallows,
Yamamoto Daiki,13,2,0,0,0,0,1.000,55,13,,14,1,4,0,0,14,1,0,6,5,3.46,Yakult Swallows,
Yamano Taichi,5,2,0,0,0,0,1.000,62,17,,7,0,6,0,1,15,1,0,2,2,1.06,Yakult Swallows,
Yamashita Hikaru,14,2,3,0,0,0,.400,229,53,,65,2,10,0,3,26,1,0,27,23,3.91,Yakult Swallows,
Yasaki Takuya,6,0,0,3,0,0,.000,28,6,,6,0,4,0,0,5,1,0,4,4,6.00,Yakult Swallows,
Fujishima Kento,3,0,0,0,0,0,.000,11,2,.1,1,0,1,0,0,2,1,0,3,0,0.00,Chunichi Dragons,
Fuku Hiroto,13,2,1,1,0,0,.667,51,12,,12,0,3,0,1,6,1,0,6,5,3.75,Chunichi Dragons,
Fukuda Konosuke,15,0,1,1,0,0,.000,116,24,.2,19,0,25,0,0,16,1,0,11,9,3.28,Chunichi Dragons,
Habu Shohta,17,3,1,0,0,0,.750,203,46,.1,40,2,23,0,2,31,5,0,28,27,5.24,Chunichi Dragons,
Hashimoto Yuki,4,1,0,0,0,0,1.000,14,4,,1,0,1,0,0,3,0,0,0,0,0.00,Chunichi Dragons,
Ishikawa Sho,18,0,1,0,0,0,.000,86,17,.2,20,0,16,0,2,14,2,0,15,15,7.64,Chunichi Dragons,
Itoh Mao,22,1,2,1,0,0,.333,102,23,,15,0,19,0,0,24,1,0,6,6,2.35,Chunichi Dragons,
Iwasaki Sho,6,1,0,3,0,0,1.000,21,5,.1,5,0,0,0,0,7,0,0,0,0,0.00,Chunichi Dragons,
Kanemaru Yumeto,5,2,0,0,0,0,1.000,75,19,,12,0,3,0,2,11,0,0,3,2,0.95,Chunichi Dragons,
Katsuno Akiyoshi,11,0,1,1,0,0,.000,44,10,.2,8,0,3,0,0,9,2,0,6,2,1.69,Chunichi Dragons,
Kikuta Towa,6,1,0,0,0,0,1.000,29,6,.2,7,0,6,0,0,4,1,0,3,3,4.05,Chunichi Dragons,
Kondo Ren,27,2,0,4,0,0,1.000,96,26,,11,0,7,0,0,25,3,0,3,2,0.69,Chunichi Dragons,
Kusaka Sho,9,1,0,0,0,0,1.000,140,33,.1,34,1,8,0,3,20,0,0,9,6,1.62,Chunichi Dragons,
Marte Yunior,10,0,1,4,0,0,.000,37,9,.2,7,0,0,0,1,14,0,0,1,1,0.93,Chunichi Dragons,
Martinez Randy,3,0,1,0,0,0,.000,30,6,.1,4,1,6,0,2,6,0,0,4,4,5.68,Chunichi Dragons,
Matsuba Takahiro,2,0,1,0,0,0,.000,15,4,,4,0,2,0,0,2,0,0,1,1,2.25,Chunichi Dragons,
Matsukihira Yuta,12,4,3,0,0,0,.571,312,76,,72,5,19,0,3,46,3,0,29,27,3.20,Chunichi Dragons,
Matsuyama Shinya,1,0,0,0,0,0,.000,3,1,,0,0,0,0,0,3,0,0,0,0,0.00,Chunichi Dragons,
Mejia Humberto,14,6,5,0,0,0,.545,309,78,,62,2,19,0,5,50,5,0,23,21,2.42,Chunichi Dragons,
Miura Mizuki,12,3,0,0,0,0,1.000,246,61,,46,3,16,0,2,36,4,0,20,18,2.66,Chunichi Dragons,
Moriyama Akio,23,1,1,0,0,0,.500,111,24,.1,24,1,11,0,2,20,3,0,11,9,3.33,Chunichi Dragons,
Muller Kyle,3,1,0,0,0,0,1.000,76,17,.2,18,0,4,0,0,18,0,0,6,5,2.55,Chunichi Dragons,
Nakachi Reia,12,8,4,0,0,0,.667,301,72,.1,61,2,21,0,7,46,3,0,21,18,2.24,Chunichi Dragons,
Neo Akira,31,2,2,1,0,0,.500,132,30,,22,1,19,1,4,23,0,0,10,7,2.10,Chunichi Dragons,
Nonaka Tento,6,0,0,0,0,0,.000,29,6,.1,8,0,3,0,0,4,0,0,2,2,2.84,Chunichi Dragons,
Ohno Yudai,2,1,1,0,0,0,.500,48,12,,11,2,3,0,0,4,0,0,5,5,3.75,Chunichi Dragons,
Okada Toshiya,12,3,1,0,0,0,.750,192,47,,51,3,5,0,1,34,2,0,13,10,1.91,Chunichi Dragons,
Saitoh Kohki,5,1,0,0,0,0,1.000,16,4,.1,3,0,0,0,1,2,0,0,0,0,0.00,Chunichi Dragons,
Sobue Daisuke,10,1,0,0,0,0,1.000,38,9,.2,13,0,1,0,0,6,0,0,2,2,1.86,Chunichi Dragons,
Takahashi Kosuke,7,1,1,0,0,0,.500,33,7,,5,2,7,0,0,2,0,0,4,4,5.14,Chunichi Dragons,
Umeno Yugo,27,0,1,9,0,0,.000,110,26,.2,18,0,16,0,0,24,3,0,9,7,2.36,Chunichi Dragons,
Wakui Hideaki,6,2,2,0,0,0,.500,131,31,.1,31,0,9,0,0,20,1,0,14,9,2.59,Chunichi Dragons,
Walters Nash,24,0,2,7,0,0,.000,99,23,,17,0,12,0,1,17,0,1,9,6,2.35,Chunichi Dragons,
Yanagi Yuya,5,3,1,0,0,0,.750,108,29,,20,1,5,0,0,22,0,0,3,2,0.62,Chunichi Dragons,
Yoshida Seiya,13,3,4,0,0,0,.429,258,60,.2,60,2,17,0,2,42,3,1,30,29,4.30,Chunichi Dragons,
Abe Shota,28,1,0,3,0,0,1.000,118,26,.1,33,3,5,0,3,25,3,0,15,15,5.13,ORIX Buffaloes,
Ashida Taketo,17,2,3,0,0,0,.400,338,77,.1,89,3,16,0,9,45,3,0,34,25,2.91,ORIX Buffaloes,
Azuma Kohei,8,1,0,0,0,0,1.000,98,21,.2,26,1,9,0,1,19,0,0,12,10,4.15,ORIX Buffaloes,
Chen Mu-Heng,4,0,0,0,0,0,.000,48,10,.1,10,0,5,0,1,10,0,0,3,2,1.74,ORIX Buffaloes,
Espinoza Anderson,1,0,0,0,0,0,.000,17,4,,4,0,2,0,0,3,0,0,0,0,0.00,ORIX Buffaloes,
Gonda Ryusei,35,4,0,0,0,0,1.000,153,38,.2,25,1,12,0,4,34,1,0,8,7,1.63,ORIX Buffaloes,
Hirano Yoshihisa,13,0,0,0,0,0,.000,51,13,,8,0,3,0,2,5,0,0,3,3,2.08,ORIX Buffaloes,
Honda Hitomi,13,1,0,0,0,0,1.000,66,13,,19,0,7,0,0,13,2,0,14,10,6.92,ORIX Buffaloes,
Honda Keisuke,22,1,1,0,0,0,.500,122,30,.1,25,0,7,0,2,20,2,0,7,6,1.78,ORIX Buffaloes,
Iguchi Kazutomo,28,4,0,0,0,0,1.000,87,24,,7,0,4,1,3,12,1,1,4,1,0.38,ORIX Buffaloes,
Iriyama Kaito,14,0,1,0,0,0,.000,72,15,,17,1,12,0,0,15,2,0,8,6,3.60,ORIX Buffaloes,
Iwasaki Sho,1,1,0,0,0,0,1.000,5,1,,1,0,1,0,0,1,0,0,0,0,0.00,ORIX Buffaloes,
Katayama Raiku,9,1,0,0,0,0,1.000,145,36,.1,29,2,4,0,2,16,0,0,11,11,2.72,ORIX Buffaloes,
Kawase Kento,17,0,3,0,0,0,.000,93,19,.2,25,0,10,0,0,15,1,0,13,8,3.66,ORIX Buffaloes,
Kotajima Seiryu,8,0,0,2,0,0,.000,29,8,,5,0,1,0,0,5,1,0,1,1,1.13,ORIX Buffaloes,
Mae Yuito,2,0,0,0,0,0,.000,6,1,.1,1,0,2,0,0,0,1,0,0,0,0.00,ORIX Buffaloes,
Miyaguni Riku,14,3,3,0,0,0,.500,214,50,,49,2,25,0,0,31,1,0,17,14,2.52,ORIX Buffaloes,
Mukunoki Ren,14,3,2,0,0,0,.600,200,51,.1,43,3,5,0,2,50,2,1,16,14,2.45,ORIX Buffaloes,
Muranishi Ryota,12,1,0,0,0,0,1.000,67,15,,14,0,10,0,0,15,1,0,3,3,1.80,ORIX Buffaloes,
Ohe Kaito,20,1,0,1,0,0,1.000,85,20,.1,20,0,6,0,2,13,1,0,6,5,2.21,ORIX Buffaloes,
Ono Taiki,12,1,1,0,0,0,.500,65,13,.1,13,0,11,0,1,15,1,0,10,9,6.08,ORIX Buffaloes,
Saiki Kaito,23,0,3,5,0,0,.000,105,22,.1,19,1,17,2,1,23,2,0,12,7,2.82,ORIX Buffaloes,
Saito Kyosuke,13,1,5,0,0,0,.167,249,56,.1,56,5,25,0,3,31,5,0,32,30,4.79,ORIX Buffaloes,
Satoh Kazuma,14,8,2,0,1,1,.800,305,75,.1,60,1,29,0,2,58,3,1,14,12,1.43,ORIX Buffaloes,
Sotani Ryuhei,1,0,0,0,0,0,.000,22,6,,1,0,2,0,0,6,0,0,0,0,0.00,ORIX Buffaloes,
Suga Hiroto,2,0,0,0,0,0,.000,7,2,,1,0,1,0,0,0,0,0,0,0,0.00,ORIX Buffaloes,
Suzuki Hiroshi,27,4,1,1,0,0,.800,136,32,.2,34,2,9,1,0,22,0,0,8,6,1.65,ORIX Buffaloes,
Tajima Daiki,3,0,1,0,0,0,.000,37,10,,8,0,0,0,0,7,0,0,1,1,0.90,ORIX Buffaloes,
Takashima Taito,6,1,2,0,0,0,.333,82,18,,21,0,6,0,1,11,0,0,7,5,2.50,ORIX Buffaloes,
Teranishi Naruki,13,2,3,0,0,0,.400,266,64,.2,54,3,19,0,2,47,1,0,28,22,3.06,ORIX Buffaloes,
Tomiyama Ryoga,24,2,1,0,0,0,.667,102,22,,22,1,15,0,0,16,2,0,15,11,4.50,ORIX Buffaloes,
Toumatsu Kaisei,15,2,3,0,0,0,.400,181,43,.2,38,2,12,0,3,37,2,0,15,14,2.89,ORIX Buffaloes,
Yamada Nobuyoshi,17,0,1,0,0,0,.000,59,13,.1,13,1,5,0,1,12,0,0,6,5,3.38,ORIX Buffaloes,
Yamaguchi Reo,6,2,0,0,0,0,1.000,83,22,,17,0,4,0,1,13,0,0,4,4,1.64,ORIX Buffaloes,
Yamaoka Taisuke,10,1,3,0,0,0,.250,57,13,.2,14,1,3,0,0,18,1,0,8,8,5.27,ORIX Buffaloes,
Yamashita Shunpeita,6,1,2,0,0,0,.333,64,14,,13,0,9,0,1,13,1,0,8,6,3.86,ORIX Buffaloes,
Yamazaki Soichiro,23,2,0,5,0,0,1.000,90,23,,12,0,13,0,1,25,2,0,2,2,0.78,ORIX Buffaloes,
Yokoyama Kaede,30,1,2,8,0,0,.333,121,30,,21,1,10,0,0,40,1,0,7,7,2.10,ORIX Buffaloes,
Akiyama Seiun,12,1,0,0,0,0,1.000,89,22,.1,16,0,9,0,0,19,0,0,5,5,2.01,Lotte Marines,
Azuma Yusuke,22,0,2,3,0,0,.000,103,25,,23,0,9,0,1,21,3,0,8,8,2.88,Lotte Marines,
Futaki Kota,15,0,2,0,0,0,.000,234,56,,61,0,15,0,3,38,1,0,27,22,3.54,Lotte Marines,
Guerrero Tayron,13,1,1,0,0,0,.500,66,15,,13,0,6,0,0,17,2,0,6,5,3.00,Lotte Marines,
Hayasaka Oto,16,1,2,0,0,0,.333,95,23,.2,19,3,9,0,3,16,2,0,8,7,2.66,Lotte Marines,
Hirohata Atsuya,30,5,2,1,0,0,.714,155,41,,29,1,5,0,0,35,3,0,11,8,1.76,Lotte Marines,
Hiroike Koshiro,7,1,2,0,0,0,.333,108,26,.1,27,2,6,0,0,11,0,1,12,8,2.73,Lotte Marines,
Ibaragi Yuta,2,0,1,0,0,0,.000,15,3,,4,0,3,0,0,1,0,0,5,5,15.00,Lotte Marines,
Ichijo Rikima,12,0,0,0,0,0,.000,45,10,.1,4,0,9,0,0,15,1,0,3,1,0.87,Lotte Marines,
Ishikawa Ayumu,6,1,1,0,0,0,.500,83,18,.2,23,5,4,0,1,9,1,0,11,10,4.82,Lotte Marines,
Ishikawa Shuta,3,2,0,0,0,0,1.000,58,16,,8,0,4,0,0,9,0,0,3,3,1.69,Lotte Marines,
Iwashita Daiki,25,2,2,0,0,0,.500,136,28,.1,23,1,24,1,6,12,3,0,18,15,4.76,Lotte Marines,
Karakawa Yuki,11,3,4,0,0,0,.429,194,44,.2,60,2,6,0,0,30,0,0,18,16,3.22,Lotte Marines,
Kawamura Tokito,15,4,5,0,0,0,.444,332,78,,84,1,16,0,2,43,3,0,29,24,2.77,Lotte Marines,
Kikuchi Riku,8,2,1,1,0,0,.667,109,29,,19,1,5,0,0,17,0,0,8,6,1.86,Lotte Marines,
Kimura Yuto,1,0,0,0,0,0,.000,6,2,,0,0,0,0,0,1,0,0,0,0,0.00,Lotte Marines,
Kuniyoshi Yuki,18,3,0,0,0,0,1.000,83,17,.2,26,1,8,0,2,11,4,0,10,10,5.09,Lotte Marines,
Masuda Naoya,3,0,0,0,0,0,.000,10,3,,1,1,0,0,0,3,0,0,1,1,3.00,Lotte Marines,
Mima Manabu,6,2,0,0,0,0,1.000,79,19,.2,16,1,4,0,0,16,0,0,3,3,1.37,Lotte Marines,
Mori Ryotaro,5,2,1,0,1,0,.667,74,17,.2,17,0,7,0,1,19,0,0,4,4,2.04,Lotte Marines,
Nagashima Kosuke,6,1,0,0,0,0,1.000,42,8,,15,1,4,0,0,5,0,0,9,9,10.13,Lotte Marines,
Nagashimada Kirato,3,0,0,0,0,0,.000,18,3,.1,3,0,3,0,0,2,0,0,1,0,0.00,Lotte Marines,
Nakamori Shunsuke,1,0,0,1,0,0,.000,10,3,,0,0,0,0,0,2,0,0,0,0,0.00,Lotte Marines,
Nakamura Ryota,12,3,2,0,0,0,.600,144,32,.1,42,3,4,0,1,24,3,0,25,23,6.40,Lotte Marines,
Nakamura Toshiya,20,3,2,2,0,0,.600,109,26,.1,29,1,3,0,0,19,0,0,10,7,2.39,Lotte Marines,
Nishimura Takahiro,31,3,2,3,0,0,.600,146,36,.2,29,1,9,0,0,33,0,0,9,7,1.72,Lotte Marines,
Nishino Yuji,4,1,1,0,0,0,.500,71,16,.2,19,1,3,0,0,15,0,0,8,8,4.32,Lotte Marines,
Sakai Haru,1,0,0,0,0,0,.000,3,1,,0,0,0,0,0,1,0,0,0,0,0.00,Lotte Marines,
Sakamoto Koshiro,26,1,0,5,0,0,1.000,99,25,,15,1,9,0,0,26,1,0,6,6,2.16,Lotte Marines,
Sammons Bryan,8,4,1,0,0,0,.800,138,35,,25,2,8,0,0,27,1,0,11,10,2.57,Lotte Marines,
Sawada Keisuke,17,1,0,4,0,0,1.000,78,17,.2,20,0,3,0,2,22,1,0,4,4,2.04,Lotte Marines,
Sawamura Hirokazu,18,1,0,2,0,0,1.000,76,18,,18,1,7,0,0,11,1,0,4,4,2.00,Lotte Marines,
Takano Shuta,5,1,0,0,0,0,1.000,33,9,,4,0,3,0,0,5,0,0,4,2,2.00,Lotte Marines,
Takeuchi Ryota,1,0,0,0,0,0,.000,7,1,,2,0,2,0,0,1,0,0,1,1,9.00,Lotte Marines,
Tanaka Fuki,14,1,1,0,0,0,.500,82,20,,19,1,8,0,1,12,2,0,6,5,2.25,Lotte Marines,
Tanaka Haruya,2,1,0,0,0,0,1.000,41,11,.2,5,0,2,0,0,14,0,0,0,0,0.00,Lotte Marines,
Taneichi Atsuki,1,0,0,0,0,0,.000,16,3,,6,0,0,0,0,4,1,0,1,1,3.00,Lotte Marines,
Voth Austin,1,0,1,0,0,0,.000,23,5,,8,0,1,0,0,3,0,0,1,1,1.80,Lotte Marines,
Yagi Akira,16,1,0,2,0,0,1.000,84,22,,18,1,2,0,1,19,1,0,6,4,1.64,Lotte Marines,
Yokoyama Rikuto,5,0,0,0,0,0,.000,79,18,.2,16,1,4,0,3,17,0,0,9,6,2.89,Lotte Marines,
Yoshikawa Yuto,13,5,3,0,0,0,.625,255,59,,53,4,20,0,3,52,2,0,28,23,3.51,Lotte Marines,
Antoku Shun,5,1,0,0,0,0,1.000,67,14,.1,12,0,12,0,1,12,0,0,7,7,4.40,SoftBank Hawks,
Armenta Alexander,10,2,2,1,0,0,.500,132,30,.2,25,1,17,0,2,34,3,1,15,11,3.23,SoftBank Hawks,
Bandoh Yugo,17,7,2,0,0,0,.778,355,86,.2,85,1,18,0,2,50,0,0,28,23,2.39,SoftBank Hawks,
Fujii Kouya,1,0,0,0,0,0,.000,5,1,,1,0,1,0,0,3,0,0,0,0,0.00,SoftBank Hawks,
Fujiwara Haruto,1,0,0,0,0,0,.000,5,1,,2,0,0,0,0,0,1,0,1,1,9.00,SoftBank Hawks,
Hamaguchi Haruhiro,10,1,0,2,0,0,1.000,50,11,.2,12,0,5,0,0,7,0,0,5,5,3.86,SoftBank Hawks,
Hernandez Darwinzon,5,0,0,0,0,0,.000,18,5,,2,0,1,0,0,8,0,0,0,0,0.00,SoftBank Hawks,
Higashihama Nao,9,5,2,0,0,0,.714,206,55,.2,37,3,7,0,0,36,0,0,10,9,1.46,SoftBank Hawks,
Itoh Yusuke,21,2,6,1,0,0,.250,213,50,,42,1,23,0,1,41,4,0,25,21,3.78,SoftBank Hawks,
Iwai Shunsuke,26,2,0,2,0,0,1.000,113,27,,26,1,6,0,3,33,0,0,7,6,2.00,SoftBank Hawks,
Iwasaki Shunsuke,20,3,4,2,0,0,.429,179,40,.1,43,1,13,1,4,31,1,0,20,15,3.35,SoftBank Hawks,
Izaki Sanshiro,5,0,1,0,0,0,.000,67,15,.2,13,0,10,0,0,10,2,1,4,4,2.30,SoftBank Hawks,
Kamichatani Taiga,18,4,1,1,0,0,.800,153,37,.1,35,1,11,0,1,27,1,0,13,9,2.17,SoftBank Hawks,
Kawaguchi Toya,24,0,0,3,0,0,.000,102,26,.1,12,2,8,2,2,27,1,0,4,2,0.68,SoftBank Hawks,
Kimura Hikaru,18,3,1,1,0,0,.750,136,34,.2,25,1,12,0,0,30,1,1,15,12,3.12,SoftBank Hawks,
Kimura Taisei,29,3,1,0,0,0,.750,160,39,.1,27,2,15,0,3,21,1,0,10,6,1.37,SoftBank Hawks,
Maeda Jun,5,1,1,0,0,0,.500,91,22,.1,23,0,4,0,0,12,0,0,5,5,2.01,SoftBank Hawks,
Maeda Yugo,13,6,2,0,0,0,.750,262,68,.2,52,1,8,0,2,67,1,1,10,9,1.18,SoftBank Hawks,
Matayoshi Katsuki,19,3,5,0,0,0,.375,283,64,.1,75,2,18,0,3,36,3,0,35,28,3.92,SoftBank Hawks,
Matsumoto Haru,1,0,0,0,0,0,.000,3,1,,0,0,0,0,0,0,0,0,0,0,0.00,SoftBank Hawks,
Minakuchi Sota,1,0,0,0,0,0,.000,12,2,.2,4,0,1,0,0,1,1,0,3,2,6.75,SoftBank Hawks,
Miyasato Yuwa,17,0,0,2,0,0,.000,74,18,.2,13,1,5,0,1,18,0,0,2,1,0.48,SoftBank Hawks,
Miyazaki Hayato,24,2,1,3,0,0,.667,110,28,.1,16,0,9,1,2,32,4,0,7,5,1.59,SoftBank Hawks,
Murata Kenichi,22,5,1,0,0,0,.833,199,47,,50,0,19,0,1,21,2,0,24,23,4.40,SoftBank Hawks,
Ogata Shuto,9,1,0,2,0,0,1.000,42,12,,6,0,1,0,0,19,1,0,1,1,0.75,SoftBank Hawks,
Ohe Ryusei,4,0,0,1,0,0,.000,17,5,,4,0,0,0,0,4,0,0,0,0,0.00,SoftBank Hawks,
Ohno Kazuo,14,1,1,0,0,0,.500,110,25,.1,18,1,18,0,2,34,1,1,6,6,2.13,SoftBank Hawks,
Ohshiro Shinno,6,0,0,0,0,0,.000,27,6,.1,6,0,2,0,1,5,0,0,3,2,2.84,SoftBank Hawks,
Ohtake Fuga,10,1,3,0,0,0,.250,108,23,.1,21,1,17,0,1,22,4,2,20,17,6.56,SoftBank Hawks,
Ohtsu Ryosuke,9,5,2,0,1,1,.714,225,59,.2,43,1,4,0,1,42,1,0,13,11,1.66,SoftBank Hawks,
Ohyama Ryo,6,0,0,0,0,0,.000,30,7,,4,0,7,0,0,6,1,0,1,1,1.29,SoftBank Hawks,
Okada Koichiro,6,0,0,0,0,0,.000,45,7,,19,0,3,0,2,3,0,0,10,5,6.43,SoftBank Hawks,
Okaue Jumpei,2,0,0,0,0,0,.000,7,2,,1,0,0,0,0,2,0,0,0,0,0.00,SoftBank Hawks,
Rodriguez Luis,6,0,0,0,0,0,.000,28,6,,6,0,4,0,0,6,0,0,3,2,3.00,SoftBank Hawks,
Sugiyama Kazuki,1,0,0,0,0,0,.000,3,1,,0,0,0,0,0,0,0,0,0,0,0.00,SoftBank Hawks,
Takeda Shota,3,0,1,0,0,0,.000,50,10,,11,0,9,0,1,6,0,0,4,4,3.60,SoftBank Hawks,
Taura Fumimaru,13,1,0,2,0,0,1.000,54,14,,9,1,3,0,2,10,0,0,6,6,3.86,SoftBank Hawks,
Tsumori Yuki,12,2,0,2,0,0,1.000,54,13,.1,9,1,5,0,1,15,0,1,3,2,1.35,SoftBank Hawks,
Uwasawa Naoyuki,1,0,1,0,0,0,.000,19,3,,7,0,3,0,0,1,0,0,6,6,18.00,SoftBank Hawks,
Ehara Masahiro,15,0,1,0,0,0,.000,68,16,.2,14,0,6,0,0,16,0,0,3,2,1.08,Rakuten Eagles,
Fujihira Shoma,2,0,0,0,0,0,.000,8,2,,2,0,0,0,0,3,1,0,1,1,4.50,Rakuten Eagles,
Fujii Masaru,2,0,1,0,0,0,.000,45,9,.2,11,0,4,0,1,5,0,0,5,5,4.66,Rakuten Eagles,
Hayakawa Takahisa,5,2,1,0,1,0,.667,133,31,.2,38,3,2,0,1,29,2,0,12,12,3.41,Rakuten Eagles,
Hayashi Yuki,35,4,1,0,0,0,.800,184,41,,51,9,13,0,0,28,1,0,22,21,4.61,Rakuten Eagles,
Hinata Naoki,31,2,1,2,0,0,.667,125,31,,22,3,7,0,0,30,0,2,14,13,3.77,Rakuten Eagles,
Howard Spencer,4,1,1,0,0,0,.500,59,15,.2,13,0,1,0,1,17,0,0,5,5,2.87,Rakuten Eagles,
Kajiya Ren,5,1,0,0,0,0,1.000,24,6,,6,1,1,0,0,6,0,0,3,3,4.50,Rakuten Eagles,
Karashima Wataru,11,2,4,0,0,0,.333,235,55,,64,2,12,0,3,39,0,0,32,29,4.75,Rakuten Eagles,
Kishi Takayuki,2,1,0,0,1,0,1.000,38,11,,6,0,0,0,0,11,0,0,1,1,0.82,Rakuten Eagles,
Koga Kosei,16,4,4,1,0,0,.500,357,81,.1,84,4,42,0,5,42,7,1,39,36,3.98,Rakuten Eagles,
Koja Tatsuki,5,0,1,0,0,0,.000,116,27,.2,26,1,13,0,2,20,0,0,9,9,2.93,Rakuten Eagles,
Komago Ryuji,34,1,1,0,0,0,.500,168,37,.1,40,1,18,0,3,36,2,0,24,23,5.54,Rakuten Eagles,
Matsuda Takuma,4,1,0,0,0,0,1.000,60,14,.2,11,0,5,0,0,13,0,0,2,2,1.23,Rakuten Eagles,
Matsui Tomotaka,13,2,2,0,0,0,.500,79,17,.1,21,1,10,0,1,13,1,0,10,10,5.19,Rakuten Eagles,
Miyamori Satoshi,27,3,2,0,0,0,.600,126,28,,30,1,11,0,2,26,1,0,19,15,4.82,Rakuten Eagles,
Nakagomi Haruto,30,3,2,0,0,0,.600,131,33,.2,22,1,11,0,2,25,0,0,9,8,2.14,Rakuten Eagles,
Ohuchi Seiya,12,3,4,0,0,0,.429,246,58,,55,3,22,0,1,37,2,0,22,21,3.26,Rakuten Eagles,
Sakai Haruto,12,1,4,0,0,0,.200,194,43,.2,52,3,16,0,2,23,2,0,30,26,5.36,Rakuten Eagles,
Shibata Daichi,33,2,2,0,0,0,.500,148,32,,30,0,18,0,3,33,1,0,21,16,4.50,Rakuten Eagles,
Shoji Kosei,8,3,3,0,0,0,.500,171,42,,33,2,15,0,2,37,2,0,16,13,2.79,Rakuten Eagles,
Sung Chia-Hao,2,0,0,0,0,0,.000,8,1,.1,3,0,0,0,0,2,0,0,2,1,6.75,Rakuten Eagles,
Suzuki Sora,2,0,0,0,0,0,.000,7,2,,0,0,2,0,0,2,0,0,0,0,0.00,Rakuten Eagles,
Tai Katsutoshi,34,0,1,28,0,0,.000,137,31,.1,18,2,22,0,3,31,1,0,8,7,2.01,Rakuten Eagles,
Takinaka Ryota,3,0,1,0,0,0,.000,67,15,,21,0,1,0,0,3,1,0,10,10,6.00,Rakuten Eagles,
Tokuyama Kazuto,5,1,2,0,0,0,.333,79,18,,20,0,9,0,0,11,0,0,6,6,3.00,Rakuten Eagles,
Tsurusaki Taisei,25,4,2,1,0,0,.667,125,31,,21,2,9,0,1,31,1,0,14,7,2.03,Rakuten Eagles,
Turley Nik,11,0,1,0,0,0,.000,44,10,.1,9,0,3,0,0,16,2,0,6,3,2.61,Rakuten Eagles,
Wang Yan-Cheng,18,8,4,0,0,0,.667,393,91,,95,2,33,0,7,68,4,0,43,38,3.76,Rakuten Eagles,
Watanabe Shota,12,1,2,0,0,0,.333,45,11,.1,5,0,6,0,0,6,1,0,2,2,1.59,Rakuten Eagles,
Yajure Miguel,6,1,2,0,0,0,.333,112,29,.2,21,0,5,0,1,16,0,0,7,7,2.12,Rakuten Eagles,
Yuge Hayato,30,1,1,0,0,0,.500,197,43,.1,58,1,11,0,1,30,0,0,26,22,4.57,Rakuten Eagles,
Aoyama Minato,4,0,3,0,0,0,.000,90,22,.1,17,0,9,0,1,13,0,0,6,6,2.42,Seibu Lions,
Fuji Yamato,1,0,1,0,0,0,.000,20,3,.1,5,0,5,0,0,1,0,0,3,3,8.10,Seibu Lions,
Hada Shinnosuke,6,1,0,2,0,0,1.000,24,6,.1,5,0,0,0,0,7,0,0,3,1,1.42,Seibu Lions,
Hamaya Shota,12,0,0,1,0,0,.000,42,10,.2,8,1,2,0,2,12,0,0,4,3,2.53,Seibu Lions,
Hirai Katsunori,34,4,2,1,0,0,.667,143,36,.2,22,4,14,0,1,34,1,0,12,11,2.70,Seibu Lions,
Inoue Hiroki,1,0,0,0,0,0,.000,7,2,,1,0,0,0,0,2,0,0,0,0,0.00,Seibu Lions,
Itogawa Ryota,22,4,1,0,0,0,.800,287,69,,65,3,14,0,3,53,4,0,24,22,2.87,Seibu Lions,
Kaino Hiroshi,1,0,0,1,0,0,.000,3,1,,0,0,0,0,0,1,0,0,0,0,0.00,Seibu Lions,
Kariu Shoma,1,0,1,0,0,0,.000,23,5,,7,0,1,0,0,5,1,0,4,4,7.20,Seibu Lions,
Kawashimo Masahiro,4,2,0,0,0,0,1.000,68,16,.2,10,0,15,0,0,13,0,0,4,4,2.16,Seibu Lions,
Kuroda Masaya,19,3,0,3,0,0,1.000,79,20,,16,0,5,0,0,17,0,0,4,4,1.80,Seibu Lions,
Kuroki Yuta,17,0,2,0,0,0,.000,70,17,.1,11,1,7,0,2,14,1,0,7,6,3.12,Seibu Lions,
Lopez Victor,16,2,1,1,0,0,.667,163,37,.2,35,1,11,0,6,25,0,0,20,15,3.58,Seibu Lions,
Mameda Taishi,12,0,1,0,0,0,.000,80,16,.1,21,3,12,0,0,15,0,0,10,10,5.51,Seibu Lions,
Matsumoto Wataru,14,4,2,0,0,0,.667,294,72,.2,69,1,14,0,2,50,0,0,23,21,2.60,Seibu Lions,
Miura Daiki,17,1,0,2,0,0,1.000,90,22,,13,0,11,0,2,27,0,1,3,3,1.23,Seibu Lions,
Miyazawa Taisei,29,5,2,2,0,0,.714,134,33,,29,4,5,0,0,37,2,1,13,10,2.73,Seibu Lions,
Mizukami Yoshinobu,17,0,1,2,0,0,.000,76,18,.2,15,0,5,0,1,19,1,0,4,2,0.96,Seibu Lions,
Moriwaki Ryosuke,6,0,1,0,0,0,.000,36,8,,10,1,2,0,0,5,0,0,4,4,4.50,Seibu Lions,
Nakamura Yuta,25,0,1,12,0,0,.000,108,27,,19,1,8,1,0,29,1,0,7,5,1.67,Seibu Lions,
Omagari Ren,15,1,0,0,0,0,1.000,88,20,.2,17,1,11,2,0,13,1,0,6,4,1.74,Seibu Lions,
Sasaki Takeru,16,0,0,0,0,0,.000,63,15,.2,13,0,5,0,2,11,0,0,5,4,2.30,Seibu Lions,
Sato Shunsuke,10,0,2,0,0,0,.000,46,9,.1,12,2,4,0,0,9,0,0,10,9,8.68,Seibu Lions,
Satoh Sou,5,4,0,0,0,0,1.000,99,24,,26,1,9,0,1,16,0,0,8,8,3.00,Seibu Lions,
Shinohara Hibiki,15,8,4,0,0,0,.667,294,70,.2,76,2,11,0,0,56,5,0,23,17,2.17,Seibu Lions,
Sugai Shinya,8,0,3,0,0,0,.000,178,41,,39,4,15,0,3,36,1,0,18,16,3.51,Seibu Lions,
Sugiyama Haruki,15,3,5,0,0,0,.375,270,62,,71,8,22,0,3,41,0,0,39,34,4.94,Seibu Lions,
Sumida Chihiro,1,0,0,0,0,0,.000,10,3,,0,0,1,0,0,3,0,0,0,0,0.00,Seibu Lions,
Takahashi Bo,14,2,4,0,0,0,.333,226,52,,52,5,17,1,4,30,1,0,23,19,3.29,Seibu Lions,
Takeuchi Natsuki,4,1,0,0,0,0,1.000,63,17,,13,1,0,0,0,17,0,0,4,3,1.59,Seibu Lions,
Tamura Ichiro,11,0,1,6,0,0,.000,42,12,,2,0,3,2,0,8,0,0,2,0,0.00,Seibu Lions,
Ueda Taiga,10,5,2,0,0,0,.714,207,49,,57,2,13,0,1,31,2,0,22,15,2.76,Seibu Lions,
Uema Towa,3,2,0,0,0,0,1.000,72,19,,12,0,3,0,0,6,0,0,2,1,0.47,Seibu Lions,
Yamada Haruto,1,0,0,0,0,0,.000,4,1,,1,0,1,0,0,0,0,0,0,0,0.00,Seibu Lions,
Yoza Kaito,6,3,1,0,0,0,.750,104,26,,25,4,3,0,1,18,0,0,9,8,2.77,Seibu Lions,
Asari Tamon,17,1,6,0,0,0,.143,218,45,.1,51,2,34,0,4,31,2,0,32,26,5.16,Nipponham Fighters,
Fujita Ryusei,10,0,1,0,0,0,.000,63,14,.2,13,0,6,0,0,10,0,0,9,6,3.68,Nipponham Fighters,
Fukuda Suguru,9,1,0,1,0,0,1.000,30,7,.2,6,0,2,0,0,8,0,0,0,0,0.00,Nipponham Fighters,
Fukushima Ren,14,4,3,0,0,0,.571,275,67,,51,4,24,0,2,61,2,1,23,19,2.55,Nipponham Fighters,
Fukutani Koji,14,1,1,1,0,0,.500,59,15,.1,9,0,3,2,2,12,0,0,3,3,1.76,Nipponham Fighters,
Gu Lin Ruei-Yang,3,3,0,0,0,0,1.000,60,15,.2,8,0,4,0,0,15,1,0,4,3,1.72,Nipponham Fighters,
Hori Mizuki,25,2,0,2,0,0,1.000,107,25,.1,25,0,8,0,0,27,1,0,7,5,1.78,Nipponham Fighters,
Hosono Haruki,9,2,2,0,1,0,.500,175,43,.1,37,5,8,0,1,41,0,0,17,15,3.12,Nipponham Fighters,
Ikeda Takahide,12,1,1,0,0,0,.500,58,11,.2,11,2,7,0,1,10,2,0,7,6,4.63,Nipponham Fighters,
Ishikawa Naoya,21,0,1,3,0,0,.000,88,20,.2,22,3,5,0,1,18,2,0,12,12,5.23,Nipponham Fighters,
Kanemura Shoma,2,1,1,0,0,0,.500,23,6,,4,0,1,0,0,6,0,0,2,2,3.00,Nipponham Fighters,
Katoh Takayuki,1,0,0,0,0,0,.000,8,2,,2,0,1,0,0,1,0,0,1,1,4.50,Nipponham Fighters,
Katoh Yamato,7,1,1,0,0,0,.500,44,9,,4,2,11,0,3,6,0,0,7,7,7.00,Nipponham Fighters,
Kawakatsu Sorato,5,0,0,0,0,0,.000,26,5,,11,1,2,0,0,5,1,0,7,7,12.60,Nipponham Fighters,
Kawano Ryusei,4,0,0,0,0,0,.000,15,4,,1,0,2,0,0,4,1,0,0,0,0.00,Nipponham Fighters,
Kitaura Ryuji,17,1,0,0,0,0,1.000,79,18,.1,19,0,8,0,0,18,0,0,9,9,4.42,Nipponham Fighters,
Kitayama Koki,2,0,0,0,0,0,.000,36,9,.2,5,0,2,0,0,9,1,0,1,1,0.93,Nipponham Fighters,
Kuroyanagi Kyosuke,11,1,3,0,0,0,.250,171,37,.1,41,1,19,0,3,26,1,0,20,16,3.86,Nipponham Fighters,
Matsumoto Ryodai,21,3,1,0,0,0,.750,105,23,.1,20,1,17,0,2,14,1,1,10,7,2.70,Nipponham Fighters,
Matsuoka Koki,23,1,3,0,0,0,.250,110,22,.1,31,1,11,0,2,25,2,0,16,13,5.24,Nipponham Fighters,
Matsuura Keito,18,2,2,3,0,0,.500,163,36,,39,1,18,0,0,32,1,1,16,14,3.50,Nipponham Fighters,
Miyanishi Naoki,3,0,0,0,0,0,.000,11,3,,2,0,0,0,0,6,0,0,0,0,0.00,Nipponham Fighters,
Miyauchi Haruki,24,1,2,3,0,0,.333,113,26,.1,21,0,8,0,4,35,2,0,12,10,3.42,Nipponham Fighters,
Nabatame Tsubasa,5,0,0,1,0,0,.000,21,5,,4,0,0,0,1,6,0,0,1,1,1.80,Nipponham Fighters,
Nakayama Terukazu,15,1,1,0,0,0,.500,133,30,,31,2,7,0,1,16,2,0,16,8,2.40,Nipponham Fighters,
Nemoto Haruka,19,0,0,1,0,0,.000,95,19,.2,20,4,12,0,1,20,1,0,12,5,2.29,Nipponham Fighters,
Seimiya Kotaro,15,2,0,0,0,0,1.000,95,20,.1,18,1,19,0,1,18,2,0,12,12,5.31,Nipponham Fighters,
Shibata Reo,10,0,0,0,0,0,.000,59,15,.2,8,1,6,0,0,21,1,0,3,3,1.72,Nipponham Fighters,
Shibuya Junki,4,0,1,0,0,0,.000,21,3,.1,5,0,7,0,0,2,1,0,6,6,16.20,Nipponham Fighters,
Shimizu Daiki,4,0,0,0,0,0,.000,21,4,,2,0,6,0,1,5,0,0,1,1,2.25,Nipponham Fighters,
Sugiura Toshihiro,18,1,1,5,0,0,.500,68,17,.1,12,0,3,1,0,18,1,0,5,4,2.08,Nipponham Fighters,
Sun Yi-Lei,13,2,1,0,0,0,.667,201,52,.1,34,4,11,0,3,51,1,0,15,13,2.24,Nipponham Fighters,
Tamai Taisho,8,1,0,2,0,0,1.000,25,7,,3,0,0,0,1,6,0,0,0,0,0.00,Nipponham Fighters,
Tatsu Kota,5,1,1,0,0,0,.500,90,25,.2,8,1,8,0,0,24,1,0,1,1,0.35,Nipponham Fighters,
Uehara Kenta,19,3,1,1,0,0,.750,109,23,,30,1,8,0,0,23,1,0,13,9,3.52,Nipponham Fighters,
VerHagen Drew,12,5,2,0,0,0,.714,237,63,,52,2,11,0,1,50,2,0,14,14,2.00,Nipponham Fighters,
Yamamoto Kodai,14,1,3,0,0,0,.250,87,19,,18,0,10,0,3,16,1,0,16,12,5.68,Nipponham Fighters,
Yamamoto Takumi,5,0,0,2,0,0,.000,17,5,,2,1,0,0,0,4,0,0,1,1,1.80,Nipponham Fighters,
Yamasaki Sachiya,1,0,0,0,0,0,.000,23,6,,5,1,0,0,0,6,0,0,1,1,1.50,Nipponham Fighters,
Yamashiro Kotaro,7,1,3,0,0,0,.250,46,10,.2,10,0,6,0,0,12,1,0,5,4,3.38,Nipponham Fighters,
Yanagawa Taisei,4,1,0,0,0,0,1.000,16,4,,2,0,2,0,0,8,0,0,0,0,0.00,Nipponham Fighters,
Zabala Aneurys,23,2,4,3,0,0,.333,96,21,.1,26,2,6,0,1,30,1,0,15,15,6.33,Nipponham Fighters,
Ajiro Kenta,15,5,8,0,0,0,.385,276,61,,79,6,12,0,2,25,0,0,49,26,3.84,Oisix Albirex,
Escobar Edwin,16,0,1,0,0,0,.000,67,15,.1,20,0,3,0,0,9,1,0,10,9,5.28,Oisix Albirex,
Hiwatashi Shuta,13,0,1,0,0,0,.000,76,14,,25,1,8,0,1,12,2,0,13,11,7.07,Oisix Albirex,
Imai Ryota,19,0,2,0,0,0,.000,150,33,,38,1,13,0,3,28,5,0,22,18,4.91,Oisix Albirex,
Irei Kaito,22,2,0,0,0,0,1.000,52,12,.2,13,1,1,0,1,9,1,0,4,3,2.13,Oisix Albirex,
Kasahara Shotaro,16,2,5,0,0,0,.286,311,71,.1,81,5,23,0,1,39,2,0,37,32,4.04,Oisix Albirex,
Kobayashi Jui,23,1,9,0,0,0,.100,280,62,.2,68,7,22,0,6,44,1,0,40,36,5.17,Oisix Albirex,
Kobayashi Keisuke,29,1,3,0,0,0,.250,134,29,.1,37,1,8,0,1,20,2,0,27,17,5.22,Oisix Albirex,
Makino Kenshin,28,4,2,0,1,1,.667,388,90,.1,97,7,28,0,1,74,2,0,37,26,2.59,Oisix Albirex,
Meguro Koya,28,2,3,0,0,0,.400,115,25,.1,32,1,10,0,2,23,2,0,17,16,5.68,Oisix Albirex,
Mikami Tomoya,19,2,3,0,0,0,.400,84,17,.2,25,1,5,0,0,21,0,0,17,15,7.64,Oisix Albirex,
Miyasato Yuwa,7,0,0,0,0,0,.000,29,6,.2,3,0,6,0,0,6,0,0,1,1,1.35,Oisix Albirex,
Namba Shu,19,2,0,0,0,0,1.000,116,27,.1,31,1,6,0,1,17,0,0,14,14,4.61,Oisix Albirex,
Nishimura Riku,31,0,2,0,0,0,.000,89,18,,30,1,6,0,0,4,0,0,9,9,4.50,Oisix Albirex,
Noto Syuto,19,10,3,0,0,0,.769,471,110,,102,3,44,0,1,84,4,1,37,32,2.62,Oisix Albirex,
Padysak Daniel,2,0,0,0,0,0,.000,21,5,,4,0,4,0,0,2,1,0,0,0,0.00,Oisix Albirex,
Suzuki Hayato,18,1,0,0,0,0,1.000,72,18,.1,15,0,6,0,0,11,2,0,6,6,2.95,Oisix Albirex,
Takada Takuto,16,1,4,0,0,0,.200,284,63,.2,77,7,22,0,0,39,1,0,40,34,4.81,Oisix Albirex,
Takano Yu,5,0,0,0,0,0,.000,43,9,,14,1,4,0,0,3,1,0,7,7,7.00,Oisix Albirex,
Takimoto Masaki,2,0,0,0,0,0,.000,22,2,.1,7,0,8,0,0,3,2,0,11,11,42.43,Oisix Albirex,
Uchida Kenta,8,1,0,0,0,0,1.000,40,7,.1,9,0,10,0,0,4,0,0,8,8,9.82,Oisix Albirex,
Uemura Tomoki,44,2,5,26,0,0,.286,176,42,.1,32,1,24,1,2,37,5,0,13,11,2.34,Oisix Albirex,
Yabuta Kazuki,19,2,8,0,0,0,.200,469,100,.2,131,10,42,0,0,47,5,0,68,55,4.92,Oisix Albirex,
Yamashita Kazuma,11,0,1,0,0,0,.000,73,13,.1,21,0,11,0,2,12,2,0,19,10,6.75,Oisix Albirex,
Adachi Masahiko,18,1,5,0,0,0,.167,274,62,,82,6,14,0,0,35,2,0,37,35,5.08,HAYATE Ventures,
Fujioka Yoshiaki,24,1,1,3,0,0,.500,103,24,,30,2,2,0,1,15,2,0,13,10,3.75,HAYATE Ventures,
Hamamoto Ken,24,0,1,1,0,0,.000,125,24,,32,2,21,0,1,16,1,0,31,28,10.50,HAYATE Ventures,
Ikeya Sohta,23,2,4,0,0,0,.333,122,26,.1,35,1,14,1,1,21,0,0,11,8,2.73,HAYATE Ventures,
Kasashima Naoki,16,3,5,0,0,0,.375,370,88,.1,80,3,26,0,5,62,1,1,34,24,2.45,HAYATE Ventures,
Kurahashi Dojin,25,0,2,0,0,0,.000,124,27,.2,28,1,20,0,0,20,4,0,15,11,3.58,HAYATE Ventures,
Miyaji Yura,17,0,2,3,0,0,.000,78,17,.1,17,1,7,1,3,21,0,0,8,6,3.12,HAYATE Ventures,
Noguchi Wataru,16,1,3,0,0,0,.250,130,23,.1,35,1,30,0,5,17,2,0,25,23,8.87,HAYATE Ventures,
Nomura Yuhki,34,1,3,0,0,0,.250,158,34,,38,0,17,0,3,24,1,1,15,14,3.71,HAYATE Ventures,
Nozato Keishiro,34,2,0,5,0,0,1.000,155,34,,39,0,10,0,2,19,2,0,11,9,2.38,HAYATE Ventures,
Ochiai Shuichi,14,1,1,0,0,0,.500,89,20,,11,0,17,0,3,16,1,2,10,10,4.50,HAYATE Ventures,
Ohbae Kohshi,16,0,2,0,0,0,.000,100,18,,22,2,20,0,3,11,0,0,18,11,5.50,HAYATE Ventures,
Ohtake Fuga,2,0,2,0,0,0,.000,43,9,.1,11,0,3,0,1,8,0,0,6,6,5.79,HAYATE Ventures,
Oishi Wataru,17,3,9,0,1,0,.250,331,75,.1,85,1,32,0,2,42,1,0,43,33,3.94,HAYATE Ventures,
Okuda Kanata,17,2,8,0,0,0,.200,372,85,.1,110,1,19,0,2,34,4,1,39,37,3.90,HAYATE Ventures,
Okuda Kensei,14,0,0,0,0,0,.000,71,9,,17,1,20,0,7,6,3,0,22,22,22.00,HAYATE Ventures,
Satoh Hiroki,16,1,8,0,0,0,.111,301,69,.1,63,2,43,0,1,45,11,0,34,29,3.76,HAYATE Ventures,
Shohji Aoba,4,0,0,0,0,0,.000,12,1,,0,0,8,0,0,3,2,0,6,5,45.00,HAYATE Ventures,
Takatori Shonosuke,13,2,4,0,1,0,.333,243,59,,55,3,23,0,2,36,2,0,21,20,3.05,HAYATE Ventures,
Takeuchi Keito,26,3,1,0,0,0,.750,153,35,.2,33,3,15,0,2,22,1,3,18,13,3.28,HAYATE Ventures,
Tamura Tomoki,8,3,4,0,0,0,.429,126,31,,31,2,8,0,1,22,0,1,16,14,4.06,HAYATE Ventures,
Tanaka Kenjiro,31,3,0,3,0,0,1.000,136,34,.2,30,1,6,0,1,28,0,0,8,8,2.08,HAYATE Ventures,
Yamada Ryu,18,0,2,9,0,0,.000,85,17,.1,21,1,14,0,0,8,1,0,14,13,6.75,HAYATE Ventures,
Yamada Ryusei,9,2,2,0,0,0,.500,182,45,.1,31,1,21,0,0,36,2,0,10,9,1.79,HAYATE Ventures,
