Player,G,PA,AB,R,H,2B,3B,HR,TB,RBI,SB,CS,SH,SF,BB,IBB,HP,SO,GDP,AVG,SLG,OBP,Team,
Arnaez Jean,56,183,165,13,35,6,0,1,44,15,0,0,1,1,14,0,2,21,2,.212,.267,.280,Hanshin Tigers,
Beasley Jeremy,11,9,8,0,1,0,0,0,1,0,0,0,1,0,0,0,0,3,0,.125,.125,.125,Hanshin Tigers,
Betances Jose,18,0,0,0,0,0,0,0,0,0,0,0,0,0,0,0,0,0,0,.000,.000,.000,Hanshin Tigers,
Consuegra Stanley,22,52,49,3,8,1,0,0,9,5,0,0,0,1,2,0,0,16,0,.163,.184,.192,Hanshin Tigers,
Dolis Rafael,2,0,0,0,0,0,0,0,0,0,0,0,0,0,0,0,0,0,0,.000,.000,.000,Hanshin Tigers,
Duplantier Jon,3,1,1,0,0,0,0,0,0,0,0,0,0,0,0,0,0,1,0,.000,.000,.000,Hanshin Tigers,
Fujita Kento,30,57,53,5,8,0,1,0,10,5,1,0,1,0,3,0,0,13,1,.151,.189,.196,Hanshin Tigers,
Fukushima Kein,78,153,127,29,26,3,2,1,36,13,17,3,4,2,18,0,2,14,6,.205,.283,.309,Hanshin Tigers,
Guerra Javy,29,0,0,0,0,0,0,0,0,0,0,0,0,0,0,0,0,0,0,.000,.000,.000,Hanshin Tigers,
Haraguchi Fumihito,45,107,99,9,24,4,1,3,39,18,0,0,0,1,5,0,2,21,3,.242,.394,.290,Hanshin Tigers,
Hartwig Grant,1,0,0,0,0,0,0,0,0,0,0,0,0,0,0,0,0,0,0,.000,.000,.000,Hanshin Tigers,
Hatake Seishu,5,0,0,0,0,0,0,0,0,0,0,0,0,0,0,0,0,0,0,.000,.000,.000,Hanshin Tigers,
Hayakawa Daiki,14,0,0,0,0,0,0,0,0,0,0,0,0,0,0,0,0,0,0,.000,.000,.000,Hanshin Tigers,
Hernandez Ramon,34,123,108,16,29,10,0,6,57,22,1,0,0,0,11,0,4,14,0,.269,.528,.358,Hanshin Tigers,
Ibaragi Hidetoshi,3,0,0,0,0,0,0,0,0,0,0,0,0,0,0,0,0,0,0,.000,.000,.000,Hanshin Tigers,
Ihara Takato,1,0,0,0,0,0,0,0,0,0,0,0,0,0,0,0,0,0,0,.000,.000,.000,Hanshin Tigers,
Inoue Kouta,68,241,213,30,51,8,2,7,84,29,0,1,0,2,17,0,9,72,2,.239,.394,.320,Hanshin Tigers,
Ishiguro Yuya,8,0,0,0,0,0,0,0,0,0,0,0,0,0,0,0,0,0,0,.000,.000,.000,Hanshin Tigers,
Ishii Daichi,1,0,0,0,0,0,0,0,0,0,0,0,0,0,0,0,0,0,0,.000,.000,.000,Hanshin Tigers,
Itoh Masashi,8,6,4,0,1,0,0,0,1,0,0,0,1,0,1,0,0,2,0,.250,.250,.400,Hanshin Tigers,
Itoh Ryo,16,0,0,0,0,0,0,0,0,0,0,0,0,0,0,0,0,0,0,.000,.000,.000,Hanshin Tigers,
Itohara Kento,4,14,11,2,3,1,0,0,4,1,0,0,0,0,2,0,1,3,0,.273,.364,.429,Hanshin Tigers,
Itsubo Hinase,69,245,216,25,58,7,0,2,71,18,5,6,4,1,16,0,8,23,10,.269,.329,.340,Hanshin Tigers,
Iwasada Yuta,16,0,0,0,0,0,0,0,0,0,0,0,0,0,0,0,0,0,0,.000,.000,.000,Hanshin Tigers,
Kawahara Riku,14,0,0,0,0,0,0,0,0,0,0,0,0,0,0,0,0,0,0,.000,.000,.000,Hanshin Tigers,
Kawasaki Toshiaki,26,27,22,5,3,0,0,0,3,1,1,0,1,0,4,0,0,4,1,.136,.136,.269,Hanshin Tigers,
Kesamaru Yuki,9,0,0,0,0,0,0,0,0,0,0,0,0,0,0,0,0,0,0,.000,.000,.000,Hanshin Tigers,
Kinami Seiya,23,96,82,11,20,2,0,0,22,10,1,1,3,2,5,1,4,10,3,.244,.268,.312,Hanshin Tigers,
Kinoshita Rito,22,0,0,0,0,0,0,0,0,0,0,0,0,0,0,0,0,0,0,.000,.000,.000,Hanshin Tigers,
Kudo Taisei,18,0,0,0,0,0,0,0,0,0,0,0,0,0,0,0,0,0,0,.000,.000,.000,Hanshin Tigers,
Kumagai Takahiro,7,7,6,0,2,0,0,0,2,0,2,0,1,0,0,0,0,1,0,.333,.333,.333,Hanshin Tigers,
Kusumoto Taishi,45,115,100,12,31,9,1,0,42,12,1,0,0,0,12,1,3,25,1,.310,.420,.400,Hanshin Tigers,
Machida Hayato,22,51,46,2,5,1,0,0,6,7,0,0,0,0,5,0,0,10,1,.109,.130,.196,Hanshin Tigers,
Maegawa Ukyo,25,107,85,16,32,9,1,2,49,14,0,0,0,1,17,0,4,18,1,.376,.576,.495,Hanshin Tigers,
Martinez Anthony,5,0,0,0,0,0,0,0,0,0,0,0,0,0,0,0,0,0,0,.000,.000,.000,Hanshin Tigers,
Matsubara Kai,32,0,0,0,0,0,0,0,0,0,0,0,0,0,0,0,0,0,0,.000,.000,.000,Hanshin Tigers,
Mombetsu Keito,6,4,4,0,0,0,0,0,0,0,0,0,0,0,0,0,0,2,0,.000,.000,.000,Hanshin Tigers,
Momosaki Aoi,79,265,238,28,70,15,1,1,90,21,3,3,3,1,19,0,4,54,5,.294,.378,.355,Hanshin Tigers,
Moriki Daichi,13,0,0,0,0,0,0,0,0,0,0,0,0,0,0,0,0,0,0,.000,.000,.000,Hanshin Tigers,
Murakami Shoki,1,0,0,0,0,0,0,0,0,0,0,0,0,0,0,0,0,0,0,.000,.000,.000,Hanshin Tigers,
Nagasaka Kenya,37,109,82,9,17,2,0,0,19,10,1,0,5,1,21,1,0,28,2,.207,.232,.365,Hanshin Tigers,
Nakagawa Hayato,43,128,111,14,25,8,1,2,41,11,1,1,1,1,11,0,4,28,1,.225,.369,.315,Hanshin Tigers,
Nelson Nick,5,0,0,0,0,0,0,0,0,0,0,0,0,0,0,0,0,0,0,.000,.000,.000,Hanshin Tigers,
Nishi Yuki,10,2,1,0,0,0,0,0,0,0,0,0,1,0,0,0,0,1,0,.000,.000,.000,Hanshin Tigers,
Noguchi Kyosuke,61,208,189,18,45,9,0,1,57,22,4,1,2,1,15,0,1,23,3,.238,.302,.296,Hanshin Tigers,
Obata Ryuhei,3,9,9,1,2,0,0,0,2,0,1,0,0,0,0,0,0,2,0,.222,.222,.222,Hanshin Tigers,
Ogawa Ippei,2,0,0,0,0,0,0,0,0,0,0,0,0,0,0,0,0,0,0,.000,.000,.000,Hanshin Tigers,
Ohtake Koutaro,5,5,4,0,2,0,0,0,2,0,0,0,1,0,0,0,0,2,0,.500,.500,.500,Hanshin Tigers,
Okadome Hidetaka,21,0,0,0,0,0,0,0,0,0,0,0,0,0,0,0,0,0,0,.000,.000,.000,Hanshin Tigers,
Onodera Dan,49,188,162,21,42,13,1,2,63,20,4,1,1,1,23,0,1,33,6,.259,.389,.353,Hanshin Tigers,
Saiki Hiroto,1,0,0,0,0,0,0,0,0,0,0,0,0,0,0,0,0,0,0,.000,.000,.000,Hanshin Tigers,
Sakaeda Yuki,10,36,31,3,9,3,1,0,14,8,2,0,1,0,4,0,0,4,1,.290,.452,.371,Hanshin Tigers,
Sano Taiyo,64,254,225,28,65,6,1,0,73,17,5,1,6,0,20,0,3,29,6,.289,.324,.355,Hanshin Tigers,
Satoh Ren,19,0,0,0,0,0,0,0,0,0,0,0,0,0,0,0,0,0,0,.000,.000,.000,Hanshin Tigers,
Shiiba Tsuyoshi,30,0,0,0,0,0,0,0,0,0,0,0,0,0,0,0,0,0,0,.000,.000,.000,Hanshin Tigers,
Shimada Kairi,27,91,84,14,35,1,2,0,40,8,5,2,1,0,5,0,1,10,2,.417,.476,.456,Hanshin Tigers,
Shimamoto Hiroya,19,0,0,0,0,0,0,0,0,0,0,0,0,0,0,0,0,0,0,.000,.000,.000,Hanshin Tigers,
Shimamura Rinshiro,40,108,98,11,25,4,0,1,32,14,0,1,0,2,8,0,0,13,3,.255,.327,.306,Hanshin Tigers,
Suzuki Yuto,1,0,0,0,0,0,0,0,0,0,0,0,0,0,0,0,0,0,0,.000,.000,.000,Hanshin Tigers,
Takahashi Haruto,3,0,0,0,0,0,0,0,0,0,0,0,0,0,0,0,0,0,0,.000,.000,.000,Hanshin Tigers,
Takatera Nozomu,8,37,35,5,16,4,1,0,22,7,2,1,0,0,2,0,0,5,0,.457,.629,.486,Hanshin Tigers,
Toi Reiji,65,171,142,20,25,3,0,2,34,13,1,1,4,4,21,1,0,31,6,.176,.239,.275,Hanshin Tigers,
Tomida Ren,21,1,1,0,0,0,0,0,0,0,0,0,0,0,0,0,0,0,0,.000,.000,.000,Hanshin Tigers,
Toyoda Hiroshi,27,95,81,10,25,1,1,0,28,6,1,3,4,0,10,0,0,7,4,.309,.346,.385,Hanshin Tigers,
Tsuda Junya,12,0,0,0,0,0,0,0,0,0,0,0,0,0,0,0,0,0,0,.000,.000,.000,Hanshin Tigers,
Urushihara Taisei,19,0,0,0,0,0,0,0,0,0,0,0,0,0,0,0,0,0,0,.000,.000,.000,Hanshin Tigers,
Watanabe Ryo,32,115,97,6,23,4,0,0,27,10,0,0,0,0,17,1,1,17,2,.237,.278,.357,Hanshin Tigers,
Yamada Shuya,71,209,176,20,32,6,0,2,44,25,6,3,6,1,26,0,0,32,3,.182,.250,.286,Hanshin Tigers,
Yuasa Atsuki,10,0,0,0,0,0,0,0,0,0,0,0,0,0,0,0,0,0,0,.000,.000,.000,Hanshin Tigers,
Aduwa Makoto,12,3,2,0,0,0,0,0,0,0,0,0,0,0,1,0,0,1,0,.000,.000,.333,Hiroshima Carp,
Akatsuka Kento,18,0,0,0,0,0,0,0,0,0,0,0,0,0,0,0,0,0,0,.000,.000,.000,Hiroshima Carp,
Akiyama Shogo,5,13,11,2,4,0,0,0,4,0,0,0,0,0,2,0,0,0,0,.364,.364,.462,Hiroshima Carp,
Dohbayashi Shota,11,28,24,3,5,2,0,1,10,4,0,0,1,1,2,0,0,5,0,.208,.417,.259,Hiroshima Carp,
Dominguez Johan,8,4,3,0,0,0,0,0,0,0,0,0,1,0,0,0,0,1,1,.000,.000,.000,Hiroshima Carp,
Endoh Atsushi,20,0,0,0,0,0,0,0,0,0,0,0,0,0,0,0,0,0,0,.000,.000,.000,Hiroshima Carp,
Futamata Shoichi,28,92,81,9,20,1,0,3,30,9,0,0,0,3,7,0,1,19,6,.247,.370,.304,Hiroshima Carp,
Hasebe Ginji,28,0,0,0,0,0,0,0,0,0,0,0,0,0,0,0,0,0,0,.000,.000,.000,Hiroshima Carp,
Hatsuki Ryutaro,9,23,17,7,5,1,0,0,6,0,3,0,1,0,5,0,0,2,0,.294,.353,.455,Hiroshima Carp,
Hayashi Kota,53,202,168,19,46,5,0,7,72,23,0,2,0,4,24,0,6,43,3,.274,.429,.376,Hiroshima Carp,
Hidaka Atsumi,15,1,1,0,0,0,0,0,0,0,0,0,0,0,0,0,0,0,0,.000,.000,.000,Hiroshima Carp,
Horie Atsuya,12,0,0,0,0,0,0,0,0,0,0,0,0,0,0,0,0,0,0,.000,.000,.000,Hiroshima Carp,
Ishihara Tomoki,7,18,17,1,5,1,0,0,6,1,0,1,1,0,0,0,0,3,3,.294,.353,.294,Hiroshima Carp,
Isomura Yoshitaka,18,60,54,4,14,1,0,0,15,6,1,0,1,1,2,0,2,7,4,.259,.278,.305,Hiroshima Carp,
Kawano Kei,22,0,0,0,0,0,0,0,0,0,0,0,0,0,0,0,0,0,0,.000,.000,.000,Hiroshima Carp,
Kemna Makoto,16,0,0,0,0,0,0,0,0,0,0,0,0,0,0,0,0,0,0,.000,.000,.000,Hiroshima Carp,
Kikuchi Harun,7,0,0,0,0,0,0,0,0,0,0,0,0,0,0,0,0,0,0,.000,.000,.000,Hiroshima Carp,
Kobayashi Tatsuto,26,0,0,0,0,0,0,0,0,0,0,0,0,0,0,0,0,0,0,.000,.000,.000,Hiroshima Carp,
Kobune Tsubasa,6,0,0,0,0,0,0,0,0,0,0,0,0,0,0,0,0,0,0,.000,.000,.000,Hiroshima Carp,
Kubo Shu,62,173,151,20,36,6,0,1,45,11,3,4,4,1,14,0,3,24,4,.238,.298,.314,Hiroshima Carp,
Maekawa Seita,71,261,226,23,63,7,2,0,74,20,2,2,8,4,23,0,0,21,9,.279,.327,.340,Hiroshima Carp,
Masuda Takehisa,29,0,0,0,0,0,0,0,0,0,0,0,0,0,0,0,0,0,0,.000,.000,.000,Hiroshima Carp,
Matsumoto Ryuya,25,0,0,0,0,0,0,0,0,0,0,0,0,0,0,0,0,0,0,.000,.000,.000,Hiroshima Carp,
Matsuyama Ryuhei,37,80,70,4,19,4,0,1,26,10,0,1,0,1,9,0,0,9,0,.271,.371,.350,Hiroshima Carp,
Mochimaru Taiki,36,95,90,1,7,1,0,0,8,2,1,0,1,0,3,0,1,25,1,.078,.089,.117,Hiroshima Carp,
Montero Elehuris,2,8,8,1,2,0,0,1,5,1,0,0,0,0,0,0,0,1,0,.250,.625,.250,Hiroshima Carp,
Nabara Norihiko,36,67,60,11,15,1,1,0,18,4,5,0,1,2,4,0,0,5,1,.250,.300,.288,Hiroshima Carp,
Nakada Yuto,64,205,189,8,42,5,0,0,47,16,0,0,1,2,11,0,2,50,8,.222,.249,.270,Hiroshima Carp,
Nakamura Kento,59,210,186,20,53,4,2,4,73,16,1,0,3,0,19,0,2,44,7,.285,.392,.357,Hiroshima Carp,
Nakamura Shosei,11,30,28,3,10,2,0,0,12,3,2,1,0,0,2,0,0,4,1,.357,.429,.400,Hiroshima Carp,
Nakamura Takahiro,64,234,208,23,56,14,0,5,85,34,3,3,0,3,19,1,4,52,8,.269,.409,.338,Hiroshima Carp,
Nirasawa Yuya,38,92,86,8,20,2,2,1,29,5,0,1,3,0,3,0,0,11,2,.233,.337,.258,Hiroshima Carp,
Noma Takayoshi,2,7,6,1,1,0,0,0,1,0,0,0,0,0,1,0,0,1,0,.167,.167,.286,Hiroshima Carp,
Ohmichi Haruki,29,0,0,0,0,0,0,0,0,0,0,0,0,0,0,0,0,0,0,.000,.000,.000,Hiroshima Carp,
Ohmori Minoru,6,23,23,1,2,0,0,0,2,2,1,1,0,0,0,0,0,5,0,.087,.087,.087,Hiroshima Carp,
Ohsera Daichi,1,1,0,0,0,0,0,0,0,0,0,0,1,0,0,0,0,0,0,.000,.000,.000,Hiroshima Carp,
Okamoto Shun,3,0,0,0,0,0,0,0,0,0,0,0,0,0,0,0,0,0,0,.000,.000,.000,Hiroshima Carp,
Ramirez Moises,48,158,149,6,28,6,1,3,45,12,0,0,0,1,6,0,2,53,5,.188,.302,.228,Hiroshima Carp,
Roberto Nelson,35,96,94,9,15,8,0,2,29,3,1,1,0,0,1,0,1,40,2,.160,.309,.177,Hiroshima Carp,
Saitoh Yuta,26,1,1,0,0,0,0,0,0,0,0,0,0,0,0,0,0,0,0,.000,.000,.000,Hiroshima Carp,
Sakakura Shogo,5,14,13,2,3,1,0,0,4,2,0,0,0,0,1,0,0,1,0,.231,.308,.286,Hiroshima Carp,
Sasaki Tai,9,27,25,2,14,2,0,1,19,4,1,0,0,0,2,0,0,0,0,.560,.760,.593,Hiroshima Carp,
Sato Keisuke,63,195,176,22,47,5,0,2,58,19,2,0,3,1,15,0,0,23,5,.267,.330,.323,Hiroshima Carp,
Sato Ryunosuke,11,1,1,0,0,0,0,0,0,0,0,0,0,0,0,0,0,0,0,.000,.000,.000,Hiroshima Carp,
Shimizu Kanato,40,109,96,8,17,3,0,0,20,2,0,1,4,1,7,0,1,20,3,.177,.208,.238,Hiroshima Carp,
Suekane Shota,2,8,8,0,1,0,0,0,1,0,0,0,0,0,0,0,0,2,0,.125,.125,.125,Hiroshima Carp,
Sugihara Mirai,14,0,0,0,0,0,0,0,0,0,0,0,0,0,0,0,0,0,0,.000,.000,.000,Hiroshima Carp,
Sugita Takeru,13,0,0,0,0,0,0,0,0,0,0,0,0,0,0,0,0,0,0,.000,.000,.000,Hiroshima Carp,
Suzuki Kenya,10,1,1,0,0,0,0,0,0,0,0,0,0,0,0,0,0,1,0,.000,.000,.000,Hiroshima Carp,
Taka Taichi,14,1,1,0,0,0,0,0,0,0,0,0,0,0,0,0,0,0,0,.000,.000,.000,Hiroshima Carp,
Takagi Shoto,26,44,38,5,8,0,0,0,8,1,0,0,2,0,4,0,0,6,0,.211,.211,.286,Hiroshima Carp,
Takahashi Kouya,10,1,0,0,0,0,0,0,0,0,0,0,1,0,0,0,0,0,0,.000,.000,.000,Hiroshima Carp,
Takeshita Kaito,6,0,0,0,0,0,0,0,0,0,0,0,0,0,0,0,0,0,0,.000,.000,.000,Hiroshima Carp,
Takita Kazuki,19,1,1,0,0,0,0,0,0,0,0,0,0,0,0,0,0,1,0,.000,.000,.000,Hiroshima Carp,
Tamamura Shogo,3,2,1,0,0,0,0,0,0,0,0,0,1,0,0,0,0,1,0,.000,.000,.000,Hiroshima Carp,
Tamura Shunsuke,46,162,139,13,33,5,0,1,41,14,3,1,0,0,21,1,2,36,6,.237,.295,.346,Hiroshima Carp,
Tanaka Kosuke,44,172,137,28,45,6,4,1,62,13,5,1,0,0,33,0,2,18,1,.328,.453,.465,Hiroshima Carp,
Tsuji Taiga,23,0,0,0,0,0,0,0,0,0,0,0,0,0,0,0,0,0,0,.000,.000,.000,Hiroshima Carp,
Tsunehiro Hayato,15,0,0,0,0,0,0,0,0,0,0,0,0,0,0,0,0,0,0,.000,.000,.000,Hiroshima Carp,
Uchida Shodai,61,185,173,10,34,9,0,1,46,10,0,2,3,1,6,0,2,43,5,.197,.266,.231,Hiroshima Carp,
Uemoto Takashi,22,83,71,8,20,3,1,0,25,4,1,2,1,0,9,0,2,14,2,.282,.352,.378,Hiroshima Carp,
Ugusa Koki,33,77,72,8,16,1,3,0,23,7,2,1,0,1,3,0,1,22,0,.222,.319,.260,Hiroshima Carp,
Watanabe Yuto,39,139,130,6,30,7,0,1,40,10,0,0,0,0,7,0,2,23,9,.231,.308,.281,Hiroshima Carp,
Yamaashi Tatsuya,33,99,83,13,20,1,1,1,26,9,2,0,4,1,11,0,0,8,4,.241,.313,.326,Hiroshima Carp,
Yano Masaya,1,4,4,0,0,0,0,0,0,0,0,0,0,0,0,0,0,2,0,.000,.000,.000,Hiroshima Carp,
Yasutake Toshiki,11,15,13,2,2,1,0,0,3,0,0,0,1,0,1,0,0,5,2,.154,.231,.214,Hiroshima Carp,
Aibara Ryunosuke,41,81,70,8,12,1,0,1,16,2,3,0,1,1,9,0,0,12,2,.171,.229,.263,DeNA BayStars,
Austin Tyler,7,24,20,5,8,1,1,1,14,3,0,0,0,0,4,0,0,3,1,.400,.700,.500,DeNA BayStars,
Azuma Junpei,47,157,136,17,34,8,0,3,51,16,3,1,2,1,14,0,4,38,4,.250,.375,.335,DeNA BayStars,
Bauer Trevor,1,0,0,0,0,0,0,0,0,0,0,0,0,0,0,0,0,0,0,.000,.000,.000,DeNA BayStars,
Chino Naoto,65,167,147,22,35,8,1,3,54,17,9,3,0,0,19,0,1,29,4,.238,.367,.329,DeNA BayStars,
Diaz Yofrec,14,0,0,0,0,0,0,0,0,0,0,0,0,0,0,0,0,0,0,.000,.000,.000,DeNA BayStars,
Ebina Tatsuo,3,13,12,1,4,0,0,0,4,0,0,0,0,0,0,0,1,2,0,.333,.333,.385,DeNA BayStars,
Ford Mike,3,10,9,0,1,0,0,0,1,0,0,0,0,0,1,0,0,0,0,.111,.111,.200,DeNA BayStars,
Fujinami Shintaro,3,0,0,0,0,0,0,0,0,0,0,0,0,0,0,0,0,0,0,.000,.000,.000,DeNA BayStars,
Fukazawa Osuke,2,0,0,0,0,0,0,0,0,0,0,0,0,0,0,0,0,0,0,.000,.000,.000,DeNA BayStars,
Hamachi Masumi,10,0,0,0,0,0,0,0,0,0,0,0,0,0,0,0,0,0,0,.000,.000,.000,DeNA BayStars,
Hashimoto Tatsuya,26,0,0,0,0,0,0,0,0,0,0,0,0,0,0,0,0,0,0,.000,.000,.000,DeNA BayStars,
Hayashi Takuma,8,27,26,7,11,1,1,2,20,6,3,2,0,0,1,0,0,1,1,.423,.769,.444,DeNA BayStars,
Horioka Hayato,22,0,0,0,0,0,0,0,0,0,0,0,0,0,0,0,0,0,0,.000,.000,.000,DeNA BayStars,
Inoue Kento,67,289,264,31,68,12,3,8,110,42,5,4,2,4,14,0,5,47,2,.258,.417,.303,DeNA BayStars,
Irie Taisei,4,0,0,0,0,0,0,0,0,0,0,0,0,0,0,0,0,0,0,.000,.000,.000,DeNA BayStars,
Ishida Kenta,15,0,0,0,0,0,0,0,0,0,0,0,0,0,0,0,0,0,0,.000,.000,.000,DeNA BayStars,
Ishida Yutaro,2,0,0,0,0,0,0,0,0,0,0,0,0,0,0,0,0,0,0,.000,.000,.000,DeNA BayStars,
Ishikami Taiki,26,115,94,14,30,6,1,0,38,12,4,1,1,2,17,0,1,17,2,.319,.404,.421,DeNA BayStars,
Itoh Hikaru,55,179,156,17,48,11,0,2,65,20,1,0,0,2,15,0,6,33,3,.308,.417,.385,DeNA BayStars,
Iwata Masaki,28,0,0,0,0,0,0,0,0,0,0,0,0,0,0,0,0,0,0,.000,.000,.000,DeNA BayStars,
Jackson Andre,1,1,1,0,0,0,0,0,0,0,0,0,0,0,0,0,0,1,0,.000,.000,.000,DeNA BayStars,
Joko Ryota,36,83,70,8,16,3,0,2,25,9,0,0,4,0,9,0,0,23,0,.229,.357,.316,DeNA BayStars,
Kajiwara Kouki,28,124,113,16,33,4,1,4,51,17,9,2,1,1,7,0,2,29,1,.292,.451,.341,DeNA BayStars,
Kamizato Kazuki,31,128,101,16,29,3,1,0,34,2,3,0,3,0,24,0,0,26,2,.287,.337,.424,DeNA BayStars,
Kanabuchi Koki,2,0,0,0,0,0,0,0,0,0,0,0,0,0,0,0,0,0,0,.000,.000,.000,DeNA BayStars,
Kasaya Shunsuke,1,0,0,0,0,0,0,0,0,0,0,0,0,0,0,0,0,0,0,.000,.000,.000,DeNA BayStars,
Kato Hibiki,82,319,292,32,65,16,1,4,95,29,3,4,3,1,22,0,1,41,4,.223,.325,.278,DeNA BayStars,
Katsumata Atsushi,71,259,240,28,63,9,1,3,83,21,4,1,3,2,10,0,3,30,9,.263,.346,.298,DeNA BayStars,
Kobari Daiki,15,55,50,3,13,0,0,0,13,6,2,1,1,0,3,0,1,12,1,.260,.260,.315,DeNA BayStars,
Kondo Taiga,9,15,13,1,1,0,0,0,1,2,0,0,0,0,1,0,1,3,1,.077,.077,.200,DeNA BayStars,
Konno Ryuto,7,0,0,0,0,0,0,0,0,0,0,0,0,0,0,0,0,0,0,.000,.000,.000,DeNA BayStars,
Kozono Kenta,15,0,0,0,0,0,0,0,0,0,0,0,0,0,0,0,0,0,0,.000,.000,.000,DeNA BayStars,
Kuki Ryuhei,69,252,219,29,53,11,2,5,83,33,4,1,2,1,30,0,0,47,7,.242,.379,.332,DeNA BayStars,
Kusano Haruto,2,0,0,0,0,0,0,0,0,0,0,0,0,0,0,0,0,0,0,.000,.000,.000,DeNA BayStars,
Kuwahara Masayuki,2,7,6,1,1,0,0,0,1,0,0,0,0,0,0,0,1,1,0,.167,.167,.286,DeNA BayStars,
Kyoyama Masaya,17,0,0,0,0,0,0,0,0,0,0,0,0,0,0,0,0,0,0,.000,.000,.000,DeNA BayStars,
Marcelino Hansel,34,0,0,0,0,0,0,0,0,0,0,0,0,0,0,0,0,0,0,.000,.000,.000,DeNA BayStars,
Mashiko Kyosuke,41,139,120,11,29,4,0,3,42,16,0,1,0,2,15,0,2,24,5,.242,.350,.331,DeNA BayStars,
Matsumoto Ryoto,35,0,0,0,0,0,0,0,0,0,0,0,0,0,0,0,0,0,0,.000,.000,.000,DeNA BayStars,
Matsumoto Ryunosuke,2,0,0,0,0,0,0,0,0,0,0,0,0,0,0,0,0,0,0,.000,.000,.000,DeNA BayStars,
Matsuo Shion,10,36,34,3,12,3,0,0,15,6,0,0,0,1,1,0,0,4,0,.353,.441,.361,DeNA BayStars,
Mimori Masaki,1,3,3,1,2,1,0,0,3,0,0,0,0,0,0,0,0,0,0,.667,1.000,.667,DeNA BayStars,
Mishima Kazuki,24,0,0,0,0,0,0,0,0,0,0,0,0,0,0,0,0,0,0,.000,.000,.000,DeNA BayStars,
Miyagi Daita,1,0,0,0,0,0,0,0,0,0,0,0,0,0,0,0,0,0,0,.000,.000,.000,DeNA BayStars,
Miyazaki Toshiro,3,8,8,0,1,1,0,0,2,0,0,0,0,0,0,0,0,1,1,.125,.250,.125,DeNA BayStars,
Mori Keito,22,91,80,9,23,2,0,0,25,5,1,3,0,1,10,1,0,14,3,.288,.313,.363,DeNA BayStars,
Mori Yuito,29,0,0,0,0,0,0,0,0,0,0,0,0,0,0,0,0,0,0,.000,.000,.000,DeNA BayStars,
Morihara Kohei,17,0,0,0,0,0,0,0,0,0,0,0,0,0,0,0,0,0,0,.000,.000,.000,DeNA BayStars,
Morishita Ryudai,3,0,0,0,0,0,0,0,0,0,0,0,0,0,0,0,0,0,0,.000,.000,.000,DeNA BayStars,
Nakagawa Hayate,1,0,0,0,0,0,0,0,0,0,0,0,0,0,0,0,0,0,0,.000,.000,.000,DeNA BayStars,
Nakagawa Koh,10,0,0,0,0,0,0,0,0,0,0,0,0,0,0,0,0,0,0,.000,.000,.000,DeNA BayStars,
Nishimaki Kenji,55,150,132,25,36,3,1,3,50,12,14,7,2,0,13,0,3,26,5,.273,.379,.351,DeNA BayStars,
Ogasawara Sou,9,12,12,0,1,0,0,0,1,0,0,0,0,0,0,0,0,6,0,.083,.083,.083,DeNA BayStars,
Ohnuki Shinichi,2,1,1,0,0,0,0,0,0,0,0,0,0,0,0,0,0,1,0,.000,.000,.000,DeNA BayStars,
Sakamoto Yuya,12,0,0,0,0,0,0,0,0,0,0,0,0,0,0,0,0,0,0,.000,.000,.000,DeNA BayStars,
Sasaki Chihaya,25,0,0,0,0,0,0,0,0,0,0,0,0,0,0,0,0,0,0,.000,.000,.000,DeNA BayStars,
Sekine Taiki,63,255,222,20,61,9,1,1,75,25,8,3,12,2,18,0,1,17,3,.275,.338,.329,DeNA BayStars,
Shibata Tatsuhiro,5,20,18,2,4,2,0,0,6,3,1,0,1,0,0,0,1,3,0,.222,.333,.263,DeNA BayStars,
Shimizu Manato,2,0,0,0,0,0,0,0,0,0,0,0,0,0,0,0,0,0,0,.000,.000,.000,DeNA BayStars,
Shinogi Kentaro,25,0,0,0,0,0,0,0,0,0,0,0,0,0,0,0,0,0,0,.000,.000,.000,DeNA BayStars,
Shoji Haruto,17,0,0,0,0,0,0,0,0,0,0,0,0,0,0,0,0,0,0,.000,.000,.000,DeNA BayStars,
Suzuki Ren,35,87,78,6,13,2,0,1,18,6,0,0,1,0,8,0,0,18,3,.167,.231,.244,DeNA BayStars,
Taira Kentaro,6,0,0,0,0,0,0,0,0,0,0,0,0,0,0,0,0,0,0,.000,.000,.000,DeNA BayStars,
Takamizawa Ikumi,35,119,109,15,21,4,0,2,31,11,0,0,1,1,8,0,0,26,3,.193,.284,.246,DeNA BayStars,
Takeda Riku,47,99,91,7,18,0,0,0,18,5,0,1,1,1,6,0,0,28,3,.198,.198,.245,DeNA BayStars,
Takeda Yu,14,0,0,0,0,0,0,0,0,0,0,0,0,0,0,0,0,0,0,.000,.000,.000,DeNA BayStars,
Tanai Manato,61,191,178,16,40,11,4,0,59,11,1,0,1,0,11,0,1,32,7,.225,.331,.274,DeNA BayStars,
Tobashira Yasutaka,1,1,1,0,0,0,0,0,0,0,0,0,0,0,0,0,0,0,1,.000,.000,.000,DeNA BayStars,
Tokuyama Souma,25,0,0,0,0,0,0,0,0,0,0,0,0,0,0,0,0,0,0,.000,.000,.000,DeNA BayStars,
Tsutsugoh Yoshitomo,15,52,45,4,15,4,0,1,22,6,0,0,0,0,7,0,0,12,1,.333,.489,.423,DeNA BayStars,
Viciedo Dayan,2,7,7,0,0,0,0,0,0,0,0,0,0,0,0,0,0,0,2,.000,.000,.000,DeNA BayStars,
Wakamatsu Naoki,22,0,0,0,0,0,0,0,0,0,0,0,0,0,0,0,0,0,0,.000,.000,.000,DeNA BayStars,
Watarai Ryuki,22,96,85,5,30,5,0,0,35,10,1,0,0,4,7,0,0,8,2,.353,.412,.385,DeNA BayStars,
Wick Rowan,4,0,0,0,0,0,0,0,0,0,0,0,0,0,0,0,0,0,0,.000,.000,.000,DeNA BayStars,
Yamasaki Yasuaki,20,0,0,0,0,0,0,0,0,0,0,0,0,0,0,0,0,0,0,.000,.000,.000,DeNA BayStars,
Yoshino Teruki,12,0,0,0,0,0,0,0,0,0,0,0,0,0,0,0,0,0,0,.000,.000,.000,DeNA BayStars,
Yoshioka Haru,1,0,0,0,0,0,0,0,0,0,0,0,0,0,0,0,0,0,0,.000,.000,.000,DeNA BayStars,
Akahoshi Yuji,2,0,0,0,0,0,0,0,0,0,0,0,0,0,0,0,0,0,0,.000,.000,.000,Yomiuri Giants,
Akihiro Yuto,25,80,70,4,11,0,0,2,17,5,0,0,0,1,9,0,0,16,1,.157,.243,.250,Yomiuri Giants,
Aramaki Yu,25,68,57,6,13,7,0,0,20,8,1,0,0,0,11,0,0,18,1,.228,.351,.353,Yomiuri Giants,
Asano Shogo,21,53,47,2,5,1,0,1,9,7,0,0,0,2,4,0,0,10,0,.106,.191,.170,Yomiuri Giants,
Baba Kosuke,24,0,0,0,0,0,0,0,0,0,0,0,0,0,0,0,0,0,0,.000,.000,.000,Yomiuri Giants,
Baldonado Alberto,16,0,0,0,0,0,0,0,0,0,0,0,0,0,0,0,0,0,0,.000,.000,.000,Yomiuri Giants,
Cabbage Trey,4,12,12,3,6,1,0,0,7,0,0,0,0,0,0,0,0,3,0,.500,.583,.500,Yomiuri Giants,
Chlup Marek,66,168,151,23,40,4,2,4,60,29,8,2,0,2,13,0,2,46,2,.265,.397,.327,Yomiuri Giants,
Chono Hisayoshi,34,78,74,3,13,2,0,1,18,4,0,1,0,0,4,0,0,14,0,.176,.243,.218,Yomiuri Giants,
Funakoshi Hidetora,9,18,15,4,3,0,0,0,3,0,2,1,2,0,1,0,0,9,0,.200,.200,.250,Yomiuri Giants,
Griffin Foster,1,0,0,0,0,0,0,0,0,0,0,0,0,0,0,0,0,0,0,.000,.000,.000,Yomiuri Giants,
Hagio Masaya,59,177,164,23,37,5,0,5,57,15,3,2,0,3,9,0,1,39,5,.226,.348,.266,Yomiuri Giants,
Heinai Ryuta,14,0,0,0,0,0,0,0,0,0,0,0,0,0,0,0,0,0,0,.000,.000,.000,Yomiuri Giants,
Hernandez Elier,28,88,84,8,13,5,0,0,18,10,0,0,0,0,3,0,1,20,2,.155,.214,.193,Yomiuri Giants,
Hotta Kenshin,12,0,0,0,0,0,0,0,0,0,0,0,0,0,0,0,0,0,0,.000,.000,.000,Yomiuri Giants,
Imamura Nobutaka,28,0,0,0,0,0,0,0,0,0,0,0,0,0,0,0,0,0,0,.000,.000,.000,Yomiuri Giants,
Inoue Haruto,2,1,0,0,0,0,0,0,0,0,0,0,1,0,0,0,0,0,0,.000,.000,.000,Yomiuri Giants,
Ishizuka Yusei,36,113,98,15,30,4,1,1,39,11,3,1,1,0,11,0,3,12,0,.306,.398,.393,Yomiuri Giants,
Izuguchi Yuta,7,26,22,4,7,0,0,1,10,4,1,0,1,1,2,1,0,2,0,.318,.455,.360,Yomiuri Giants,
Izumi Keisuke,13,0,0,0,0,0,0,0,0,0,0,0,0,0,0,0,0,0,0,.000,.000,.000,Yomiuri Giants,
Kadowaki Makoto,11,43,33,8,7,2,0,0,9,3,1,2,1,1,7,0,1,8,2,.212,.273,.357,Yomiuri Giants,
Kameda Keita,14,24,21,4,8,0,0,0,8,3,0,0,0,0,2,0,1,3,1,.381,.381,.458,Yomiuri Giants,
Keller Kyle,5,0,0,0,0,0,0,0,0,0,0,0,0,0,0,0,0,0,0,.000,.000,.000,Yomiuri Giants,
Kikuchi Taiki,11,0,0,0,0,0,0,0,0,0,0,0,0,0,0,0,0,0,0,.000,.000,.000,Yomiuri Giants,
Kishida Yukinori,4,14,11,2,3,0,0,0,3,1,0,0,0,0,3,0,0,3,2,.273,.273,.429,Yomiuri Giants,
Kita Ryusuke,41,95,87,10,20,5,0,0,25,8,0,1,3,0,4,0,1,11,3,.230,.287,.272,Yomiuri Giants,
Kobayashi Seiji,18,28,23,0,3,0,0,0,3,2,0,0,1,0,4,0,0,2,0,.130,.130,.259,Yomiuri Giants,
Kohri Takuya,57,99,94,9,20,3,1,0,25,13,1,0,1,0,3,0,1,13,5,.213,.266,.245,Yomiuri Giants,
Kyomoto Makoto,5,0,0,0,0,0,0,0,0,0,0,0,0,0,0,0,0,0,0,.000,.000,.000,Yomiuri Giants,
Maru Yoshihiro,5,18,18,2,3,0,0,1,6,2,0,0,0,0,0,0,0,0,1,.167,.333,.167,Yomiuri Giants,
Masuda Daiki,1,3,3,0,0,0,0,0,0,0,0,0,0,0,0,0,0,1,0,.000,.000,.000,Yomiuri Giants,
Masuda Riku,23,78,75,6,25,1,0,0,26,11,0,0,0,1,1,0,1,9,1,.333,.347,.346,Yomiuri Giants,
Mataki Teppei,12,0,0,0,0,0,0,0,0,0,0,0,0,0,0,0,0,0,0,.000,.000,.000,Yomiuri Giants,
Matsui Hayate,10,0,0,0,0,0,0,0,0,0,0,0,0,0,0,0,0,0,0,.000,.000,.000,Yomiuri Giants,
Mitsuka Rui,43,139,130,15,42,9,0,6,69,25,1,0,0,0,7,0,2,23,1,.323,.531,.367,Yomiuri Giants,
Miyahara Shunsuke,24,0,0,0,0,0,0,0,0,0,0,0,0,0,0,0,0,0,0,.000,.000,.000,Yomiuri Giants,
Morita Shunya,14,0,0,0,0,0,0,0,0,0,0,0,0,0,0,0,0,0,0,.000,.000,.000,Yomiuri Giants,
Murayama Gen,13,22,18,3,3,1,0,0,4,3,0,1,2,0,2,0,0,4,0,.167,.222,.250,Yomiuri Giants,
Nakagawa Kota,6,0,0,0,0,0,0,0,0,0,0,0,0,0,0,0,0,0,0,.000,.000,.000,Yomiuri Giants,
Nakata Ayumu,7,13,10,5,5,2,1,0,9,3,0,0,0,0,3,0,0,0,0,.500,.900,.615,Yomiuri Giants,
Nakayama Raito,8,31,26,4,11,0,0,1,14,4,0,0,0,1,2,0,2,3,0,.423,.538,.484,Yomiuri Giants,
Nishidate Yuhi,8,2,2,1,1,1,0,0,2,0,0,0,0,0,0,0,0,0,0,.500,1.000,.500,Yomiuri Giants,
Ohe Ryusei,11,0,0,0,0,0,0,0,0,0,0,0,0,0,0,0,0,0,0,.000,.000,.000,Yomiuri Giants,
Ohshiro Takumi,17,55,50,10,16,6,0,3,31,13,0,0,0,0,5,0,0,8,0,.320,.620,.382,Yomiuri Giants,
Okada Yuki,64,182,159,27,47,6,1,7,76,31,5,3,1,0,21,0,1,38,3,.296,.478,.381,Yomiuri Giants,
Okamoto Kazuma,4,8,8,0,1,1,0,0,2,1,0,0,0,0,0,0,0,2,0,.125,.250,.125,Yomiuri Giants,
Okoye Louis,14,32,30,4,11,3,0,1,17,5,1,0,0,0,2,0,0,5,0,.367,.567,.406,Yomiuri Giants,
Otosaka Tomo,2,6,6,0,1,0,0,0,1,0,0,0,0,0,0,0,0,0,0,.167,.167,.167,Yomiuri Giants,
Sakamoto Hayato,19,61,56,2,14,1,0,1,18,4,0,0,0,0,5,0,0,11,0,.250,.321,.311,Yomiuri Giants,
Sasahara Misaki,51,145,123,20,31,4,1,2,43,15,13,3,1,4,16,0,1,26,2,.252,.350,.333,Yomiuri Giants,
Sasaki Shunsuke,47,139,122,18,40,6,1,0,48,15,6,3,3,3,9,0,2,22,1,.328,.393,.375,Yomiuri Giants,
Shigenobu Shinnosuke,41,74,65,16,13,2,0,1,18,6,7,1,1,0,8,0,0,19,1,.200,.277,.288,Yomiuri Giants,
Shiroki Yamato,1,0,0,0,0,0,0,0,0,0,0,0,0,0,0,0,0,0,0,.000,.000,.000,Yomiuri Giants,
Sonoda Atsuki,7,0,0,0,0,0,0,0,0,0,0,0,0,0,0,0,0,0,0,.000,.000,.000,Yomiuri Giants,
Sunagawa Richard,14,55,49,9,12,4,0,3,25,14,0,0,0,0,5,0,1,22,0,.245,.510,.327,Yomiuri Giants,
Suzuki Yamato,41,79,68,13,19,2,2,0,25,10,7,0,5,1,3,0,2,13,1,.279,.368,.324,Yomiuri Giants,
Takahashi Rei,22,0,0,0,0,0,0,0,0,0,0,0,0,0,0,0,0,0,0,.000,.000,.000,Yomiuri Giants,
Takanashi Yuhei,16,0,0,0,0,0,0,0,0,0,0,0,0,0,0,0,0,0,0,.000,.000,.000,Yomiuri Giants,
Tamura Tomoki,2,0,0,0,0,0,0,0,0,0,0,0,0,0,0,0,0,0,0,.000,.000,.000,Yomiuri Giants,
Tanaka Chiharu,21,0,0,0,0,0,0,0,0,0,0,0,0,0,0,0,0,0,0,.000,.000,.000,Yomiuri Giants,
Tanaka Masahiro,12,2,2,0,0,0,0,0,0,0,0,0,0,0,0,0,0,1,0,.000,.000,.000,Yomiuri Giants,
Tima Julian,75,278,263,23,55,14,0,6,87,28,0,0,0,2,13,0,0,64,10,.209,.331,.245,Yomiuri Giants,
Toda Natsuki,23,0,0,0,0,0,0,0,0,0,0,0,0,0,0,0,0,0,0,.000,.000,.000,Yomiuri Giants,
Togo Shosei,3,0,0,0,0,0,0,0,0,0,0,0,0,0,0,0,0,0,0,.000,.000,.000,Yomiuri Giants,
Tomida Ryu,8,0,0,0,0,0,0,0,0,0,0,0,0,0,0,0,0,0,0,.000,.000,.000,Yomiuri Giants,
Urata Shunsuke,71,223,191,30,49,6,1,0,57,11,13,3,8,0,23,0,1,24,2,.257,.298,.340,Yomiuri Giants,
Utsunomiya Kisara,54,153,136,22,41,3,0,1,47,10,13,2,2,0,14,0,1,20,1,.301,.346,.371,Yomiuri Giants,
Wakabayashi Gakuto,3,6,6,0,3,0,0,0,3,0,0,0,0,0,0,0,0,1,0,.500,.500,.500,Yomiuri Giants,
Yamada Ryusei,5,0,0,0,0,0,0,0,0,0,0,0,0,0,0,0,0,0,0,.000,.000,.000,Yomiuri Giants,
Yamasaki Iori,1,1,1,0,0,0,0,0,0,0,0,0,0,0,0,0,0,0,0,.000,.000,.000,Yomiuri Giants,
Yamase Shinnosuke,71,172,143,14,45,6,1,0,53,14,0,1,9,2,17,1,1,25,6,.315,.371,.387,Yomiuri Giants,
Yokogawa Kai,7,0,0,0,0,0,0,0,0,0,0,0,0,0,0,0,0,0,0,.000,.000,.000,Yomiuri Giants,
Yuasa Dai,65,171,138,12,26,6,0,0,32,11,8,2,10,0,19,0,4,39,2,.188,.232,.304,Yomiuri Giants,
Akahane Yoshihiro,4,15,12,3,4,0,0,0,4,0,0,0,0,0,3,0,0,2,0,.333,.333,.467,Yakult Swallows,
Aoyagi Koyo,1,0,0,0,0,0,0,0,0,0,0,0,0,0,0,0,0,0,0,.000,.000,.000,Yakult Swallows,
Avila Pedro,5,0,0,0,0,0,0,0,0,0,0,0,0,0,0,0,0,0,0,.000,.000,.000,Yakult Swallows,
Baumann Mike,11,0,0,0,0,0,0,0,0,0,0,0,0,0,0,0,0,0,0,.000,.000,.000,Yakult Swallows,
Hamada Taiki,61,177,156,6,24,6,1,2,38,17,1,3,2,1,14,0,4,47,6,.154,.244,.240,Yakult Swallows,
Hara Juri,23,0,0,0,0,0,0,0,0,0,0,0,0,0,0,0,0,0,0,.000,.000,.000,Yakult Swallows,
Hasegawa Hiroki,25,0,0,0,0,0,0,0,0,0,0,0,0,0,0,0,0,0,0,.000,.000,.000,Yakult Swallows,
Hashimoto Seiya,70,260,240,29,66,13,2,1,86,28,5,5,1,2,17,0,0,28,8,.275,.358,.320,Yakult Swallows,
Hirosawa Yu,15,0,0,0,0,0,0,0,0,0,0,0,0,0,0,0,0,0,0,.000,.000,.000,Yakult Swallows,
Hoshi Tomoya,10,0,0,0,0,0,0,0,0,0,0,0,0,0,0,0,0,0,0,.000,.000,.000,Yakult Swallows,
Ishihara Yuki,18,1,1,0,0,0,0,0,0,0,0,0,0,0,0,0,0,0,0,.000,.000,.000,Yakult Swallows,
Ishikawa Masanori,7,0,0,0,0,0,0,0,0,0,0,0,0,0,0,0,0,0,0,.000,.000,.000,Yakult Swallows,
Ishiyama Taichi,1,0,0,0,0,0,0,0,0,0,0,0,0,0,0,0,0,0,0,.000,.000,.000,Yakult Swallows,
Itoh Ryui,16,67,58,4,13,1,0,0,14,4,1,2,4,0,5,0,0,15,0,.224,.241,.286,Yakult Swallows,
Iwata Yukihiro,7,27,22,6,9,1,0,0,10,1,4,0,2,0,3,0,0,3,0,.409,.455,.480,Yakult Swallows,
Kanakubo Yuto,19,0,0,0,0,0,0,0,0,0,0,0,0,0,0,0,0,0,0,.000,.000,.000,Yakult Swallows,
Kawabata Shingo,58,165,156,9,35,2,0,1,40,14,0,0,0,0,8,0,1,12,2,.224,.256,.267,Yakult Swallows,
Kitamura Keigo,72,257,226,14,53,10,0,2,69,10,2,0,2,1,21,0,7,40,7,.235,.305,.318,Yakult Swallows,
Kitamura Takumi,14,40,37,4,8,2,0,0,10,3,0,0,0,0,2,0,1,6,2,.216,.270,.275,Yakult Swallows,
Kizawa Naofumi,5,0,0,0,0,0,0,0,0,0,0,0,0,0,0,0,0,0,0,.000,.000,.000,Yakult Swallows,
Koga Yudai,1,5,5,1,3,0,0,0,3,1,0,0,0,0,0,0,0,0,0,.600,.600,.600,Yakult Swallows,
Kozawa Reiji,15,0,0,0,0,0,0,0,0,0,0,0,0,0,0,0,0,0,0,.000,.000,.000,Yakult Swallows,
Lambert Peter,2,2,2,1,1,1,0,0,2,1,0,0,0,0,0,0,0,1,0,.500,1.000,.500,Yakult Swallows,
Maruyama Kazuya,16,52,47,4,9,1,1,0,12,2,3,0,1,1,3,0,0,9,0,.191,.255,.235,Yakult Swallows,
Maruyama Shota,27,0,0,0,0,0,0,0,0,0,0,0,0,0,0,0,0,0,0,.000,.000,.000,Yakult Swallows,
Masuda Shu,2,7,6,1,1,0,0,0,1,0,0,0,0,0,1,0,0,2,0,.167,.167,.286,Yakult Swallows,
Matsumoto Kengo,8,0,0,0,0,0,0,0,0,0,0,0,0,0,0,0,0,0,0,.000,.000,.000,Yakult Swallows,
Matsumoto Naoki,20,62,57,3,15,3,0,0,18,6,0,0,2,0,2,0,1,5,3,.263,.316,.300,Yakult Swallows,
Matsumoto Ryunosuke,59,118,98,8,15,1,1,0,18,4,6,4,1,0,15,0,4,43,0,.153,.184,.291,Yakult Swallows,
Miyagawa Tetsu,28,0,0,0,0,0,0,0,0,0,0,0,0,0,0,0,0,0,0,.000,.000,.000,Yakult Swallows,
Miyamoto Takeshi,2,7,7,0,1,0,0,0,1,1,0,0,0,0,0,0,0,3,0,.143,.143,.143,Yakult Swallows,
Moiseev Nikita,41,134,122,7,19,5,0,4,36,12,1,2,0,0,12,0,0,38,2,.156,.295,.231,Yakult Swallows,
Murakami Munetaka,13,39,33,6,12,3,0,2,21,5,1,1,0,0,6,0,0,7,1,.364,.636,.462,Yakult Swallows,
Nagaoka Hideki,12,40,33,1,6,1,0,0,7,3,0,1,0,0,5,0,2,5,1,.182,.212,.325,Yakult Swallows,
Nakagawa Takuma,46,99,93,7,13,1,0,1,17,2,0,0,1,0,5,0,0,29,2,.140,.183,.184,Yakult Swallows,
Nakamura Yuto,9,1,1,1,1,0,0,0,1,0,0,0,0,0,0,0,0,0,0,1.000,1.000,1.000,Yakult Swallows,
Namiki Hidetaka,2,7,7,1,1,0,0,0,1,0,0,0,0,0,0,0,0,1,0,.143,.143,.143,Yakult Swallows,
Negishi Tatsunori,29,94,89,3,19,4,0,0,23,5,0,1,0,0,5,0,0,15,3,.213,.258,.255,Yakult Swallows,
Nishihama Yuusei,17,0,0,0,0,0,0,0,0,0,0,0,0,0,0,0,0,0,0,.000,.000,.000,Yakult Swallows,
Nishikawa Haruki,23,79,58,7,14,2,0,1,19,6,0,0,0,0,20,0,1,19,0,.241,.328,.443,Yakult Swallows,
Nishimura Ruito,71,246,227,22,50,12,0,2,68,16,3,6,0,2,17,0,0,60,4,.220,.300,.272,Yakult Swallows,
Numata Shohei,25,0,0,0,0,0,0,0,0,0,0,0,0,0,0,0,0,0,0,.000,.000,.000,Yakult Swallows,
Ogawa Yasuhiro,7,3,3,0,1,0,0,0,1,0,0,0,0,0,0,0,0,0,0,.333,.333,.333,Yakult Swallows,
Ohnishi Hiroki,12,0,0,0,0,0,0,0,0,0,0,0,0,0,0,0,0,0,0,.000,.000,.000,Yakult Swallows,
Ohta Kengo,40,137,124,8,33,1,1,2,42,11,1,0,0,0,12,0,1,18,1,.266,.339,.336,Yakult Swallows,
Okugawa Yasunobu,4,0,0,0,0,0,0,0,0,0,0,0,0,0,0,0,0,0,0,.000,.000,.000,Yakult Swallows,
Sakaguchi Kousuke,13,0,0,0,0,0,0,0,0,0,0,0,0,0,0,0,0,0,0,.000,.000,.000,Yakult Swallows,
Sakamoto Takumi,12,0,0,0,0,0,0,0,0,0,0,0,0,0,0,0,0,0,0,.000,.000,.000,Yakult Swallows,
Satoh Takuma,26,0,0,0,0,0,0,0,0,0,0,0,0,0,0,0,0,0,0,.000,.000,.000,Yakult Swallows,
Sawai Ren,57,214,189,22,44,8,1,7,75,20,0,2,0,1,18,0,6,53,6,.233,.397,.318,Yakult Swallows,
Sawano Kiyoharu,63,178,164,17,22,4,3,1,35,9,3,2,5,0,9,0,0,60,1,.134,.213,.179,Yakult Swallows,
Shimizu Noboru,7,0,0,0,0,0,0,0,0,0,0,0,0,0,0,0,0,0,0,.000,.000,.000,Yakult Swallows,
Shimokawa Shunsuke,14,0,0,0,0,0,0,0,0,0,0,0,0,0,0,0,0,0,0,.000,.000,.000,Yakult Swallows,
Shoji Kota,2,0,0,0,0,0,0,0,0,0,0,0,0,0,0,0,0,0,0,.000,.000,.000,Yakult Swallows,
Suzuki Kohei,18,0,0,0,0,0,0,0,0,0,0,0,0,0,0,0,0,0,0,.000,.000,.000,Yakult Swallows,
Suzuki Kyo,11,18,16,2,5,2,0,1,10,4,0,1,0,0,2,0,0,4,1,.313,.625,.389,Yakult Swallows,
Taguchi Kazuto,2,0,0,0,0,0,0,0,0,0,0,0,0,0,0,0,0,0,0,.000,.000,.000,Yakult Swallows,
Takahashi Keiji,3,0,0,0,0,0,0,0,0,0,0,0,0,0,0,0,0,0,0,.000,.000,.000,Yakult Swallows,
Takahashi Shosei,2,0,0,0,0,0,0,0,0,0,0,0,0,0,0,0,0,0,0,.000,.000,.000,Yakult Swallows,
Takanashi Hirotoshi,8,2,2,0,0,0,0,0,0,0,0,0,0,0,0,0,0,0,0,.000,.000,.000,Yakult Swallows,
Takano Souta,53,133,123,6,15,4,0,0,19,6,0,0,2,3,5,0,0,33,2,.122,.154,.153,Yakult Swallows,
Takeoka Ryusei,17,71,58,11,18,1,0,1,22,7,3,1,0,0,11,0,2,12,0,.310,.379,.437,Yakult Swallows,
Takeyama Hyuga,20,0,0,0,0,0,0,0,0,0,0,0,0,0,0,0,0,0,0,.000,.000,.000,Yakult Swallows,
Tanaka Haruto,55,198,174,17,43,9,3,2,64,17,0,1,0,0,21,0,3,41,4,.247,.368,.338,Yakult Swallows,
Uchiyama Souma,15,47,42,2,10,2,0,0,12,2,0,0,0,0,3,0,2,9,0,.238,.286,.319,Yakult Swallows,
Yamada Tetsuto,7,21,20,1,4,1,0,1,8,2,0,0,0,0,1,0,0,2,0,.200,.400,.238,Yakult Swallows,
Yamamoto Daiki,7,0,0,0,0,0,0,0,0,0,0,0,0,0,0,0,0,0,0,.000,.000,.000,Yakult Swallows,
Yamano Taichi,4,2,2,0,0,0,0,0,0,0,0,0,0,0,0,0,0,1,0,.000,.000,.000,Yakult Swallows,
Yamanobe Kakeru,24,86,75,5,16,2,0,1,21,4,3,0,2,1,6,0,2,8,3,.213,.280,.286,Yakult Swallows,
Yamashita Hikaru,14,0,0,0,0,0,0,0,0,0,0,0,0,0,0,0,0,0,0,.000,.000,.000,Yakult Swallows,
Yano Taijiro,45,103,90,5,15,3,0,0,18,2,2,0,3,0,9,0,1,13,1,.167,.200,.250,Yakult Swallows,
Yasaki Takuya,6,0,0,0,0,0,0,0,0,0,0,0,0,0,0,0,0,0,0,.000,.000,.000,Yakult Swallows,
Bright Kenta,10,33,28,7,11,3,1,1,19,7,0,0,0,0,4,0,1,6,0,.393,.679,.485,Chunichi Dragons,
Calixte Orlando,20,69,63,6,17,3,0,1,23,6,0,1,0,1,5,0,0,12,1,.270,.365,.319,Chunichi Dragons,
Chavis Michael,4,11,11,1,4,1,0,0,5,4,0,0,0,0,0,0,0,1,0,.364,.455,.364,Chunichi Dragons,
Fujishima Kento,3,0,0,0,0,0,0,0,0,0,0,0,0,0,0,0,0,0,0,.000,.000,.000,Chunichi Dragons,
Fuku Hiroto,13,0,0,0,0,0,0,0,0,0,0,0,0,0,0,0,0,0,0,.000,.000,.000,Chunichi Dragons,
Fukuda Konosuke,14,0,0,0,0,0,0,0,0,0,0,0,0,0,0,0,0,0,0,.000,.000,.000,Chunichi Dragons,
Fukumoto Yuma,52,146,135,12,44,10,0,3,63,27,2,2,0,4,6,0,1,14,6,.326,.467,.349,Chunichi Dragons,
Fukunaga Hiroki,4,13,12,4,5,1,0,0,6,2,0,0,0,0,1,0,0,2,0,.417,.500,.462,Chunichi Dragons,
Gotoh Shunta,33,108,92,6,26,5,2,0,35,10,0,1,0,2,14,0,0,18,2,.283,.380,.370,Chunichi Dragons,
Habu Shohta,16,0,0,0,0,0,0,0,0,0,0,0,0,0,0,0,0,0,0,.000,.000,.000,Chunichi Dragons,
Hama Shonosuke,71,251,223,29,53,9,6,0,74,15,10,6,2,1,25,1,0,49,6,.238,.332,.313,Chunichi Dragons,
Hashimoto Yuki,1,0,0,0,0,0,0,0,0,0,0,0,0,0,0,0,0,0,0,.000,.000,.000,Chunichi Dragons,
Higuchi Seishu,27,64,58,8,10,0,0,0,10,2,5,0,2,0,3,0,1,12,0,.172,.172,.226,Chunichi Dragons,
Hiwatari Touki,20,31,29,2,8,1,0,0,9,1,0,0,0,0,1,0,1,9,1,.276,.310,.323,Chunichi Dragons,
Hoshino Mao,22,36,30,1,4,1,0,0,5,2,0,1,3,1,1,0,1,13,3,.133,.167,.182,Chunichi Dragons,
Hosokawa Seiya,6,18,16,3,5,1,0,2,12,2,0,0,0,0,2,0,0,4,0,.313,.750,.389,Chunichi Dragons,
Ishibashi Kota,27,65,56,9,16,5,0,0,21,9,0,1,0,0,9,0,0,12,1,.286,.375,.385,Chunichi Dragons,
Ishii Yuta,9,26,22,2,7,2,0,2,15,3,0,0,0,0,2,0,2,7,0,.318,.682,.423,Chunichi Dragons,
Ishikawa Sho,17,0,0,0,0,0,0,0,0,0,0,0,0,0,0,0,0,0,0,.000,.000,.000,Chunichi Dragons,
Ishikawa Takaya,32,121,108,10,30,7,0,2,43,14,0,0,0,1,10,0,2,20,3,.278,.398,.347,Chunichi Dragons,
Itayama Yutaro,6,22,20,3,8,3,0,1,14,2,0,0,0,0,2,0,0,2,0,.400,.700,.455,Chunichi Dragons,
Itoh Mao,20,0,0,0,0,0,0,0,0,0,0,0,0,0,0,0,0,0,0,.000,.000,.000,Chunichi Dragons,
Iwasaki Sho,6,0,0,0,0,0,0,0,0,0,0,0,0,0,0,0,0,0,0,.000,.000,.000,Chunichi Dragons,
Kanemaru Yumeto,5,2,1,0,0,0,0,0,0,1,0,0,1,0,0,0,0,1,0,.000,.000,.000,Chunichi Dragons,
Kato Ryuma,23,46,44,1,4,1,0,0,5,2,0,0,0,0,2,0,0,22,0,.091,.114,.130,Chunichi Dragons,
Katoh Takuma,1,2,2,0,0,0,0,0,0,0,0,0,0,0,0,0,0,0,0,.000,.000,.000,Chunichi Dragons,
Katsuno Akiyoshi,10,0,0,0,0,0,0,0,0,0,0,0,0,0,0,0,0,0,0,.000,.000,.000,Chunichi Dragons,
Kawagoe Seiji,44,134,113,14,29,8,2,1,44,18,1,0,0,1,18,0,2,30,0,.257,.389,.366,Chunichi Dragons,
Kawakami Rii,86,329,272,39,62,11,3,1,82,35,14,6,1,6,43,0,7,71,6,.228,.301,.341,Chunichi Dragons,
Kikuta Towa,5,0,0,0,0,0,0,0,0,0,0,0,0,0,0,0,0,0,0,.000,.000,.000,Chunichi Dragons,
Kondo Ren,25,0,0,0,0,0,0,0,0,0,0,0,0,0,0,0,0,0,0,.000,.000,.000,Chunichi Dragons,
Kusaka Sho,8,0,0,0,0,0,0,0,0,0,0,0,0,0,0,0,0,0,0,.000,.000,.000,Chunichi Dragons,
Marte Yunior,4,0,0,0,0,0,0,0,0,0,0,0,0,0,0,0,0,0,0,.000,.000,.000,Chunichi Dragons,
Martinez Randy,2,0,0,0,0,0,0,0,0,0,0,0,0,0,0,0,0,0,0,.000,.000,.000,Chunichi Dragons,
Matsuba Takahiro,1,0,0,0,0,0,0,0,0,0,0,0,0,0,0,0,0,0,0,.000,.000,.000,Chunichi Dragons,
Matsukihira Yuta,11,0,0,0,0,0,0,0,0,0,0,0,0,0,0,0,0,0,0,.000,.000,.000,Chunichi Dragons,
Matsuyama Shinya,1,0,0,0,0,0,0,0,0,0,0,0,0,0,0,0,0,0,0,.000,.000,.000,Chunichi Dragons,
Mejia Humberto,14,1,0,1,0,0,0,0,0,0,0,0,0,0,1,0,0,0,0,.000,.000,1.000,Chunichi Dragons,
Miura Mizuki,10,0,0,0,0,0,0,0,0,0,0,0,0,0,0,0,0,0,0,.000,.000,.000,Chunichi Dragons,
Miya Taisei,44,88,82,7,17,3,1,0,22,12,0,1,4,0,0,0,2,14,3,.207,.268,.226,Chunichi Dragons,
Monier Carlos,37,110,91,9,21,3,0,2,30,13,2,1,0,0,13,0,6,25,1,.231,.330,.364,Chunichi Dragons,
Mori Shunta,48,117,106,9,23,1,1,4,38,11,1,0,0,3,8,0,0,36,1,.217,.358,.265,Chunichi Dragons,
Moriyama Akio,22,0,0,0,0,0,0,0,0,0,0,0,0,0,0,0,0,0,0,.000,.000,.000,Chunichi Dragons,
Muller Kyle,3,0,0,0,0,0,0,0,0,0,0,0,0,0,0,0,0,0,0,.000,.000,.000,Chunichi Dragons,
Muramatsu Kaito,11,35,29,4,9,5,0,0,14,4,0,1,0,1,4,0,1,4,0,.310,.483,.400,Chunichi Dragons,
Nakachi Reia,11,0,0,0,0,0,0,0,0,0,0,0,0,0,0,0,0,0,0,.000,.000,.000,Chunichi Dragons,
Nakamura Naiki,31,59,56,11,15,3,0,0,18,2,1,2,1,0,2,0,0,14,2,.268,.321,.293,Chunichi Dragons,
Nakata Sho,22,44,41,6,12,4,0,2,22,9,0,0,0,0,3,0,0,6,2,.293,.537,.341,Chunichi Dragons,
Neo Akira,27,0,0,0,0,0,0,0,0,0,0,0,0,0,0,0,0,0,0,.000,.000,.000,Chunichi Dragons,
Nonaka Tento,6,0,0,0,0,0,0,0,0,0,0,0,0,0,0,0,0,0,0,.000,.000,.000,Chunichi Dragons,
Oda Gouki,58,230,193,35,52,2,5,0,64,17,16,7,5,1,31,0,0,39,2,.269,.332,.369,Chunichi Dragons,
Ohno Yudai,2,0,0,0,0,0,0,0,0,0,0,0,0,0,0,0,0,0,0,.000,.000,.000,Chunichi Dragons,
Ohshima Yohei,13,34,26,3,9,0,1,0,11,2,2,1,0,0,8,0,0,3,0,.346,.423,.500,Chunichi Dragons,
Okada Toshiya,10,0,0,0,0,0,0,0,0,0,0,0,0,0,0,0,0,0,0,.000,.000,.000,Chunichi Dragons,
Rodriguez Christian,55,150,132,17,31,3,0,1,37,7,4,0,1,0,15,1,2,22,3,.235,.280,.322,Chunichi Dragons,
Saitoh Kohki,4,0,0,0,0,0,0,0,0,0,0,0,0,0,0,0,0,0,0,.000,.000,.000,Chunichi Dragons,
Satoh Ryusei,6,20,20,2,2,1,0,0,3,1,0,0,0,0,0,0,0,7,1,.100,.150,.100,Chunichi Dragons,
Sobue Daisuke,7,0,0,0,0,0,0,0,0,0,0,0,0,0,0,0,0,0,0,.000,.000,.000,Chunichi Dragons,
Takahashi Kosuke,6,0,0,0,0,0,0,0,0,0,0,0,0,0,0,0,0,0,0,.000,.000,.000,Chunichi Dragons,
Takahashi Shuhei,9,30,26,5,4,0,0,0,4,0,1,0,0,0,4,0,0,4,0,.154,.154,.267,Chunichi Dragons,
Tanaka Mikiya,7,9,7,0,1,0,0,0,1,0,1,0,0,0,1,0,1,0,0,.143,.143,.333,Chunichi Dragons,
Tsuchida Ryuku,49,185,166,27,40,6,3,4,64,20,3,3,1,1,16,0,1,42,3,.241,.386,.310,Chunichi Dragons,
Tsuda Keishi,71,228,201,23,49,9,2,1,65,22,5,8,3,2,21,0,1,44,11,.244,.323,.316,Chunichi Dragons,
Tsujimoto Rintaro,25,91,80,9,23,3,0,0,26,8,5,1,2,1,7,0,1,8,2,.288,.325,.348,Chunichi Dragons,
Ukai Kosuke,60,244,215,33,63,15,2,5,97,34,7,2,0,0,24,0,5,43,5,.293,.451,.377,Chunichi Dragons,
Umeno Yugo,27,0,0,0,0,0,0,0,0,0,0,0,0,0,0,0,0,0,0,.000,.000,.000,Chunichi Dragons,
Usami Shingo,50,153,137,12,34,7,0,1,44,14,0,0,0,1,15,0,0,36,3,.248,.321,.320,Chunichi Dragons,
Vosler Jason,2,5,5,0,2,0,0,0,2,1,0,0,0,0,0,0,0,1,1,.400,.400,.400,Chunichi Dragons,
Wakui Hideaki,5,0,0,0,0,0,0,0,0,0,0,0,0,0,0,0,0,0,0,.000,.000,.000,Chunichi Dragons,
Walters Nash,21,0,0,0,0,0,0,0,0,0,0,0,0,0,0,0,0,0,0,.000,.000,.000,Chunichi Dragons,
Yamaasa Ryunosuke,10,14,11,0,1,0,0,0,1,3,1,0,0,0,3,0,0,3,0,.091,.091,.286,Chunichi Dragons,
Yamamoto Yasuhiro,3,10,8,1,3,0,1,0,5,0,0,0,0,0,2,0,0,1,0,.375,.625,.500,Chunichi Dragons,
Yanagi Yuya,5,0,0,0,0,0,0,0,0,0,0,0,0,0,0,0,0,0,0,.000,.000,.000,Chunichi Dragons,
Yoshida Seiya,13,0,0,0,0,0,0,0,0,0,0,0,0,0,0,0,0,0,0,.000,.000,.000,Chunichi Dragons,
Abe Shota,22,0,0,0,0,0,0,0,0,0,0,0,0,0,0,0,0,0,0,.000,.000,.000,ORIX Buffaloes,
Ashida Taketo,15,0,0,0,0,0,0,0,0,0,0,0,0,0,0,0,0,0,0,.000,.000,.000,ORIX Buffaloes,
Azuma Kohei,7,0,0,0,0,0,0,0,0,0,0,0,0,0,0,0,0,0,0,.000,.000,.000,ORIX Buffaloes,
Chano Tokumasa,86,297,269,32,79,2,1,0,83,14,20,7,6,2,19,0,1,31,2,.294,.309,.340,ORIX Buffaloes,
Chen Mu-Heng,3,0,0,0,0,0,0,0,0,0,0,0,0,0,0,0,0,0,0,.000,.000,.000,ORIX Buffaloes,
Dale Jarryd,32,110,100,11,31,5,0,1,39,12,1,1,0,0,7,0,3,11,2,.310,.390,.373,ORIX Buffaloes,
Diaz Jordan,17,50,47,2,11,1,0,0,12,3,0,0,0,0,3,0,0,13,2,.234,.255,.280,ORIX Buffaloes,
Endoh Joh,63,183,146,31,44,6,3,1,59,16,15,6,1,1,33,0,2,37,0,.301,.404,.434,ORIX Buffaloes,
Espinoza Anderson,1,0,0,0,0,0,0,0,0,0,0,0,0,0,0,0,0,0,0,.000,.000,.000,ORIX Buffaloes,
Fukuda Shuhei,42,147,125,11,31,6,0,0,37,14,3,2,1,0,19,0,2,9,4,.248,.296,.356,ORIX Buffaloes,
Fukunaga Sho,5,11,11,0,1,1,0,0,2,1,0,1,0,0,0,0,0,3,1,.091,.182,.091,ORIX Buffaloes,
Gen Kendai,37,122,103,14,26,4,0,1,33,12,2,0,2,2,15,1,0,14,3,.252,.320,.342,ORIX Buffaloes,
Gibo Sho,40,107,94,15,27,1,2,0,32,13,5,1,2,0,11,0,0,10,3,.287,.340,.362,ORIX Buffaloes,
Gonda Ryusei,29,0,0,0,0,0,0,0,0,0,0,0,0,0,0,0,0,0,0,.000,.000,.000,ORIX Buffaloes,
Hirano Yoshihisa,12,0,0,0,0,0,0,0,0,0,0,0,0,0,0,0,0,0,0,.000,.000,.000,ORIX Buffaloes,
Hirooka Taishi,4,14,12,0,2,0,0,0,2,0,0,0,0,0,2,0,0,2,2,.167,.167,.286,ORIX Buffaloes,
Honda Hitomi,13,0,0,0,0,0,0,0,0,0,0,0,0,0,0,0,0,0,0,.000,.000,.000,ORIX Buffaloes,
Honda Keisuke,18,0,0,0,0,0,0,0,0,0,0,0,0,0,0,0,0,0,0,.000,.000,.000,ORIX Buffaloes,
Hori Shuna,64,205,185,15,42,3,0,0,45,11,2,0,10,0,8,0,2,35,6,.227,.243,.267,ORIX Buffaloes,
Iguchi Kazutomo,25,0,0,0,0,0,0,0,0,0,0,0,0,0,0,0,0,0,0,.000,.000,.000,ORIX Buffaloes,
Ikeda Ryoma,65,217,191,21,46,7,3,3,68,25,0,2,4,2,19,0,1,42,6,.241,.356,.310,ORIX Buffaloes,
Imasaka Tomoki,10,22,18,1,1,0,1,0,3,2,0,0,0,1,3,0,0,5,0,.056,.167,.182,ORIX Buffaloes,
Iriyama Kaito,14,0,0,0,0,0,0,0,0,0,0,0,0,0,0,0,0,0,0,.000,.000,.000,ORIX Buffaloes,
Ishikawa Ryo,14,21,17,2,5,0,1,0,7,2,0,0,2,0,2,0,0,4,0,.294,.412,.368,ORIX Buffaloes,
Iwasaki Sho,1,0,0,0,0,0,0,0,0,0,0,0,0,0,0,0,0,0,0,.000,.000,.000,ORIX Buffaloes,
Katayama Raiku,9,0,0,0,0,0,0,0,0,0,0,0,0,0,0,0,0,0,0,.000,.000,.000,ORIX Buffaloes,
Katsuki Kazuya,28,99,83,9,25,2,1,1,32,11,2,0,0,0,13,1,3,18,1,.301,.386,.414,ORIX Buffaloes,
Kawano Sota,32,84,67,11,16,0,3,0,22,10,3,2,3,2,11,0,1,10,6,.239,.328,.346,ORIX Buffaloes,
Kawase Kento,17,0,0,0,0,0,0,0,0,0,0,0,0,0,0,0,0,0,0,.000,.000,.000,ORIX Buffaloes,
Kita Ryoto,27,101,86,12,29,3,1,1,37,9,3,0,0,3,12,0,0,15,1,.337,.430,.406,ORIX Buffaloes,
Kotajima Seiryu,7,0,0,0,0,0,0,0,0,0,0,0,0,0,0,0,0,0,0,.000,.000,.000,ORIX Buffaloes,
Kurebayashi Kotaro,6,18,16,1,4,1,0,0,5,3,0,0,0,0,2,0,0,3,0,.250,.313,.333,ORIX Buffaloes,
Mae Yuito,2,0,0,0,0,0,0,0,0,0,0,0,0,0,0,0,0,0,0,.000,.000,.000,ORIX Buffaloes,
Miyaguni Riku,13,0,0,0,0,0,0,0,0,0,0,0,0,0,0,0,0,0,0,.000,.000,.000,ORIX Buffaloes,
Mori Tomoya,7,20,14,0,2,1,0,0,3,2,0,0,0,0,6,0,0,3,0,.143,.214,.400,ORIX Buffaloes,
Mugitani Yusuke,12,42,38,4,11,1,0,0,12,4,4,1,0,2,2,0,0,12,0,.289,.316,.310,ORIX Buffaloes,
Mukunoki Ren,13,0,0,0,0,0,0,0,0,0,0,0,0,0,0,0,0,0,0,.000,.000,.000,ORIX Buffaloes,
Mune Yuma,20,85,69,7,16,3,1,0,21,3,3,0,1,0,15,0,0,12,1,.232,.304,.369,ORIX Buffaloes,
Murakami Kyoichiro,15,39,27,2,7,0,0,0,7,4,0,0,4,0,8,0,0,4,0,.259,.259,.429,ORIX Buffaloes,
Muranishi Ryota,12,0,0,0,0,0,0,0,0,0,0,0,0,0,0,0,0,0,0,.000,.000,.000,ORIX Buffaloes,
Naito Ho,87,333,303,19,70,8,1,3,89,30,0,0,0,1,27,1,2,50,14,.231,.294,.297,ORIX Buffaloes,
Nishikawa Ryoma,1,3,3,1,2,0,1,0,4,0,0,0,0,0,0,0,0,0,0,.667,1.333,.667,ORIX Buffaloes,
Nishino Masahiro,19,65,58,4,17,0,0,0,17,3,1,0,0,1,5,0,1,8,4,.293,.293,.354,ORIX Buffaloes,
Noguchi Tomoya,36,128,100,10,17,5,1,0,24,13,2,0,0,2,26,0,0,32,0,.170,.240,.336,ORIX Buffaloes,
Ohe Kaito,20,0,0,0,0,0,0,0,0,0,0,0,0,0,0,0,0,0,0,.000,.000,.000,ORIX Buffaloes,
Ohsato Kosei,40,143,121,18,32,1,1,0,35,7,1,4,1,1,19,0,1,16,0,.264,.289,.366,ORIX Buffaloes,
Ohshiro Koji,6,12,11,3,3,2,0,0,5,1,0,0,0,0,1,0,0,3,0,.273,.455,.333,ORIX Buffaloes,
Ohta Ryo,1,3,2,0,0,0,0,0,0,0,0,0,0,0,1,0,0,2,0,.000,.000,.333,ORIX Buffaloes,
Olivares Edward,48,138,109,13,21,5,0,0,26,13,6,1,0,4,20,0,5,16,7,.193,.239,.333,ORIX Buffaloes,
Ono Taiki,13,0,0,0,0,0,0,0,0,0,0,0,0,0,0,0,0,0,0,.000,.000,.000,ORIX Buffaloes,
Saiki Kaito,23,0,0,0,0,0,0,0,0,0,0,0,0,0,0,0,0,0,0,.000,.000,.000,ORIX Buffaloes,
Saito Kyosuke,13,0,0,0,0,0,0,0,0,0,0,0,0,0,0,0,0,0,0,.000,.000,.000,ORIX Buffaloes,
Sano Kodai,12,29,26,1,5,0,1,0,7,0,0,0,0,0,3,0,0,7,0,.192,.269,.276,ORIX Buffaloes,
Satoh Kazuma,14,0,0,0,0,0,0,0,0,0,0,0,0,0,0,0,0,0,0,.000,.000,.000,ORIX Buffaloes,
Shimizu Musashi,15,43,38,4,8,1,1,0,11,4,0,0,1,1,3,0,0,7,3,.211,.289,.262,ORIX Buffaloes,
Sotani Ryuhei,1,0,0,0,0,0,0,0,0,0,0,0,0,0,0,0,0,0,0,.000,.000,.000,ORIX Buffaloes,
Suga Hiroto,2,0,0,0,0,0,0,0,0,0,0,0,0,0,0,0,0,0,0,.000,.000,.000,ORIX Buffaloes,
Sugisawa Ryu,67,229,203,30,53,11,0,5,79,33,4,3,5,4,15,0,2,45,1,.261,.389,.313,ORIX Buffaloes,
Suzuki Hiroshi,21,0,0,0,0,0,0,0,0,0,0,0,0,0,0,0,0,0,0,.000,.000,.000,ORIX Buffaloes,
Tajima Daiki,3,0,0,0,0,0,0,0,0,0,0,0,0,0,0,0,0,0,0,.000,.000,.000,ORIX Buffaloes,
Tajima Kosuke,29,92,74,10,11,1,0,0,12,8,0,0,5,0,11,0,2,14,5,.149,.162,.276,ORIX Buffaloes,
Takashima Taito,6,0,0,0,0,0,0,0,0,0,0,0,0,0,0,0,0,0,0,.000,.000,.000,ORIX Buffaloes,
Teramoto Seiichi,7,11,10,3,4,2,0,0,6,0,0,0,0,0,0,0,1,3,0,.400,.600,.455,ORIX Buffaloes,
Teranishi Naruki,13,0,0,0,0,0,0,0,0,0,0,0,0,0,0,0,0,0,0,.000,.000,.000,ORIX Buffaloes,
Tomiyama Ryoga,20,0,0,0,0,0,0,0,0,0,0,0,0,0,0,0,0,0,0,.000,.000,.000,ORIX Buffaloes,
Tongu Yuma,1,3,3,0,0,0,0,0,0,0,0,0,0,0,0,0,0,1,1,.000,.000,.000,ORIX Buffaloes,
Toumatsu Kaisei,13,0,0,0,0,0,0,0,0,0,0,0,0,0,0,0,0,0,0,.000,.000,.000,ORIX Buffaloes,
Watanabe Haruto,29,83,66,12,23,1,1,0,26,5,6,2,0,0,14,0,3,6,0,.348,.394,.482,ORIX Buffaloes,
Yamada Nobuyoshi,13,0,0,0,0,0,0,0,0,0,0,0,0,0,0,0,0,0,0,.000,.000,.000,ORIX Buffaloes,
Yamaguchi Reo,5,0,0,0,0,0,0,0,0,0,0,0,0,0,0,0,0,0,0,.000,.000,.000,ORIX Buffaloes,
Yamanaka Ryoma,43,167,147,14,38,6,0,2,50,27,4,1,1,1,17,0,1,30,3,.259,.340,.337,ORIX Buffaloes,
Yamaoka Taisuke,10,0,0,0,0,0,0,0,0,0,0,0,0,0,0,0,0,0,0,.000,.000,.000,ORIX Buffaloes,
Yamashita Shunpeita,4,0,0,0,0,0,0,0,0,0,0,0,0,0,0,0,0,0,0,.000,.000,.000,ORIX Buffaloes,
Yamazaki Soichiro,19,0,0,0,0,0,0,0,0,0,0,0,0,0,0,0,0,0,0,.000,.000,.000,ORIX Buffaloes,
Yokoyama Kaede,30,0,0,0,0,0,0,0,0,0,0,0,0,0,0,0,0,0,0,.000,.000,.000,ORIX Buffaloes,
Yokoyama Seiya,69,263,245,22,48,7,2,1,62,20,4,1,0,1,17,0,0,65,4,.196,.253,.247,ORIX Buffaloes,
Acevedo Stiven,69,238,216,24,59,15,0,8,98,42,7,1,0,3,16,0,3,39,7,.273,.454,.328,Lotte Marines,
Akiyama Seiun,10,0,0,0,0,0,0,0,0,0,0,0,0,0,0,0,0,0,0,.000,.000,.000,Lotte Marines,
Azuma Yusuke,20,0,0,0,0,0,0,0,0,0,0,0,0,0,0,0,0,0,0,.000,.000,.000,Lotte Marines,
Chatani Kenta,24,99,89,11,28,5,0,1,36,10,0,0,1,0,8,0,1,21,1,.315,.404,.378,Lotte Marines,
Fujita Kazuki,45,87,83,5,17,0,0,0,17,6,0,0,0,1,3,0,0,26,2,.205,.205,.230,Lotte Marines,
Fujiwara Kyota,2,9,8,1,1,0,0,0,1,0,0,0,0,0,1,0,0,2,0,.125,.125,.222,Lotte Marines,
Futaki Kota,15,0,0,0,0,0,0,0,0,0,0,0,0,0,0,0,0,0,0,.000,.000,.000,Lotte Marines,
Guerrero Tayron,12,0,0,0,0,0,0,0,0,0,0,0,0,0,0,0,0,0,0,.000,.000,.000,Lotte Marines,
Hayasaka Oto,15,0,0,0,0,0,0,0,0,0,0,0,0,0,0,0,0,0,0,.000,.000,.000,Lotte Marines,
Hirohata Atsuya,27,0,0,0,0,0,0,0,0,0,0,0,0,0,0,0,0,0,0,.000,.000,.000,Lotte Marines,
Hiroike Koshiro,7,0,0,0,0,0,0,0,0,0,0,0,0,0,0,0,0,0,0,.000,.000,.000,Lotte Marines,
Ibaragi Yuta,1,0,0,0,0,0,0,0,0,0,0,0,0,0,0,0,0,0,0,.000,.000,.000,Lotte Marines,
Ichijo Rikima,12,0,0,0,0,0,0,0,0,0,0,0,0,0,0,0,0,0,0,.000,.000,.000,Lotte Marines,
Ikeda Raito,25,102,90,17,26,4,1,2,38,10,1,0,0,0,11,0,1,15,2,.289,.422,.373,Lotte Marines,
Ishigaki Masami,40,134,119,11,24,6,0,2,36,17,0,0,1,1,12,1,1,22,4,.202,.303,.278,Lotte Marines,
Ishikawa Ayumu,4,0,0,0,0,0,0,0,0,0,0,0,0,0,0,0,0,0,0,.000,.000,.000,Lotte Marines,
Ishikawa Shingo,44,135,117,17,37,10,0,0,47,13,1,0,0,0,17,0,1,28,2,.316,.402,.407,Lotte Marines,
Ishikawa Shuta,2,0,0,0,0,0,0,0,0,0,0,0,0,0,0,0,0,0,0,.000,.000,.000,Lotte Marines,
Iwashita Daiki,23,0,0,0,0,0,0,0,0,0,0,0,0,0,0,0,0,0,0,.000,.000,.000,Lotte Marines,
Kakinuma Tomoya,42,53,50,4,11,2,0,0,13,3,0,0,1,0,2,0,0,10,0,.220,.260,.250,Lotte Marines,
Kakunaka Katsuya,25,72,61,8,15,4,1,0,21,4,0,0,0,1,9,0,1,3,1,.246,.344,.347,Lotte Marines,
Kaneda Yuta,17,36,32,3,7,1,0,0,8,5,0,0,1,1,2,0,0,6,0,.219,.250,.257,Lotte Marines,
Karakawa Yuki,10,0,0,0,0,0,0,0,0,0,0,0,0,0,0,0,0,0,0,.000,.000,.000,Lotte Marines,
Katsumata Rui,20,26,25,3,5,1,0,0,6,1,0,0,1,0,0,0,0,5,1,.200,.240,.200,Lotte Marines,
Kawamura Tokito,14,0,0,0,0,0,0,0,0,0,0,0,0,0,0,0,0,0,0,.000,.000,.000,Lotte Marines,
Kikuchi Riku,8,0,0,0,0,0,0,0,0,0,0,0,0,0,0,0,0,0,0,.000,.000,.000,Lotte Marines,
Kimura Yuto,1,0,0,0,0,0,0,0,0,0,0,0,0,0,0,0,0,0,0,.000,.000,.000,Lotte Marines,
Kohno Hikaru,7,11,10,0,1,0,0,0,1,1,0,0,0,0,1,0,0,6,0,.100,.100,.182,Lotte Marines,
Kuniyoshi Yuki,17,0,0,0,0,0,0,0,0,0,0,0,0,0,0,0,0,0,0,.000,.000,.000,Lotte Marines,
Martin Andy,38,65,61,5,11,3,1,1,19,8,1,2,0,1,3,0,0,23,2,.180,.311,.215,Lotte Marines,
Masuda Naoya,3,0,0,0,0,0,0,0,0,0,0,0,0,0,0,0,0,0,0,.000,.000,.000,Lotte Marines,
Matsuishi Shinya,73,249,218,26,50,4,1,0,56,12,4,5,12,1,15,0,3,44,5,.229,.257,.287,Lotte Marines,
Matsukawa Kou,51,102,93,11,21,2,0,1,26,8,0,0,0,0,9,0,0,16,6,.226,.280,.294,Lotte Marines,
Mima Manabu,6,0,0,0,0,0,0,0,0,0,0,0,0,0,0,0,0,0,0,.000,.000,.000,Lotte Marines,
Miyazaki Ryusei,68,259,228,39,62,10,5,4,94,32,4,0,0,1,26,0,4,58,3,.272,.412,.355,Lotte Marines,
Mori Ryotaro,4,0,0,0,0,0,0,0,0,0,0,0,0,0,0,0,0,0,0,.000,.000,.000,Lotte Marines,
Nagashima Kosuke,5,0,0,0,0,0,0,0,0,0,0,0,0,0,0,0,0,0,0,.000,.000,.000,Lotte Marines,
Nagashimada Kirato,3,0,0,0,0,0,0,0,0,0,0,0,0,0,0,0,0,0,0,.000,.000,.000,Lotte Marines,
Nakamori Shunsuke,1,0,0,0,0,0,0,0,0,0,0,0,0,0,0,0,0,0,0,.000,.000,.000,Lotte Marines,
Nakamura Ryota,12,0,0,0,0,0,0,0,0,0,0,0,0,0,0,0,0,0,0,.000,.000,.000,Lotte Marines,
Nakamura Shogo,48,140,108,17,34,6,0,1,43,9,4,1,1,1,26,0,4,19,3,.315,.398,.460,Lotte Marines,
Nakamura Toshiya,20,0,0,0,0,0,0,0,0,0,0,0,0,0,0,0,0,0,0,.000,.000,.000,Lotte Marines,
Nishikawa Misho,20,89,83,13,35,8,2,1,50,8,0,0,0,0,5,0,1,11,2,.422,.602,.461,Lotte Marines,
Nishimura Takahiro,28,0,0,0,0,0,0,0,0,0,0,0,0,0,0,0,0,0,0,.000,.000,.000,Lotte Marines,
Nishino Yuji,4,0,0,0,0,0,0,0,0,0,0,0,0,0,0,0,0,0,0,.000,.000,.000,Lotte Marines,
Ogawa Ryusei,2,7,6,0,2,0,0,0,2,0,1,0,1,0,0,0,0,1,0,.333,.333,.333,Lotte Marines,
Ogino Takashi,10,24,19,3,5,0,0,1,8,5,0,0,0,0,4,0,1,1,1,.263,.421,.417,Lotte Marines,
Ohshita Seiichiro,58,134,108,16,31,5,0,2,42,11,0,0,5,1,14,0,6,20,2,.287,.389,.395,Lotte Marines,
Polanco Gregory,17,60,51,10,14,2,0,6,34,16,0,0,0,0,7,0,2,15,0,.275,.667,.383,Lotte Marines,
Sakai Haru,1,0,0,0,0,0,0,0,0,0,0,0,0,0,0,0,0,0,0,.000,.000,.000,Lotte Marines,
Sakamoto Koshiro,25,0,0,0,0,0,0,0,0,0,0,0,0,0,0,0,0,0,0,.000,.000,.000,Lotte Marines,
Sammons Bryan,8,0,0,0,0,0,0,0,0,0,0,0,0,0,0,0,0,0,0,.000,.000,.000,Lotte Marines,
Satoh Toshiya,13,49,44,5,13,2,1,1,20,3,0,1,0,0,3,0,2,11,1,.295,.455,.367,Lotte Marines,
Sawada Keisuke,17,0,0,0,0,0,0,0,0,0,0,0,0,0,0,0,0,0,0,.000,.000,.000,Lotte Marines,
Sawamura Hirokazu,18,0,0,0,0,0,0,0,0,0,0,0,0,0,0,0,0,0,0,.000,.000,.000,Lotte Marines,
Soto Neftali,1,4,3,2,1,0,0,1,4,3,0,0,0,0,1,0,0,1,0,.333,1.333,.500,Lotte Marines,
Takabe Akito,6,26,24,2,6,1,0,1,10,3,1,0,0,0,2,0,0,4,0,.250,.417,.308,Lotte Marines,
Takano Shuta,5,0,0,0,0,0,0,0,0,0,0,0,0,0,0,0,0,0,0,.000,.000,.000,Lotte Marines,
Takeda Aito,47,167,151,17,48,12,2,2,70,19,6,4,0,3,12,0,1,19,3,.318,.464,.365,Lotte Marines,
Takeuchi Ryota,1,0,0,0,0,0,0,0,0,0,0,0,0,0,0,0,0,0,0,.000,.000,.000,Lotte Marines,
Tamura Tatsuhiro,11,29,25,4,10,1,0,0,11,1,1,0,0,0,4,0,0,2,2,.400,.440,.483,Lotte Marines,
Tanaka Fuki,13,0,0,0,0,0,0,0,0,0,0,0,0,0,0,0,0,0,0,.000,.000,.000,Lotte Marines,
Tanaka Haruya,2,0,0,0,0,0,0,0,0,0,0,0,0,0,0,0,0,0,0,.000,.000,.000,Lotte Marines,
Taneichi Atsuki,1,0,0,0,0,0,0,0,0,0,0,0,0,0,0,0,0,0,0,.000,.000,.000,Lotte Marines,
Tanimura Tsuyoshi,24,47,46,4,6,1,0,1,10,3,0,0,0,0,1,0,0,18,1,.130,.217,.149,Lotte Marines,
Tatematsu Yu,40,115,102,10,24,6,3,1,39,22,1,2,1,1,10,0,1,10,4,.235,.382,.307,Lotte Marines,
Terachi Ryusei,1,5,5,1,1,0,0,0,1,0,0,0,0,0,0,0,0,0,0,.200,.200,.200,Lotte Marines,
Tomiyama Konoshin,22,35,32,4,9,2,0,0,11,4,0,0,0,1,2,0,0,11,1,.281,.344,.314,Lotte Marines,
Tomosugi Atsuki,2,7,7,1,2,0,0,0,2,1,0,0,0,0,0,0,0,3,0,.286,.286,.286,Lotte Marines,
Ueda Kyuto,49,157,148,17,47,8,0,1,58,9,3,0,0,0,7,0,2,16,4,.318,.392,.357,Lotte Marines,
Ueda Shota,37,68,59,8,13,0,0,0,13,3,0,0,5,0,1,0,3,9,2,.220,.220,.270,Lotte Marines,
Voth Austin,1,0,0,0,0,0,0,0,0,0,0,0,0,0,0,0,0,0,0,.000,.000,.000,Lotte Marines,
Wada Koshiro,60,196,168,21,34,8,1,0,44,12,11,4,9,0,15,0,4,34,3,.202,.262,.283,Lotte Marines,
Yagi Akira,14,0,0,0,0,0,0,0,0,0,0,0,0,0,0,0,0,0,0,.000,.000,.000,Lotte Marines,
Yamaguchi Koki,72,285,230,39,57,11,2,11,105,53,2,1,0,7,41,1,7,57,3,.248,.457,.368,Lotte Marines,
Yamamoto Daito,16,72,63,18,23,7,0,5,45,21,1,0,0,0,8,2,1,8,4,.365,.714,.444,Lotte Marines,
Yasuda Hisanori,27,94,82,8,22,5,0,1,30,7,0,1,0,1,11,0,0,13,3,.268,.366,.351,Lotte Marines,
Yokoyama Rikuto,5,0,0,0,0,0,0,0,0,0,0,0,0,0,0,0,0,0,0,.000,.000,.000,Lotte Marines,
Yoshikawa Yuto,12,0,0,0,0,0,0,0,0,0,0,0,0,0,0,0,0,0,0,.000,.000,.000,Lotte Marines,
Akihiro Yuto,19,70,61,6,16,4,1,0,22,9,0,0,0,1,8,0,0,8,1,.262,.361,.343,SoftBank Hawks,
Antoku Shun,4,0,0,0,0,0,0,0,0,0,0,0,0,0,0,0,0,0,0,.000,.000,.000,SoftBank Hawks,
Armenta Alexander,8,0,0,0,0,0,0,0,0,0,0,0,0,0,0,0,0,0,0,.000,.000,.000,SoftBank Hawks,
Bandoh Yugo,15,0,0,0,0,0,0,0,0,0,0,0,0,0,0,0,0,0,0,.000,.000,.000,SoftBank Hawks,
Downs Jeter,31,119,101,14,29,11,1,2,48,12,1,0,0,2,14,0,2,14,1,.287,.475,.378,SoftBank Hawks,
Fujii Kouya,1,0,0,0,0,0,0,0,0,0,0,0,0,0,0,0,0,0,0,.000,.000,.000,SoftBank Hawks,
Fujino Keio,46,151,135,25,35,4,0,0,39,14,4,4,0,1,12,0,3,19,2,.259,.289,.331,SoftBank Hawks,
Fujita Yutaro,21,50,43,0,8,2,0,0,10,6,0,0,2,0,5,0,0,11,0,.186,.233,.271,SoftBank Hawks,
Fujiwara Haruto,1,0,0,0,0,0,0,0,0,0,0,0,0,0,0,0,0,0,0,.000,.000,.000,SoftBank Hawks,
Hamaguchi Haruhiro,6,0,0,0,0,0,0,0,0,0,0,0,0,0,0,0,0,0,0,.000,.000,.000,SoftBank Hawks,
Hernandez Darwinzon,5,0,0,0,0,0,0,0,0,0,0,0,0,0,0,0,0,0,0,.000,.000,.000,SoftBank Hawks,
Higashihama Nao,7,0,0,0,0,0,0,0,0,0,0,0,0,0,0,0,0,0,0,.000,.000,.000,SoftBank Hawks,
Hirose Ryuta,62,258,224,28,57,6,2,0,67,13,2,1,1,0,31,0,2,42,11,.254,.299,.350,SoftBank Hawks,
Ikhine Itua,74,287,246,29,58,8,4,3,83,29,17,7,3,2,32,0,4,71,3,.236,.337,.331,SoftBank Hawks,
Imamiya Kenta,8,25,22,1,5,1,0,0,6,4,0,0,0,0,3,0,0,0,1,.227,.273,.320,SoftBank Hawks,
Inoue Tomoya,65,276,249,32,62,12,2,2,84,35,2,0,1,3,18,0,5,55,7,.249,.337,.309,SoftBank Hawks,
Ishimi Soma,41,128,103,16,28,3,2,0,35,8,1,3,0,1,24,0,0,28,1,.272,.340,.406,SoftBank Hawks,
Ishizuka Soichiro,33,137,111,22,39,10,1,3,60,17,1,0,0,0,12,0,14,15,1,.351,.541,.474,SoftBank Hawks,
Itoh Yusuke,18,0,0,0,0,0,0,0,0,0,0,0,0,0,0,0,0,0,0,.000,.000,.000,SoftBank Hawks,
Iwai Shunsuke,22,0,0,0,0,0,0,0,0,0,0,0,0,0,0,0,0,0,0,.000,.000,.000,SoftBank Hawks,
Iwasaki Shunsuke,18,0,0,0,0,0,0,0,0,0,0,0,0,0,0,0,0,0,0,.000,.000,.000,SoftBank Hawks,
Izaki Sanshiro,5,0,0,0,0,0,0,0,0,0,0,0,0,0,0,0,0,0,0,.000,.000,.000,SoftBank Hawks,
Kamichatani Taiga,16,0,0,0,0,0,0,0,0,0,0,0,0,0,0,0,0,0,0,.000,.000,.000,SoftBank Hawks,
Katoh Sora,2,2,2,0,0,0,0,0,0,0,0,0,0,0,0,0,0,0,0,.000,.000,.000,SoftBank Hawks,
Katsuren Haruki,25,58,57,3,14,6,0,0,20,4,0,0,0,0,0,0,1,16,0,.246,.351,.259,SoftBank Hawks,
Kawaguchi Toya,20,0,0,0,0,0,0,0,0,0,0,0,0,0,0,0,0,0,0,.000,.000,.000,SoftBank Hawks,
Kawamura Yuto,27,102,94,12,25,5,1,0,32,7,4,2,0,0,6,0,2,12,1,.266,.340,.324,SoftBank Hawks,
Kimura Hikaru,18,0,0,0,0,0,0,0,0,0,0,0,0,0,0,0,0,0,0,.000,.000,.000,SoftBank Hawks,
Kimura Taisei,25,0,0,0,0,0,0,0,0,0,0,0,0,0,0,0,0,0,0,.000,.000,.000,SoftBank Hawks,
Kondoh Kensuke,2,7,6,1,4,0,0,1,7,1,0,0,0,0,1,0,0,0,0,.667,1.167,.714,SoftBank Hawks,
Kurihara Ryoya,2,7,6,2,2,0,0,1,5,2,0,0,0,1,0,0,0,1,0,.333,.833,.286,SoftBank Hawks,
Kuwahara Shuji,19,53,48,3,10,4,0,0,14,4,1,1,2,0,2,0,1,7,2,.208,.292,.255,SoftBank Hawks,
Maeda Jun,5,0,0,0,0,0,0,0,0,0,0,0,0,0,0,0,0,0,0,.000,.000,.000,SoftBank Hawks,
Maeda Yugo,12,0,0,0,0,0,0,0,0,0,0,0,0,0,0,0,0,0,0,.000,.000,.000,SoftBank Hawks,
Makihara Kota,37,100,90,8,11,2,0,0,13,7,1,0,0,0,10,0,0,27,1,.122,.144,.210,SoftBank Hawks,
Matayoshi Katsuki,14,0,0,0,0,0,0,0,0,0,0,0,0,0,0,0,0,0,0,.000,.000,.000,SoftBank Hawks,
Matsumoto Haru,1,0,0,0,0,0,0,0,0,0,0,0,0,0,0,0,0,0,0,.000,.000,.000,SoftBank Hawks,
Minakuchi Sota,1,0,0,0,0,0,0,0,0,0,0,0,0,0,0,0,0,0,0,.000,.000,.000,SoftBank Hawks,
Minei Hiroki,5,10,9,0,4,0,0,0,4,0,0,0,0,0,1,0,0,0,0,.444,.444,.500,SoftBank Hawks,
Miyasato Yuwa,17,0,0,0,0,0,0,0,0,0,0,0,0,0,0,0,0,0,0,.000,.000,.000,SoftBank Hawks,
Miyazaki Hayato,20,0,0,0,0,0,0,0,0,0,0,0,0,0,0,0,0,0,0,.000,.000,.000,SoftBank Hawks,
Morishima Ryota,8,19,18,0,2,0,0,0,2,0,0,0,0,0,1,0,0,6,1,.111,.111,.158,SoftBank Hawks,
Murata Kenichi,18,0,0,0,0,0,0,0,0,0,0,0,0,0,0,0,0,0,0,.000,.000,.000,SoftBank Hawks,
Nakamura Akira,1,3,2,0,1,0,0,0,1,0,0,0,0,0,1,0,0,1,0,.500,.500,.667,SoftBank Hawks,
Nakazawa Koki,1,4,3,0,1,1,0,0,2,2,0,0,0,1,0,0,0,0,0,.333,.667,.250,SoftBank Hawks,
Nishio Ayuma,35,94,79,16,25,1,2,0,30,5,0,1,3,1,9,0,2,9,2,.316,.380,.396,SoftBank Hawks,
Ogata Riku,1,5,5,1,2,0,0,0,2,0,1,0,0,0,0,0,0,1,0,.400,.400,.400,SoftBank Hawks,
Ogata Shuto,9,0,0,0,0,0,0,0,0,0,0,0,0,0,0,0,0,0,0,.000,.000,.000,SoftBank Hawks,
Ohe Ryusei,4,0,0,0,0,0,0,0,0,0,0,0,0,0,0,0,0,0,0,.000,.000,.000,SoftBank Hawks,
Ohizumi Shuya,32,101,90,12,24,5,0,0,29,9,1,0,0,1,9,0,1,14,2,.267,.322,.337,SoftBank Hawks,
Ohno Kazuo,10,0,0,0,0,0,0,0,0,0,0,0,0,0,0,0,0,0,0,.000,.000,.000,SoftBank Hawks,
Ohshiro Shinno,6,0,0,0,0,0,0,0,0,0,0,0,0,0,0,0,0,0,0,.000,.000,.000,SoftBank Hawks,
Ohtake Fuga,10,0,0,0,0,0,0,0,0,0,0,0,0,0,0,0,0,0,0,.000,.000,.000,SoftBank Hawks,
Ohtomo Sou,29,76,66,4,14,3,0,1,20,8,3,5,1,0,6,0,3,13,0,.212,.303,.307,SoftBank Hawks,
Ohtsu Ryosuke,9,0,0,0,0,0,0,0,0,0,0,0,0,0,0,0,0,0,0,.000,.000,.000,SoftBank Hawks,
Ohyama Ryo,3,0,0,0,0,0,0,0,0,0,0,0,0,0,0,0,0,0,0,.000,.000,.000,SoftBank Hawks,
Okada Koichiro,6,0,0,0,0,0,0,0,0,0,0,0,0,0,0,0,0,0,0,.000,.000,.000,SoftBank Hawks,
Okaue Jumpei,2,0,0,0,0,0,0,0,0,0,0,0,0,0,0,0,0,0,0,.000,.000,.000,SoftBank Hawks,
Rodriguez Luis,5,0,0,0,0,0,0,0,0,0,0,0,0,0,0,0,0,0,0,.000,.000,.000,SoftBank Hawks,
Sasagawa Yoshiyasu,72,306,275,45,74,9,2,9,114,46,9,4,0,4,24,0,3,72,3,.269,.415,.330,SoftBank Hawks,
Satoh Kota,15,47,41,7,6,1,0,0,7,5,3,0,1,1,4,0,0,13,0,.146,.171,.217,SoftBank Hawks,
Satoh Naoki,19,77,67,9,20,4,0,2,30,10,4,2,1,0,9,0,0,17,0,.299,.448,.382,SoftBank Hawks,
Shigematsu Kaito,30,86,77,9,17,2,1,0,21,6,4,2,0,0,9,0,0,22,2,.221,.273,.302,SoftBank Hawks,
Shoji Yudai,60,242,211,23,45,5,0,0,50,17,7,4,4,2,24,0,1,47,3,.213,.237,.294,SoftBank Hawks,
Shuto Ukyo,2,7,6,1,3,0,0,0,3,0,1,0,0,0,0,0,1,1,0,.500,.500,.571,SoftBank Hawks,
Simon Marco,2,8,6,0,1,1,0,0,2,3,0,0,0,2,0,0,0,4,0,.167,.333,.125,SoftBank Hawks,
Sugiyama Kazuki,1,0,0,0,0,0,0,0,0,0,0,0,0,0,0,0,0,0,0,.000,.000,.000,SoftBank Hawks,
Sunagawa Richard,21,72,68,7,11,0,0,4,23,10,0,0,0,1,1,0,2,16,1,.162,.338,.194,SoftBank Hawks,
Takeda Shota,1,0,0,0,0,0,0,0,0,0,0,0,0,0,0,0,0,0,0,.000,.000,.000,SoftBank Hawks,
Tanigawara Kenta,33,117,105,11,29,3,2,0,36,15,3,0,0,1,11,0,0,12,3,.276,.343,.342,SoftBank Hawks,
Taura Fumimaru,11,0,0,0,0,0,0,0,0,0,0,0,0,0,0,0,0,0,0,.000,.000,.000,SoftBank Hawks,
Tsumori Yuki,12,0,0,0,0,0,0,0,0,0,0,0,0,0,0,0,0,0,0,.000,.000,.000,SoftBank Hawks,
Uno Shinjiro,10,28,23,5,9,1,0,0,10,2,1,0,2,2,1,0,0,4,0,.391,.435,.385,SoftBank Hawks,
Uwasawa Naoyuki,1,0,0,0,0,0,0,0,0,0,0,0,0,0,0,0,0,0,0,.000,.000,.000,SoftBank Hawks,
Watanabe Riku,25,85,78,3,15,3,0,2,24,10,0,1,1,0,6,0,0,28,1,.192,.308,.250,SoftBank Hawks,
Yamamoto Keita,50,189,156,23,59,8,4,4,87,28,1,0,0,4,23,0,6,21,1,.378,.558,.466,SoftBank Hawks,
Yamashita Kyogo,8,19,15,2,4,1,0,0,5,4,0,0,1,0,3,0,0,5,0,.267,.333,.389,SoftBank Hawks,
Yanagimachi Tatsuru,6,28,27,4,10,3,0,1,16,6,0,0,0,0,1,0,0,4,1,.370,.593,.393,SoftBank Hawks,
Abe Toshiki,24,71,67,3,17,1,0,0,18,6,0,0,0,1,3,0,0,12,3,.254,.269,.282,Rakuten Eagles,
Aono Takumi,57,194,177,14,37,9,0,0,46,16,0,0,1,3,11,0,2,47,9,.209,.260,.259,Rakuten Eagles,
Asamura Hideto,11,41,36,7,16,5,0,2,27,7,0,0,0,0,5,0,0,3,0,.444,.750,.512,Rakuten Eagles,
Egawa Yuto,34,71,68,5,16,5,0,1,24,2,0,0,1,0,2,0,0,21,3,.235,.353,.257,Rakuten Eagles,
Ehara Masahiro,13,0,0,0,0,0,0,0,0,0,0,0,0,0,0,0,0,0,0,.000,.000,.000,Rakuten Eagles,
Franco Maikel,18,47,46,2,15,1,0,0,16,6,0,0,0,1,0,0,0,6,3,.326,.348,.319,Rakuten Eagles,
Fujihira Shoma,2,0,0,0,0,0,0,0,0,0,0,0,0,0,0,0,0,0,0,.000,.000,.000,Rakuten Eagles,
Fujii Masaru,2,0,0,0,0,0,0,0,0,0,0,0,0,0,0,0,0,0,0,.000,.000,.000,Rakuten Eagles,
Gonzalez Oscar,11,42,37,4,13,3,0,0,16,4,1,0,0,0,4,0,1,8,0,.351,.432,.429,Rakuten Eagles,
Hayakawa Takahisa,3,0,0,0,0,0,0,0,0,0,0,0,0,0,0,0,0,0,0,.000,.000,.000,Rakuten Eagles,
Hayashi Yuki,30,0,0,0,0,0,0,0,0,0,0,0,0,0,0,0,0,0,0,.000,.000,.000,Rakuten Eagles,
Hinata Naoki,28,0,0,0,0,0,0,0,0,0,0,0,0,0,0,0,0,0,0,.000,.000,.000,Rakuten Eagles,
Horiuchi Kengo,19,61,48,5,14,3,0,0,17,7,0,0,0,3,8,0,2,4,1,.292,.354,.393,Rakuten Eagles,
Howard Spencer,3,0,0,0,0,0,0,0,0,0,0,0,0,0,0,0,0,0,0,.000,.000,.000,Rakuten Eagles,
Irie Daiki,76,296,281,30,71,8,2,2,89,31,3,1,2,4,6,0,3,42,7,.253,.317,.272,Rakuten Eagles,
Ishihara Tsuyoshi,23,69,62,7,10,0,0,4,22,8,0,0,1,0,6,0,0,16,3,.161,.355,.235,Rakuten Eagles,
Itoh Yukiya,16,65,56,7,22,4,0,0,26,5,1,1,0,0,9,0,0,5,2,.393,.464,.477,Rakuten Eagles,
Kajiya Ren,4,0,0,0,0,0,0,0,0,0,0,0,0,0,0,0,0,0,0,.000,.000,.000,Rakuten Eagles,
Karashima Wataru,9,0,0,0,0,0,0,0,0,0,0,0,0,0,0,0,0,0,0,.000,.000,.000,Rakuten Eagles,
Kishi Takayuki,2,0,0,0,0,0,0,0,0,0,0,0,0,0,0,0,0,0,0,.000,.000,.000,Rakuten Eagles,
Kishimoto Yuya,1,1,1,0,0,0,0,0,0,0,0,0,0,0,0,0,0,0,0,.000,.000,.000,Rakuten Eagles,
Koga Kosei,14,0,0,0,0,0,0,0,0,0,0,0,0,0,0,0,0,0,0,.000,.000,.000,Rakuten Eagles,
Koja Tatsuki,5,0,0,0,0,0,0,0,0,0,0,0,0,0,0,0,0,0,0,.000,.000,.000,Rakuten Eagles,
Komago Ryuji,30,0,0,0,0,0,0,0,0,0,0,0,0,0,0,0,0,0,0,.000,.000,.000,Rakuten Eagles,
Komori Kohtaro,46,165,153,17,34,7,2,0,45,12,6,6,0,1,8,0,3,18,3,.222,.294,.273,Rakuten Eagles,
Kurokawa Fumiya,12,41,33,5,12,1,0,1,16,8,1,1,0,1,6,0,1,7,0,.364,.485,.463,Rakuten Eagles,
Maeda Ginji,2,3,3,0,0,0,0,0,0,0,0,0,0,0,0,0,0,1,1,.000,.000,.000,Rakuten Eagles,
Matsuda Takuma,4,0,0,0,0,0,0,0,0,0,0,0,0,0,0,0,0,0,0,.000,.000,.000,Rakuten Eagles,
Matsui Tomotaka,9,0,0,0,0,0,0,0,0,0,0,0,0,0,0,0,0,0,0,.000,.000,.000,Rakuten Eagles,
Miyamori Satoshi,24,0,0,0,0,0,0,0,0,0,0,0,0,0,0,0,0,0,0,.000,.000,.000,Rakuten Eagles,
Mizukami Kei,46,138,120,11,19,3,0,0,22,9,0,1,0,1,16,0,1,30,8,.158,.183,.261,Rakuten Eagles,
Mutoh Atsuki,43,176,149,26,41,5,2,4,62,22,13,2,3,1,19,0,4,29,1,.275,.416,.370,Rakuten Eagles,
Nagata Sotaro,56,135,119,7,30,2,2,0,36,17,0,1,1,2,11,0,2,11,1,.252,.303,.321,Rakuten Eagles,
Nakagomi Haruto,27,0,0,0,0,0,0,0,0,0,0,0,0,0,0,0,0,0,0,.000,.000,.000,Rakuten Eagles,
Nakashima Daisuke,13,59,58,9,19,1,1,2,28,4,5,0,0,1,0,0,0,5,0,.328,.483,.322,Rakuten Eagles,
Ogoh Yuya,10,42,33,4,10,4,0,0,14,4,2,0,0,1,8,2,0,12,0,.303,.424,.429,Rakuten Eagles,
Ohuchi Seiya,11,0,0,0,0,0,0,0,0,0,0,0,0,0,0,0,0,0,0,.000,.000,.000,Rakuten Eagles,
Okajima Takero,64,188,171,9,33,10,0,0,43,12,0,0,0,2,15,0,0,32,3,.193,.251,.255,Rakuten Eagles,
Sakai Haruto,10,0,0,0,0,0,0,0,0,0,0,0,0,0,0,0,0,0,0,.000,.000,.000,Rakuten Eagles,
Shibata Daichi,31,0,0,0,0,0,0,0,0,0,0,0,0,0,0,0,0,0,0,.000,.000,.000,Rakuten Eagles,
Shimauchi Hiroaki,39,106,82,9,24,4,1,1,33,16,0,1,0,1,22,1,1,18,0,.293,.402,.443,Rakuten Eagles,
Shoji Kosei,8,0,0,0,0,0,0,0,0,0,0,0,0,0,0,0,0,0,0,.000,.000,.000,Rakuten Eagles,
Suzuki Daichi,1,5,3,1,0,0,0,0,0,0,0,0,0,0,2,0,0,1,0,.000,.000,.400,Rakuten Eagles,
Suzuki Sora,2,0,0,0,0,0,0,0,0,0,0,0,0,0,0,0,0,0,0,.000,.000,.000,Rakuten Eagles,
Tai Katsutoshi,32,0,0,0,0,0,0,0,0,0,0,0,0,0,0,0,0,0,0,.000,.000,.000,Rakuten Eagles,
Taira Ryuya,36,93,84,18,33,8,2,1,48,12,8,0,0,0,5,0,4,9,4,.393,.571,.452,Rakuten Eagles,
Takinaka Ryota,3,0,0,0,0,0,0,0,0,0,0,0,0,0,0,0,0,0,0,.000,.000,.000,Rakuten Eagles,
Tanaka Kazuki,35,107,96,10,26,5,2,1,38,10,6,1,1,2,8,0,0,19,0,.271,.396,.321,Rakuten Eagles,
Tanaka Takaya,9,20,17,2,7,2,0,1,12,2,0,0,1,0,2,0,0,1,1,.412,.706,.474,Rakuten Eagles,
Tatsumi Konosuke,66,141,130,33,39,1,1,0,42,6,28,3,3,0,8,0,0,25,3,.300,.323,.341,Rakuten Eagles,
Tatsumi Ryosuke,9,40,35,7,14,4,0,0,18,3,1,0,0,0,5,0,0,6,2,.400,.514,.475,Rakuten Eagles,
Tokuyama Kazuto,5,0,0,0,0,0,0,0,0,0,0,0,0,0,0,0,0,0,0,.000,.000,.000,Rakuten Eagles,
Tsurusaki Taisei,25,0,0,0,0,0,0,0,0,0,0,0,0,0,0,0,0,0,0,.000,.000,.000,Rakuten Eagles,
Turley Nik,11,0,0,0,0,0,0,0,0,0,0,0,0,0,0,0,0,0,0,.000,.000,.000,Rakuten Eagles,
Voit Luke,4,14,11,3,4,0,0,1,7,2,0,0,0,0,3,0,0,5,0,.364,.636,.500,Rakuten Eagles,
Wang Yan-Cheng,17,0,0,0,0,0,0,0,0,0,0,0,0,0,0,0,0,0,0,.000,.000,.000,Rakuten Eagles,
Watanabe Shota,12,0,0,0,0,0,0,0,0,0,0,0,0,0,0,0,0,0,0,.000,.000,.000,Rakuten Eagles,
Waters RikaiJyumile,48,161,153,14,29,4,2,0,37,9,5,3,0,0,7,0,1,42,6,.190,.242,.230,Rakuten Eagles,
Yajure Miguel,5,0,0,0,0,0,0,0,0,0,0,0,0,0,0,0,0,0,0,.000,.000,.000,Rakuten Eagles,
Yamada Haruka,50,154,137,8,29,8,1,0,39,11,1,3,2,1,13,0,1,26,3,.212,.285,.283,Rakuten Eagles,
Yang Po-Hsiang,65,199,186,20,44,4,6,0,60,18,9,2,6,1,5,0,1,41,1,.237,.323,.259,Rakuten Eagles,
Yasuda Yuma,2,5,4,0,1,0,0,0,1,1,0,0,0,0,1,0,0,3,0,.250,.250,.400,Rakuten Eagles,
Yoshino Soshi,70,269,245,32,60,19,3,2,91,22,2,0,0,3,16,0,5,63,8,.245,.371,.301,Rakuten Eagles,
Yoshinoh Tsubasa,72,263,232,30,52,9,1,3,72,24,3,0,0,1,27,0,3,65,5,.224,.310,.312,Rakuten Eagles,
Yuge Hayato,26,0,0,0,0,0,0,0,0,0,0,0,0,0,0,0,0,0,0,.000,.000,.000,Rakuten Eagles,
Aoyama Minato,2,0,0,0,0,0,0,0,0,0,0,0,0,0,0,0,0,0,0,.000,.000,.000,Seibu Lions,
Cedeno Leandro,28,115,104,16,36,6,0,6,60,20,0,0,0,0,11,1,0,21,2,.346,.577,.409,Seibu Lions,
Fuji Yamato,1,0,0,0,0,0,0,0,0,0,0,0,0,0,0,0,0,0,0,.000,.000,.000,Seibu Lions,
Fukuo Haruma,2,4,4,0,2,1,0,0,3,1,0,0,0,0,0,0,0,0,1,.500,.750,.500,Seibu Lions,
Furuichi Takeru,37,103,90,11,24,3,0,0,27,6,1,1,2,0,9,0,2,15,1,.267,.300,.347,Seibu Lions,
Furukawa Yuudai,43,128,113,14,28,1,2,2,39,17,4,0,3,4,7,0,1,26,1,.248,.345,.288,Seibu Lions,
Garcia Anthony,8,30,29,3,5,0,0,2,11,4,1,0,0,0,1,0,0,11,0,.172,.379,.200,Seibu Lions,
Genda Sosuke,5,18,17,1,4,1,1,0,7,0,0,0,0,0,1,0,0,5,0,.235,.412,.278,Seibu Lions,
Hada Shinnosuke,6,0,0,0,0,0,0,0,0,0,0,0,0,0,0,0,0,0,0,.000,.000,.000,Seibu Lions,
Hamaya Shota,12,0,0,0,0,0,0,0,0,0,0,0,0,0,0,0,0,0,0,.000,.000,.000,Seibu Lions,
Higuma Montell,53,151,139,14,33,7,3,0,46,16,3,1,4,1,5,0,2,32,3,.237,.331,.272,Seibu Lions,
Hirai Katsunori,28,0,0,0,0,0,0,0,0,0,0,0,0,0,0,0,0,0,0,.000,.000,.000,Seibu Lions,
Hiranuma Shota,19,75,64,9,16,3,1,2,27,12,3,0,0,1,10,0,0,5,2,.250,.422,.347,Seibu Lions,
Hirasawa Taiga,47,155,126,26,34,6,1,7,63,17,2,2,2,0,27,0,0,23,4,.270,.500,.399,Seibu Lions,
Hiruma Takuya,62,244,219,25,53,11,1,2,72,15,7,0,3,0,19,0,3,41,4,.242,.329,.311,Seibu Lions,
Itogawa Ryota,22,0,0,0,0,0,0,0,0,0,0,0,0,0,0,0,0,0,0,.000,.000,.000,Seibu Lions,
Kaino Hiroshi,1,0,0,0,0,0,0,0,0,0,0,0,0,0,0,0,0,0,0,.000,.000,.000,Seibu Lions,
Kaneko Koji,22,69,60,4,13,2,0,0,15,6,1,0,3,0,5,0,1,12,1,.217,.250,.288,Seibu Lions,
Kariu Shoma,1,0,0,0,0,0,0,0,0,0,0,0,0,0,0,0,0,0,0,.000,.000,.000,Seibu Lions,
Kawano Ryota,23,33,29,0,4,0,1,0,6,2,0,2,2,0,2,0,0,7,1,.138,.207,.194,Seibu Lions,
Kawashimo Masahiro,4,0,0,0,0,0,0,0,0,0,0,0,0,0,0,0,0,0,0,.000,.000,.000,Seibu Lions,
Kishi Junichiro,21,75,67,6,18,4,0,1,25,8,4,1,0,0,6,0,2,10,1,.269,.373,.347,Seibu Lions,
Kodama Ryosuke,15,59,54,5,18,1,0,0,19,5,2,2,1,0,3,0,1,5,1,.333,.352,.379,Seibu Lions,
Koga Teruki,12,32,31,2,6,2,0,0,8,1,0,0,0,0,1,0,0,18,0,.194,.258,.219,Seibu Lions,
Koresawa Ryosuke,23,79,71,6,13,2,1,0,17,4,0,1,2,1,4,0,1,11,1,.183,.239,.234,Seibu Lions,
Kuriyama Takumi,45,139,119,6,29,5,0,0,34,6,0,0,0,1,19,0,0,21,6,.244,.286,.345,Seibu Lions,
Kuroda Masaya,18,0,0,0,0,0,0,0,0,0,0,0,0,0,0,0,0,0,0,.000,.000,.000,Seibu Lions,
Kuroki Yuta,17,0,0,0,0,0,0,0,0,0,0,0,0,0,0,0,0,0,0,.000,.000,.000,Seibu Lions,
Lin Kuan-Chen,24,93,86,11,27,5,0,1,35,13,0,0,0,1,4,0,2,22,3,.314,.407,.355,Seibu Lions,
Lopez Victor,15,0,0,0,0,0,0,0,0,0,0,0,0,0,0,0,0,0,0,.000,.000,.000,Seibu Lions,
Makino Shoya,11,36,33,3,6,1,1,0,9,2,0,0,1,0,2,0,0,8,0,.182,.273,.229,Seibu Lions,
Mameda Taishi,10,0,0,0,0,0,0,0,0,0,0,0,0,0,0,0,0,0,0,.000,.000,.000,Seibu Lions,
Matsubara Seiya,55,127,113,17,27,7,3,1,43,13,4,0,2,0,12,0,0,25,2,.239,.381,.312,Seibu Lions,
Matsumoto Wataru,14,0,0,0,0,0,0,0,0,0,0,0,0,0,0,0,0,0,0,.000,.000,.000,Seibu Lions,
Miura Daiki,15,0,0,0,0,0,0,0,0,0,0,0,0,0,0,0,0,0,0,.000,.000,.000,Seibu Lions,
Miyazawa Taisei,24,0,0,0,0,0,0,0,0,0,0,0,0,0,0,0,0,0,0,.000,.000,.000,Seibu Lions,
Mizukami Yoshinobu,12,0,0,0,0,0,0,0,0,0,0,0,0,0,0,0,0,0,0,.000,.000,.000,Seibu Lions,
Moriwaki Ryosuke,3,0,0,0,0,0,0,0,0,0,0,0,0,0,0,0,0,0,0,.000,.000,.000,Seibu Lions,
Motoyama Hiyu,11,33,27,3,7,2,0,0,9,1,0,0,2,0,4,0,0,4,3,.259,.333,.355,Seibu Lions,
Murata Reon,72,288,268,27,74,22,0,4,108,27,1,0,0,3,14,0,3,62,10,.276,.403,.316,Seibu Lions,
Nakamigawa Yuta,45,175,162,27,53,13,1,9,95,37,5,0,0,0,13,0,0,36,3,.327,.586,.377,Seibu Lions,
Nakamura Takeya,2,6,6,0,0,0,0,0,0,0,0,0,0,0,0,0,0,1,0,.000,.000,.000,Seibu Lions,
Nakamura Yuta,25,0,0,0,0,0,0,0,0,0,0,0,0,0,0,0,0,0,0,.000,.000,.000,Seibu Lions,
Nakata Keisuke,7,30,25,3,7,1,0,0,8,2,1,0,0,1,2,0,2,2,1,.280,.320,.367,Seibu Lions,
Nomura Daiju,7,23,22,3,4,0,0,2,10,4,0,0,0,0,1,0,0,7,0,.182,.455,.217,Seibu Lions,
Nomura Kazuki,1,3,3,0,0,0,0,0,0,0,0,0,0,0,0,0,0,2,0,.000,.000,.000,Seibu Lions,
Okumura Koichi,19,53,46,4,9,1,0,0,10,1,6,2,0,0,7,0,0,8,1,.196,.217,.302,Seibu Lions,
Omagari Ren,14,0,0,0,0,0,0,0,0,0,0,0,0,0,0,0,0,0,0,.000,.000,.000,Seibu Lions,
Saito Hiroto,7,17,16,2,5,0,0,0,5,2,0,0,0,0,1,0,0,4,0,.313,.313,.353,Seibu Lions,
Sasaki Takeru,12,0,0,0,0,0,0,0,0,0,0,0,0,0,0,0,0,0,0,.000,.000,.000,Seibu Lions,
Sato Shunsuke,7,0,0,0,0,0,0,0,0,0,0,0,0,0,0,0,0,0,0,.000,.000,.000,Seibu Lions,
Sato Taiyo,48,200,174,29,52,8,2,1,67,13,6,1,4,0,18,0,4,35,4,.299,.385,.378,Seibu Lions,
Satoh Ryusei,41,164,145,28,47,11,0,4,70,16,1,0,0,0,18,0,1,27,6,.324,.483,.402,Seibu Lions,
Satoh Sou,3,0,0,0,0,0,0,0,0,0,0,0,0,0,0,0,0,0,0,.000,.000,.000,Seibu Lions,
Shinohara Hibiki,13,0,0,0,0,0,0,0,0,0,0,0,0,0,0,0,0,0,0,.000,.000,.000,Seibu Lions,
Sugai Shinya,6,0,0,0,0,0,0,0,0,0,0,0,0,0,0,0,0,0,0,.000,.000,.000,Seibu Lions,
Sugiyama Haruki,13,0,0,0,0,0,0,0,0,0,0,0,0,0,0,0,0,0,0,.000,.000,.000,Seibu Lions,
Sumida Chihiro,1,0,0,0,0,0,0,0,0,0,0,0,0,0,0,0,0,0,0,.000,.000,.000,Seibu Lions,
Takahashi Bo,10,0,0,0,0,0,0,0,0,0,0,0,0,0,0,0,0,0,0,.000,.000,.000,Seibu Lions,
Takamatsu Wataru,32,49,46,12,14,1,0,1,18,3,10,2,2,0,1,0,0,10,0,.304,.391,.319,Seibu Lions,
Takeuchi Natsuki,4,0,0,0,0,0,0,0,0,0,0,0,0,0,0,0,0,0,0,.000,.000,.000,Seibu Lions,
Takizawa Natsuo,3,11,8,1,1,1,0,0,2,1,0,0,1,1,1,0,0,0,0,.125,.250,.200,Seibu Lions,
Tamura Ichiro,9,0,0,0,0,0,0,0,0,0,0,0,0,0,0,0,0,0,0,.000,.000,.000,Seibu Lions,
Tatsuyama Haruki,2,4,4,1,0,0,0,0,0,0,0,0,0,0,0,0,0,2,0,.000,.000,.000,Seibu Lions,
Tsuge Sena,34,105,96,6,16,4,1,1,25,16,0,0,1,0,6,0,2,19,2,.167,.260,.231,Seibu Lions,
Ueda Taiga,9,0,0,0,0,0,0,0,0,0,0,0,0,0,0,0,0,0,0,.000,.000,.000,Seibu Lions,
Uema Towa,3,0,0,0,0,0,0,0,0,0,0,0,0,0,0,0,0,0,0,.000,.000,.000,Seibu Lions,
Watanabe Kento,36,115,108,8,19,5,0,4,36,18,1,0,0,1,5,0,1,32,1,.176,.333,.217,Seibu Lions,
Watanabe Seiya,6,19,15,2,4,1,1,0,7,3,0,0,0,2,2,0,0,1,0,.267,.467,.316,Seibu Lions,
Yamada Haruto,1,0,0,0,0,0,0,0,0,0,0,0,0,0,0,0,0,0,0,.000,.000,.000,Seibu Lions,
Yamamura Takayoshi,35,146,132,19,31,6,0,4,49,22,0,1,1,2,11,0,0,17,5,.235,.371,.290,Seibu Lions,
Yamanobe Kakeru,14,34,31,3,8,0,0,0,8,1,2,0,0,0,1,0,2,4,1,.258,.258,.324,Seibu Lions,
Yoza Kaito,6,0,0,0,0,0,0,0,0,0,0,0,0,0,0,0,0,0,0,.000,.000,.000,Seibu Lions,
Arizono Naoki,74,293,256,51,80,10,3,16,144,51,2,0,0,2,33,1,2,59,10,.313,.563,.392,Nipponham Fighters,
Asama Daiki,34,112,90,16,27,4,1,3,42,17,3,0,0,4,17,0,1,10,2,.300,.467,.402,Nipponham Fighters,
Asari Tamon,15,0,0,0,0,0,0,0,0,0,0,0,0,0,0,0,0,0,0,.000,.000,.000,Nipponham Fighters,
Fujita Ryusei,9,0,0,0,0,0,0,0,0,0,0,0,0,0,0,0,0,0,0,.000,.000,.000,Nipponham Fighters,
Fujita Taisei,26,91,86,9,23,6,1,0,31,5,0,0,2,0,2,0,1,25,3,.267,.360,.292,Nipponham Fighters,
Fukuda Suguru,8,0,0,0,0,0,0,0,0,0,0,0,0,0,0,0,0,0,0,.000,.000,.000,Nipponham Fighters,
Fukushima Ren,14,0,0,0,0,0,0,0,0,0,0,0,0,0,0,0,0,0,0,.000,.000,.000,Nipponham Fighters,
Fukutani Koji,11,0,0,0,0,0,0,0,0,0,0,0,0,0,0,0,0,0,0,.000,.000,.000,Nipponham Fighters,
Furukawa Yudai,38,82,72,12,21,6,0,0,27,13,0,0,0,2,7,0,1,20,1,.292,.375,.354,Nipponham Fighters,
Gu Lin Ruei-Yang,3,0,0,0,0,0,0,0,0,0,0,0,0,0,0,0,0,0,0,.000,.000,.000,Nipponham Fighters,
Hamada Taiki,30,101,97,3,22,5,0,0,27,6,0,0,2,1,1,0,0,35,4,.227,.278,.232,Nipponham Fighters,
Hirata Daiju,31,70,63,11,9,4,0,0,13,1,3,0,3,1,3,0,0,22,1,.143,.206,.179,Nipponham Fighters,
Hori Mizuki,22,0,0,0,0,0,0,0,0,0,0,0,0,0,0,0,0,0,0,.000,.000,.000,Nipponham Fighters,
Hoshino Hinode,30,97,89,7,15,6,0,1,24,4,2,1,0,0,8,0,0,39,0,.169,.270,.237,Nipponham Fighters,
Hosokawa Ryohei,57,204,171,16,45,5,5,1,63,16,15,3,8,2,22,0,1,23,1,.263,.368,.347,Nipponham Fighters,
Hosono Haruki,9,0,0,0,0,0,0,0,0,0,0,0,0,0,0,0,0,0,0,.000,.000,.000,Nipponham Fighters,
Ikeda Takahide,9,0,0,0,0,0,0,0,0,0,0,0,0,0,0,0,0,0,0,.000,.000,.000,Nipponham Fighters,
Imagawa Yuma,37,112,98,20,39,12,1,2,59,18,1,0,0,3,8,0,3,13,5,.398,.602,.446,Nipponham Fighters,
Ishii Kazunari,8,29,26,3,10,1,0,2,17,5,1,0,1,0,2,0,0,3,0,.385,.654,.429,Nipponham Fighters,
Ishikawa Naoya,18,0,0,0,0,0,0,0,0,0,0,0,0,0,0,0,0,0,0,.000,.000,.000,Nipponham Fighters,
Kamikawabata Daigo,29,108,84,13,26,2,1,0,30,8,1,1,4,1,17,0,2,6,4,.310,.357,.433,Nipponham Fighters,
Kanemura Shoma,2,0,0,0,0,0,0,0,0,0,0,0,0,0,0,0,0,0,0,.000,.000,.000,Nipponham Fighters,
Katoh Yamato,7,0,0,0,0,0,0,0,0,0,0,0,0,0,0,0,0,0,0,.000,.000,.000,Nipponham Fighters,
Kawakatsu Sorato,4,0,0,0,0,0,0,0,0,0,0,0,0,0,0,0,0,0,0,.000,.000,.000,Nipponham Fighters,
Kawano Ryusei,4,0,0,0,0,0,0,0,0,0,0,0,0,0,0,0,0,0,0,.000,.000,.000,Nipponham Fighters,
Kitaura Ryuji,15,0,0,0,0,0,0,0,0,0,0,0,0,0,0,0,0,0,0,.000,.000,.000,Nipponham Fighters,
Kitayama Koki,2,0,0,0,0,0,0,0,0,0,0,0,0,0,0,0,0,0,0,.000,.000,.000,Nipponham Fighters,
Kuroyanagi Kyosuke,10,0,0,0,0,0,0,0,0,0,0,0,0,0,0,0,0,0,0,.000,.000,.000,Nipponham Fighters,
Martinez Ariel,12,41,35,7,11,3,0,3,23,13,1,0,0,1,5,0,0,3,1,.314,.657,.390,Nipponham Fighters,
Matsumoto Go,25,100,87,8,28,4,0,2,38,8,2,4,2,0,11,0,0,3,2,.322,.437,.398,Nipponham Fighters,
Matsumoto Ryodai,20,0,0,0,0,0,0,0,0,0,0,0,0,0,0,0,0,0,0,.000,.000,.000,Nipponham Fighters,
Matsuoka Koki,20,0,0,0,0,0,0,0,0,0,0,0,0,0,0,0,0,0,0,.000,.000,.000,Nipponham Fighters,
Matsuura Keito,17,0,0,0,0,0,0,0,0,0,0,0,0,0,0,0,0,0,0,.000,.000,.000,Nipponham Fighters,
Miyanishi Naoki,1,0,0,0,0,0,0,0,0,0,0,0,0,0,0,0,0,0,0,.000,.000,.000,Nipponham Fighters,
Miyauchi Haruki,21,0,0,0,0,0,0,0,0,0,0,0,0,0,0,0,0,0,0,.000,.000,.000,Nipponham Fighters,
Miyazaki Kazuki,59,198,178,20,39,2,2,1,48,9,5,6,6,1,12,0,1,23,6,.219,.270,.271,Nipponham Fighters,
Mizuno Tatsuki,9,32,28,6,10,1,0,1,14,4,4,2,0,0,2,0,2,2,1,.357,.500,.438,Nipponham Fighters,
Mizutani Shun,23,92,84,12,25,3,0,1,31,6,1,0,0,1,6,0,1,15,5,.298,.369,.348,Nipponham Fighters,
Myose Ryosuke,49,175,162,8,30,3,0,2,39,7,1,0,1,0,11,0,1,38,5,.185,.241,.241,Nipponham Fighters,
Nabatame Tsubasa,5,0,0,0,0,0,0,0,0,0,0,0,0,0,0,0,0,0,0,.000,.000,.000,Nipponham Fighters,
Nakashima Takuya,27,50,36,9,9,1,0,0,10,2,5,0,5,0,9,0,0,8,0,.250,.278,.400,Nipponham Fighters,
Nakayama Terukazu,13,0,0,0,0,0,0,0,0,0,0,0,0,0,0,0,0,0,0,.000,.000,.000,Nipponham Fighters,
Narama Taiki,1,5,4,1,2,0,0,0,2,0,0,0,0,0,1,0,0,1,1,.500,.500,.600,Nipponham Fighters,
Nemoto Haruka,19,0,0,0,0,0,0,0,0,0,0,0,0,0,0,0,0,0,0,.000,.000,.000,Nipponham Fighters,
Nomura Yuki,5,16,14,2,7,1,1,0,10,3,0,0,0,1,1,0,0,2,0,.500,.714,.500,Nipponham Fighters,
Sakaguchi Uta,51,188,172,16,27,3,1,3,41,13,2,1,4,0,11,0,1,52,6,.157,.238,.212,Nipponham Fighters,
Seimiya Kotaro,14,0,0,0,0,0,0,0,0,0,0,0,0,0,0,0,0,0,0,.000,.000,.000,Nipponham Fighters,
Shibata Reo,48,117,111,10,21,6,2,2,37,21,0,0,0,2,4,0,0,35,4,.189,.333,.214,Nipponham Fighters,
Shibuya Junki,4,0,0,0,0,0,0,0,0,0,0,0,0,0,0,0,0,0,0,.000,.000,.000,Nipponham Fighters,
Shimizu Daiki,4,0,0,0,0,0,0,0,0,0,0,0,0,0,0,0,0,0,0,.000,.000,.000,Nipponham Fighters,
Shimizu Yushi,43,122,104,14,25,7,0,2,38,13,0,0,2,1,12,0,3,20,5,.240,.365,.333,Nipponham Fighters,
Shintoh Yuya,46,163,152,8,33,6,2,2,49,16,0,0,2,2,7,0,0,30,3,.217,.322,.248,Nipponham Fighters,
Sugiura Toshihiro,16,0,0,0,0,0,0,0,0,0,0,0,0,0,0,0,0,0,0,.000,.000,.000,Nipponham Fighters,
Sun Yi-Lei,12,0,0,0,0,0,0,0,0,0,0,0,0,0,0,0,0,0,0,.000,.000,.000,Nipponham Fighters,
Tamai Taisho,8,0,0,0,0,0,0,0,0,0,0,0,0,0,0,0,0,0,0,.000,.000,.000,Nipponham Fighters,
Tamiya Yua,9,33,27,7,9,3,1,0,14,5,0,1,1,0,4,0,1,2,0,.333,.519,.438,Nipponham Fighters,
Tatsu Kota,5,0,0,0,0,0,0,0,0,0,0,0,0,0,0,0,0,0,0,.000,.000,.000,Nipponham Fighters,
Uehara Kenta,19,0,0,0,0,0,0,0,0,0,0,0,0,0,0,0,0,0,0,.000,.000,.000,Nipponham Fighters,
Umebayashi Yuki,38,98,89,12,28,6,1,2,42,14,1,0,3,1,5,0,0,7,4,.315,.472,.347,Nipponham Fighters,
VerHagen Drew,11,0,0,0,0,0,0,0,0,0,0,0,0,0,0,0,0,0,0,.000,.000,.000,Nipponham Fighters,
Wakabayashi Akihiro,33,88,76,7,17,4,0,0,21,9,0,0,0,1,11,0,0,19,2,.224,.276,.318,Nipponham Fighters,
Yamagata Shu,14,50,46,5,9,2,0,0,11,1,1,0,1,0,3,0,0,6,1,.196,.239,.245,Nipponham Fighters,
Yamaguchi Ataru,45,143,129,14,31,7,1,1,43,16,1,0,0,1,11,0,2,27,4,.240,.333,.308,Nipponham Fighters,
Yamamoto Kodai,14,0,0,0,0,0,0,0,0,0,0,0,0,0,0,0,0,0,0,.000,.000,.000,Nipponham Fighters,
Yamamoto Takumi,5,0,0,0,0,0,0,0,0,0,0,0,0,0,0,0,0,0,0,.000,.000,.000,Nipponham Fighters,
Yamasaki Sachiya,1,0,0,0,0,0,0,0,0,0,0,0,0,0,0,0,0,0,0,.000,.000,.000,Nipponham Fighters,
Yamashiro Kotaro,7,0,0,0,0,0,0,0,0,0,0,0,0,0,0,0,0,0,0,.000,.000,.000,Nipponham Fighters,
Yanagawa Taisei,4,0,0,0,0,0,0,0,0,0,0,0,0,0,0,0,0,0,0,.000,.000,.000,Nipponham Fighters,
Yazawa Kota,7,23,21,4,9,1,2,0,14,2,2,2,0,0,2,0,0,4,0,.429,.667,.478,Nipponham Fighters,
Yonamine Micah,33,89,84,5,21,6,0,3,36,10,0,0,0,1,4,0,0,25,1,.250,.429,.281,Nipponham Fighters,
Yoshida Kengo,15,50,44,7,13,3,1,3,27,6,0,1,1,0,5,0,0,7,1,.295,.614,.367,Nipponham Fighters,
Zabala Aneurys,20,0,0,0,0,0,0,0,0,0,0,0,0,0,0,0,0,0,0,.000,.000,.000,Nipponham Fighters,
Ajiro Kenta,12,0,0,0,0,0,0,0,0,0,0,0,0,0,0,0,0,0,0,.000,.000,.000,Oisix Albirex,
Asai Reo,58,192,167,27,45,15,0,3,69,15,0,1,0,2,23,0,0,51,0,.269,.413,.354,Oisix Albirex,
Banzai Tamon,11,12,10,0,1,0,0,0,1,0,0,0,0,0,2,0,0,4,0,.100,.100,.250,Oisix Albirex,
Chinen Taisei,86,352,330,51,99,13,5,8,146,47,4,8,0,3,17,0,2,37,2,.300,.442,.335,Oisix Albirex,
Escobar Edwin,16,0,0,0,0,0,0,0,0,0,0,0,0,0,0,0,0,0,0,.000,.000,.000,Oisix Albirex,
Fujiwara Daichi,63,215,188,21,47,1,1,1,53,18,7,1,12,2,11,0,2,25,1,.250,.282,.296,Oisix Albirex,
Higa Tenyu,4,6,6,0,1,0,0,0,1,0,0,0,0,0,0,0,0,0,0,.167,.167,.167,Oisix Albirex,
Hiwatashi Shuta,13,0,0,0,0,0,0,0,0,0,0,0,0,0,0,0,0,0,0,.000,.000,.000,Oisix Albirex,
Imai Ryota,16,0,0,0,0,0,0,0,0,0,0,0,0,0,0,0,0,0,0,.000,.000,.000,Oisix Albirex,
Irei Kaito,19,0,0,0,0,0,0,0,0,0,0,0,0,0,0,0,0,0,0,.000,.000,.000,Oisix Albirex,
Kasahara Shotaro,14,0,0,0,0,0,0,0,0,0,0,0,0,0,0,0,0,0,0,.000,.000,.000,Oisix Albirex,
Katano Yu,3,5,5,0,1,0,0,0,1,0,0,0,0,0,0,0,0,1,0,.200,.200,.200,Oisix Albirex,
Katayama Yu,30,74,62,4,11,2,0,0,13,4,0,0,6,1,4,0,1,18,0,.177,.210,.235,Oisix Albirex,
Kishikawa Kazuhiro,22,54,44,7,13,1,0,0,14,1,0,2,3,0,5,0,2,6,2,.295,.318,.392,Oisix Albirex,
Kobayashi Jui,21,0,0,0,0,0,0,0,0,0,0,0,0,0,0,0,0,0,0,.000,.000,.000,Oisix Albirex,
Kobayashi Keisuke,27,0,0,0,0,0,0,0,0,0,0,0,0,0,0,0,0,0,0,.000,.000,.000,Oisix Albirex,
Konishi Keiji,76,245,220,14,39,10,1,2,57,21,0,0,11,5,6,0,3,69,6,.177,.259,.205,Oisix Albirex,
Makino Kenshin,22,0,0,0,0,0,0,0,0,0,0,0,0,0,0,0,0,0,0,.000,.000,.000,Oisix Albirex,
Meguro Koya,24,0,0,0,0,0,0,0,0,0,0,0,0,0,0,0,0,0,0,.000,.000,.000,Oisix Albirex,
Mikami Tomoya,18,0,0,0,0,0,0,0,0,0,0,0,0,0,0,0,0,0,0,.000,.000,.000,Oisix Albirex,
Miyasato Yuwa,1,0,0,0,0,0,0,0,0,0,0,0,0,0,0,0,0,0,0,.000,.000,.000,Oisix Albirex,
Nagasawa Renji,41,134,108,10,19,1,0,1,23,10,0,0,6,1,17,0,2,24,2,.176,.213,.297,Oisix Albirex,
Nakayama Shota,57,169,149,11,40,8,1,2,56,23,0,0,0,1,17,0,2,37,4,.268,.376,.349,Oisix Albirex,
Nakazawa Hideaki,53,159,140,12,30,5,0,1,38,16,0,0,3,1,12,0,3,16,4,.214,.271,.288,Oisix Albirex,
Namba Shu,15,0,0,0,0,0,0,0,0,0,0,0,0,0,0,0,0,0,0,.000,.000,.000,Oisix Albirex,
Nishimura Riku,26,0,0,0,0,0,0,0,0,0,0,0,0,0,0,0,0,0,0,.000,.000,.000,Oisix Albirex,
Noto Syuto,19,0,0,0,0,0,0,0,0,0,0,0,0,0,0,0,0,0,0,.000,.000,.000,Oisix Albirex,
Okawa Yodai,77,324,297,30,83,18,3,5,122,37,0,0,0,0,24,0,3,63,10,.279,.411,.340,Oisix Albirex,
Padysak Daniel,2,0,0,0,0,0,0,0,0,0,0,0,0,0,0,0,0,0,0,.000,.000,.000,Oisix Albirex,
Rodriguez Luis,12,38,37,0,8,1,0,0,9,1,0,0,0,0,1,0,0,10,0,.216,.243,.237,Oisix Albirex,
Sakaguchi Daisuke,35,84,76,9,20,1,1,0,23,6,3,2,0,2,6,0,0,12,1,.263,.303,.310,Oisix Albirex,
Sato Kei,16,42,38,1,9,1,0,0,10,1,1,0,3,0,1,0,0,7,3,.237,.263,.256,Oisix Albirex,
Shinoda Taisei,23,52,43,5,6,0,0,0,6,1,0,1,1,0,8,0,0,8,1,.140,.140,.275,Oisix Albirex,
Sonobe Keita,73,282,261,27,70,7,1,1,82,24,4,0,2,1,12,0,6,45,5,.268,.314,.314,Oisix Albirex,
Suzuki Hayato,14,0,0,0,0,0,0,0,0,0,0,0,0,0,0,0,0,0,0,.000,.000,.000,Oisix Albirex,
Taka Yoshihiro,26,46,36,10,7,1,1,1,13,2,4,2,5,0,5,0,0,6,1,.194,.361,.293,Oisix Albirex,
Takada Takuto,14,0,0,0,0,0,0,0,0,0,0,0,0,0,0,0,0,0,0,.000,.000,.000,Oisix Albirex,
Takano Yu,4,0,0,0,0,0,0,0,0,0,0,0,0,0,0,0,0,0,0,.000,.000,.000,Oisix Albirex,
Takayama Shun,69,279,237,18,66,7,0,0,73,27,0,0,0,2,40,0,0,35,11,.278,.308,.380,Oisix Albirex,
Tanaka Shunta,35,126,104,9,23,4,0,0,27,5,4,1,9,2,11,0,0,19,2,.221,.260,.291,Oisix Albirex,
Uchida Kenta,5,0,0,0,0,0,0,0,0,0,0,0,0,0,0,0,0,0,0,.000,.000,.000,Oisix Albirex,
Uehara Hiroki,22,37,37,2,9,1,1,0,12,1,0,2,0,0,0,0,0,7,1,.243,.324,.243,Oisix Albirex,
Uemura Tomoki,39,0,0,0,0,0,0,0,0,0,0,0,0,0,0,0,0,0,0,.000,.000,.000,Oisix Albirex,
Urushihara Genta,46,138,121,17,29,4,0,0,33,9,3,2,5,1,10,0,1,25,1,.240,.273,.301,Oisix Albirex,
Yabuta Kazuki,17,0,0,0,0,0,0,0,0,0,0,0,0,0,0,0,0,0,0,.000,.000,.000,Oisix Albirex,
Yamada Ryusei,7,14,14,0,1,0,1,0,3,0,0,0,0,0,0,0,0,5,0,.071,.214,.071,Oisix Albirex,
Yamada Sora,22,64,61,6,19,3,1,0,24,4,0,0,3,0,0,0,0,7,1,.311,.393,.311,Oisix Albirex,
Yamashita Kazuma,10,0,0,0,0,0,0,0,0,0,0,0,0,0,0,0,0,0,0,.000,.000,.000,Oisix Albirex,
Yoh Daikan,35,113,100,11,21,4,0,2,31,4,0,0,0,1,12,0,0,33,3,.210,.310,.292,Oisix Albirex,
Adachi Masahiko,15,0,0,0,0,0,0,0,0,0,0,0,0,0,0,0,0,0,0,.000,.000,.000,HAYATE Ventures,
Eguchi Soichiro,7,11,10,2,0,0,0,0,0,0,0,0,0,0,0,0,1,3,1,.000,.000,.091,HAYATE Ventures,
Fujioka Yoshiaki,22,0,0,0,0,0,0,0,0,0,0,0,0,0,0,0,0,0,0,.000,.000,.000,HAYATE Ventures,
Fukakusa Yuhya,51,160,134,12,33,8,0,0,41,14,0,0,4,2,14,1,6,19,2,.246,.306,.340,HAYATE Ventures,
Fukatani Riki,44,140,128,10,29,3,0,0,32,8,0,0,1,1,10,0,0,19,3,.227,.250,.281,HAYATE Ventures,
Hamamoto Ken,21,0,0,0,0,0,0,0,0,0,0,0,0,0,0,0,0,0,0,.000,.000,.000,HAYATE Ventures,
Hirao Shuto,61,193,174,8,31,5,1,1,41,9,0,2,5,0,11,0,3,46,1,.178,.236,.239,HAYATE Ventures,
Ikeya Sohta,22,0,0,0,0,0,0,0,0,0,0,0,0,0,0,0,0,0,0,.000,.000,.000,HAYATE Ventures,
Inada Taiyo,19,9,7,4,1,0,0,0,1,1,0,0,0,0,1,0,1,4,0,.143,.143,.333,HAYATE Ventures,
Jang Hyeon-Jin,26,75,64,2,10,5,0,0,15,4,0,0,2,1,7,0,1,23,1,.156,.234,.247,HAYATE Ventures,
Kasashima Naoki,16,0,0,0,0,0,0,0,0,0,0,0,0,0,0,0,0,0,0,.000,.000,.000,HAYATE Ventures,
Kurahashi Dojin,24,0,0,0,0,0,0,0,0,0,0,0,0,0,0,0,0,0,0,.000,.000,.000,HAYATE Ventures,
Kuramoto Toshihiko,82,321,294,20,87,10,2,0,101,30,2,0,0,2,21,0,4,39,7,.296,.344,.349,HAYATE Ventures,
Masuda Shoma,69,276,241,20,59,9,0,0,68,19,9,9,6,2,24,0,3,42,7,.245,.282,.319,HAYATE Ventures,
Matsuda Kenshiro,47,125,115,10,20,3,1,1,28,9,1,1,2,1,5,0,2,38,3,.174,.243,.220,HAYATE Ventures,
Matsumoto Jin,18,13,11,1,1,0,0,0,1,0,0,1,0,0,2,0,0,6,0,.091,.091,.231,HAYATE Ventures,
Miyaji Yura,14,0,0,0,0,0,0,0,0,0,0,0,0,0,0,0,0,0,0,.000,.000,.000,HAYATE Ventures,
Nakamura Raiya,89,354,316,33,69,9,2,2,88,21,0,0,3,2,27,0,6,57,9,.218,.278,.291,HAYATE Ventures,
Nishikawa Ryosuke,70,254,236,13,45,10,1,1,60,18,0,0,1,3,11,0,3,60,10,.191,.254,.233,HAYATE Ventures,
Noguchi Taishi,36,120,107,7,23,2,1,0,27,5,0,0,0,1,12,0,0,25,6,.215,.252,.292,HAYATE Ventures,
Noguchi Wataru,13,0,0,0,0,0,0,0,0,0,0,0,0,0,0,0,0,0,0,.000,.000,.000,HAYATE Ventures,
Nomura Yuhki,32,0,0,0,0,0,0,0,0,0,0,0,0,0,0,0,0,0,0,.000,.000,.000,HAYATE Ventures,
Nozato Keishiro,31,0,0,0,0,0,0,0,0,0,0,0,0,0,0,0,0,0,0,.000,.000,.000,HAYATE Ventures,
Ochiai Shuichi,12,0,0,0,0,0,0,0,0,0,0,0,0,0,0,0,0,0,0,.000,.000,.000,HAYATE Ventures,
Ohbae Kohshi,13,0,0,0,0,0,0,0,0,0,0,0,0,0,0,0,0,0,0,.000,.000,.000,HAYATE Ventures,
Oishi Wataru,15,0,0,0,0,0,0,0,0,0,0,0,0,0,0,0,0,0,0,.000,.000,.000,HAYATE Ventures,
Okuda Kanata,16,0,0,0,0,0,0,0,0,0,0,0,0,0,0,0,0,0,0,.000,.000,.000,HAYATE Ventures,
Okuda Kensei,12,0,0,0,0,0,0,0,0,0,0,0,0,0,0,0,0,0,0,.000,.000,.000,HAYATE Ventures,
Satoh Hiroki,14,0,0,0,0,0,0,0,0,0,0,0,0,0,0,0,0,0,0,.000,.000,.000,HAYATE Ventures,
Shinohara Reo,81,308,278,21,60,11,0,0,71,19,10,9,9,2,13,0,6,64,3,.216,.255,.264,HAYATE Ventures,
Shiozaki Eita,42,140,127,8,29,6,1,0,37,10,1,0,0,1,11,0,1,33,2,.228,.291,.293,HAYATE Ventures,
Shohji Aoba,4,0,0,0,0,0,0,0,0,0,0,0,0,0,0,0,0,0,0,.000,.000,.000,HAYATE Ventures,
Suzuki Shohei,81,334,305,24,86,9,1,1,100,19,8,2,2,4,22,0,1,31,4,.282,.328,.328,HAYATE Ventures,
Takahashi Shun,40,108,99,2,21,2,1,0,25,3,0,0,3,0,6,0,0,17,4,.212,.253,.257,HAYATE Ventures,
Takatori Shonosuke,11,0,0,0,0,0,0,0,0,0,0,0,0,0,0,0,0,0,0,.000,.000,.000,HAYATE Ventures,
Takeuchi Keito,23,0,0,0,0,0,0,0,0,0,0,0,0,0,0,0,0,0,0,.000,.000,.000,HAYATE Ventures,
Tamura Tomoki,6,0,0,0,0,0,0,0,0,0,0,0,0,0,0,0,0,0,0,.000,.000,.000,HAYATE Ventures,
Tanaka Kenjiro,31,0,0,0,0,0,0,0,0,0,0,0,0,0,0,0,0,0,0,.000,.000,.000,HAYATE Ventures,
Watsuji Daiki,87,312,289,27,77,3,2,1,87,17,4,2,5,1,16,1,1,28,3,.266,.301,.306,HAYATE Ventures,
Yamada Ryu,16,0,0,0,0,0,0,0,0,0,0,0,0,0,0,0,0,0,0,.000,.000,.000,HAYATE Ventures,
Yamada Ryusei,9,0,0,0,0,0,0,0,0,0,0,0,0,0,0,0,0,0,0,.000,.000,.000,HAYATE Ventures,
