Pitcher,G,W,L,SV,HLD,CG,SHO,BF,IP,H,HR,SO,BB,IBB,HB,WP,R,ER,ERA,FIP,kwERA,WHIP,ERA+,FIP-,kwERA-,Diff,HR%,K%,BB%,K-BB%,Age,T,Team,League
Beasley Jeremy,6,1,2,0,0,0,0,92,21.0,24,0,19,8,2,0,0,11,10,4.29,2.28,3.60,1.52,63,75,100,2.01,0.0%,20.7%,8.7%,12.0%,29,R,Hanshin Tigers,CL
Duplantier Jon,13,6,3,0,0,2,2,316,82.2,50,1,105,15,1,5,2,17,13,1.42,1.29,1.95,0.79,191,42,54,0.13,0.3%,33.2%,4.7%,28.5%,30,R,Hanshin Tigers,CL
Guerra Javy,6,0,1,0,1,0,0,29,4.2,10,0,4,5,0,0,0,7,7,13.50,4.45,5.14,3.21,20,146,143,9.05,0.0%,13.8%,17.2%,-3.4%,29,R,Hanshin Tigers,CL
Hayakawa Daiki,1,0,0,0,0,0,0,1,0.1,0,0,1,0,0,0,0,0,0,0.00,-3.06,-5.20,0.00,999,-100,-145,3.06,0.0%,100.0%,0.0%,100.0%,25,R,Hanshin Tigers,CL
Ihara Takato,18,5,2,0,1,0,0,302,77.1,59,0,58,15,2,1,1,17,13,1.51,2.07,3.38,0.96,180,68,94,-0.56,0.0%,19.2%,5.0%,14.2%,24,L,Hanshin Tigers,CL
Ishiguro Yuya,7,0,0,0,1,0,0,30,7.0,8,1,6,2,0,0,0,4,4,5.14,3.94,3.47,1.43,53,129,97,1.19,3.3%,20.0%,6.7%,13.3%,24,R,Hanshin Tigers,CL
Ishii Daichi,32,1,0,3,23,0,0,119,32.2,18,0,25,4,2,0,1,1,1,0.28,1.78,3.04,0.67,969,58,84,-1.50,0.0%,21.0%,3.4%,17.6%,27,R,Hanshin Tigers,CL
Itoh Masashi,6,4,0,0,0,1,1,135,37.1,23,1,20,6,2,0,0,2,2,0.48,2.70,3.76,0.78,565,89,105,-2.22,0.7%,14.8%,4.4%,10.4%,29,L,Hanshin Tigers,CL
Iwasada Yuta,14,2,1,0,2,0,0,56,14.0,11,0,7,4,0,0,1,2,2,1.29,2.80,4.26,1.07,210,92,119,-1.51,0.0%,12.5%,7.1%,5.4%,33,L,Hanshin Tigers,CL
Iwazaki Suguru,35,0,2,21,6,0,0,137,34.0,32,1,25,6,1,0,0,9,6,1.59,2.39,3.41,1.12,171,78,95,-0.80,0.7%,18.2%,4.4%,13.9%,34,L,Hanshin Tigers,CL
Kinoshita Rito,8,0,0,0,1,0,0,40,9.2,11,0,9,1,0,0,0,5,5,4.66,1.39,2.80,1.24,58,46,78,3.27,0.0%,22.5%,2.5%,20.0%,24,R,Hanshin Tigers,CL
Kirishiki Takuma,31,1,1,1,11,0,0,126,27.2,35,0,24,6,2,2,0,9,8,2.60,2.08,3.37,1.48,104,68,94,0.52,0.0%,19.0%,4.8%,14.3%,26,L,Hanshin Tigers,CL
Kudo Taisei,14,0,2,0,1,0,0,62,13.2,11,0,12,12,0,0,2,7,6,3.95,3.82,4.80,1.68,69,125,134,0.13,0.0%,19.4%,19.4%,0.0%,23,R,Hanshin Tigers,CL
Mombetsu Keito,9,2,3,0,0,0,0,162,37.2,43,4,25,13,1,2,0,18,18,4.30,4.19,4.06,1.49,63,137,113,0.11,2.5%,15.4%,8.0%,7.4%,20,L,Hanshin Tigers,CL
Murakami Shoki,16,8,3,0,0,2,2,424,109.2,85,5,78,16,1,2,2,27,27,2.22,2.61,3.34,0.92,122,85,93,-0.39,1.2%,18.4%,3.8%,14.6%,27,R,Hanshin Tigers,CL
Nelson Nick,14,0,1,0,7,0,0,58,14.0,11,0,13,5,0,0,1,1,1,0.64,2.16,3.42,1.14,424,71,95,-1.52,0.0%,22.4%,8.6%,13.8%,29,R,Hanshin Tigers,CL
Nishi Yuki,1,0,1,0,0,0,0,23,4.2,7,0,2,2,0,0,0,3,3,5.79,3.37,4.80,1.93,47,110,134,2.42,0.0%,8.7%,8.7%,0.0%,34,R,Hanshin Tigers,CL
Ohtake Koutaro,9,5,1,0,0,0,0,209,53.2,46,2,22,4,1,3,0,12,12,2.01,3.00,3.94,0.93,135,98,110,-0.99,1.0%,10.5%,1.9%,8.6%,30,L,Hanshin Tigers,CL
Okadome Hidetaka,8,1,0,0,1,0,0,31,7.1,6,0,1,3,1,0,0,1,1,1.23,3.90,5.45,1.23,220,128,152,-2.67,0.0%,3.2%,9.7%,-6.5%,25,R,Hanshin Tigers,CL
Oyokawa Masaki,39,4,3,0,23,0,0,147,37.2,23,1,40,10,3,2,1,6,4,0.96,2.12,2.76,0.88,282,69,77,-1.16,0.7%,27.2%,6.8%,20.4%,24,L,Hanshin Tigers,CL
Saiki Hiroto,15,7,5,0,0,1,1,400,97.1,72,2,74,38,2,0,1,18,18,1.66,2.86,3.90,1.13,163,94,109,-1.20,0.5%,18.5%,9.5%,9.0%,26,R,Hanshin Tigers,CL
Shiiba Tsuyoshi,1,0,0,0,0,0,0,5,1.0,1,0,0,1,0,0,0,0,0,0.00,5.95,6.80,2.00,999,195,189,-5.95,0.0%,0.0%,20.0%,-20.0%,23,R,Hanshin Tigers,CL
Shimamoto Hiroya,9,1,1,0,1,0,0,35,8.2,8,0,5,2,1,1,0,2,2,2.08,2.83,3.94,1.15,130,93,110,-0.75,0.0%,14.3%,5.7%,8.6%,32,L,Hanshin Tigers,CL
Takahashi Haruto,1,0,0,0,0,0,0,24,6.0,4,0,2,2,0,0,0,2,1,1.50,3.28,4.80,1.00,181,107,134,-1.78,0.0%,8.3%,8.3%,0.0%,29,L,Hanshin Tigers,CL
Tomida Ren,9,1,0,0,0,0,0,95,23.1,26,0,10,3,0,0,2,8,8,3.09,2.47,4.06,1.24,88,81,113,0.62,0.0%,10.5%,3.2%,7.4%,23,L,Hanshin Tigers,CL
Urushihara Taisei,11,0,0,0,2,0,0,43,11.2,5,0,9,5,1,0,1,0,0,0.00,2.69,3.87,0.86,999,88,108,-2.69,0.0%,20.9%,11.6%,9.3%,28,R,Hanshin Tigers,CL
Yuasa Atsuki,25,2,2,0,14,0,0,84,21.1,14,0,19,8,2,1,1,4,4,1.69,2.43,3.49,1.03,160,80,97,-0.74,0.0%,22.6%,9.5%,13.1%,25,R,Hanshin Tigers,CL
Aduwa Makoto,2,0,1,0,0,0,0,43,9.0,15,2,3,2,0,0,0,8,8,8.00,5.83,4.57,1.89,36,178,127,2.17,4.7%,7.0%,4.7%,2.3%,26,R,Hiroshima Carp,CL
Dominguez Johan,6,1,1,0,0,0,0,114,26.2,18,2,20,17,0,1,1,11,11,3.71,4.45,4.54,1.31,78,136,126,-0.74,1.8%,17.5%,14.9%,2.6%,29,R,Hiroshima Carp,CL
Endoh Atsushi,3,0,1,0,0,0,0,11,2.0,3,0,4,1,1,0,0,1,0,0.00,0.44,2.07,2.00,999,14,58,-0.44,0.0%,36.4%,9.1%,27.3%,26,R,Hiroshima Carp,CL
Hasebe Ginji,5,0,0,0,0,0,0,30,5.1,9,0,7,4,0,1,0,9,9,15.19,3.13,3.80,2.44,19,96,106,12.06,0.0%,23.3%,13.3%,10.0%,26,L,Hiroshima Carp,CL
Hearn Taylor,31,1,1,8,16,0,0,126,31.0,28,1,32,8,0,2,1,10,10,2.90,2.27,2.90,1.16,100,69,81,0.63,0.8%,25.4%,6.3%,19.0%,30,L,Hiroshima Carp,CL
Horie Atsuya,25,0,1,1,8,0,0,92,19.2,23,1,27,6,1,2,1,10,10,4.58,2.08,2.52,1.47,63,64,70,2.50,1.1%,29.3%,6.5%,22.8%,28,L,Hiroshima Carp,CL
Kuribayashi Ryoji,35,1,1,9,11,0,0,132,32.2,22,2,40,12,2,0,0,12,11,3.03,2.39,2.68,1.04,96,73,75,0.64,1.5%,30.3%,9.1%,21.2%,28,R,Hiroshima Carp,CL
Masuda Takehisa,2,0,0,0,0,0,0,15,3.0,5,1,5,1,0,0,0,5,5,15.00,4.95,2.13,2.00,19,151,59,10.05,6.7%,33.3%,6.7%,26.7%,26,R,Hiroshima Carp,CL
Mori Shohei,14,4,3,0,0,1,1,342,82.0,78,7,59,22,1,3,2,28,27,2.96,3.53,3.72,1.22,98,108,104,-0.57,2.0%,17.3%,6.4%,10.8%,27,L,Hiroshima Carp,CL
Morishita Masato,16,5,9,0,0,3,0,464,116.0,101,6,72,23,1,4,0,37,29,2.25,3.07,3.74,1.07,129,94,104,-0.82,1.3%,15.5%,5.0%,10.6%,27,R,Hiroshima Carp,CL
Moriura Daisuke,37,2,2,0,22,0,0,135,33.0,28,1,37,8,3,2,2,5,5,1.36,2.01,2.65,1.09,214,61,74,-0.65,0.7%,27.4%,5.9%,21.5%,27,L,Hiroshima Carp,CL
Nakazaki Shota,32,2,1,0,10,0,0,106,28.0,15,0,23,7,2,2,0,3,2,0.64,2.27,3.29,0.79,454,69,92,-1.63,0.0%,21.7%,6.6%,15.1%,32,R,Hiroshima Carp,CL
Ohsera Daichi,15,4,5,0,0,0,0,388,92.0,87,5,62,25,4,1,2,32,30,2.93,3.15,3.85,1.22,99,96,107,-0.22,1.3%,16.0%,6.4%,9.5%,34,R,Hiroshima Carp,CL
Okamoto Shun,26,1,1,0,1,0,0,100,24.1,25,0,21,5,1,1,0,8,8,2.96,1.96,3.20,1.23,98,60,89,1.00,0.0%,21.0%,5.0%,16.0%,23,R,Hiroshima Carp,CL
Saitoh Yuta,1,0,0,0,0,0,0,4,1.0,1,0,2,0,0,0,1,0,0,0.00,-1.06,-0.20,1.00,999,-32,-6,1.06,0.0%,50.0%,0.0%,50.0%,21,R,Hiroshima Carp,CL
Sato Ryunosuke,3,1,0,0,0,0,0,60,15.0,11,0,8,6,0,0,0,3,3,1.80,3.08,4.47,1.13,162,94,124,-1.28,0.0%,13.3%,10.0%,3.3%,22,L,Hiroshima Carp,CL
Shimauchi Sotaro,35,2,1,0,17,0,0,124,32.2,15,0,31,12,0,0,1,7,5,1.38,2.15,3.27,0.83,211,66,91,-0.77,0.0%,25.0%,9.7%,15.3%,28,R,Hiroshima Carp,CL
Suzuki Kenya,13,2,0,0,0,0,0,65,15.1,12,1,7,6,1,2,0,6,5,2.93,4.45,4.65,1.17,99,136,129,-1.52,1.5%,10.8%,9.2%,1.5%,27,R,Hiroshima Carp,CL
Takahashi Kouya,9,1,0,0,0,0,0,48,13.1,8,0,9,4,0,0,0,3,2,1.35,2.49,3.76,0.90,215,76,105,-1.14,0.0%,18.8%,8.3%,10.4%,26,L,Hiroshima Carp,CL
Takita Kazuki,4,0,0,0,0,0,0,19,4.0,3,0,3,5,0,0,0,2,2,4.50,5.20,5.85,2.00,65,159,163,-0.70,0.0%,15.8%,26.3%,-10.5%,23,L,Hiroshima Carp,CL
Tamamura Shogo,13,4,7,0,0,0,0,289,70.2,69,1,59,10,1,2,0,29,28,3.57,1.97,3.10,1.12,81,60,86,1.60,0.3%,20.4%,3.5%,17.0%,24,L,Hiroshima Carp,CL
Tokoda Hiroki,16,7,7,0,0,5,3,449,113.1,90,5,62,28,3,1,2,28,26,2.06,3.19,4.04,1.04,141,97,113,-1.13,1.1%,13.8%,6.2%,7.6%,30,L,Hiroshima Carp,CL
Azuma Katsuki,14,9,4,0,0,1,0,385,97.1,77,7,75,12,0,5,0,26,18,1.66,2.86,3.16,0.91,170,90,88,-1.20,1.8%,19.5%,3.1%,16.4%,29,L,DeNA BayStars,CL
Bauer Trevor,17,4,8,0,0,2,1,474,112.1,110,10,102,37,4,4,2,52,52,4.17,3.38,3.43,1.31,68,106,95,0.79,2.1%,21.5%,7.8%,13.7%,34,R,DeNA BayStars,CL
Hamachi Masumi,3,0,0,0,0,0,0,12,3.0,2,2,5,1,0,0,0,2,2,6.00,9.28,1.47,1.00,47,292,41,-3.28,16.7%,41.7%,8.3%,33.3%,27,R,DeNA BayStars,CL
Horioka Hayato,12,0,0,0,0,0,0,59,12.0,17,1,17,8,1,0,0,6,5,3.75,3.19,3.27,2.08,75,100,91,0.56,1.7%,28.8%,13.6%,15.3%,26,R,DeNA BayStars,CL
Irie Taisei,29,2,1,15,2,0,0,109,27.1,14,3,28,11,1,1,0,5,5,1.65,3.64,3.24,0.91,171,114,90,-1.99,2.8%,25.7%,10.1%,15.6%,26,R,DeNA BayStars,CL
Ise Hiromu,29,0,1,3,21,0,0,104,27.1,17,0,30,6,1,0,0,5,5,1.65,1.41,2.49,0.84,171,44,69,0.24,0.0%,28.8%,5.8%,23.1%,27,R,DeNA BayStars,CL
Ishida Yutaro,11,2,1,0,1,1,1,184,45.2,38,6,43,13,1,0,0,21,20,3.94,3.62,3.17,1.12,72,114,88,0.32,3.3%,23.4%,7.1%,16.3%,23,R,DeNA BayStars,CL
Iwata Masaki,3,0,0,0,0,0,0,7,1.0,2,0,0,1,0,1,0,2,2,18.00,8.95,6.23,3.00,16,281,173,9.05,0.0%,0.0%,14.3%,-14.3%,27,L,DeNA BayStars,CL
Jackson Andre,15,8,4,0,0,0,0,386,94.2,75,5,75,28,1,6,5,21,21,2.00,3.12,3.58,1.09,141,98,100,-1.12,1.3%,19.4%,7.3%,12.2%,29,R,DeNA BayStars,CL
Kay Anthony,15,5,5,0,0,0,0,385,99.2,74,4,76,25,2,1,0,18,18,1.63,2.72,3.48,0.99,173,86,97,-1.09,1.0%,19.7%,6.5%,13.2%,30,L,DeNA BayStars,CL
Kozono Kenta,1,1,0,0,0,0,0,21,5.0,3,1,4,4,0,0,0,3,3,5.40,6.34,4.80,1.40,52,200,134,-0.94,4.8%,19.0%,19.0%,0.0%,22,R,DeNA BayStars,CL
Marcelino Hansel,2,0,0,0,0,0,0,9,1.1,1,0,3,3,0,1,0,2,2,13.50,7.45,4.80,3.00,21,234,134,6.05,0.0%,33.3%,33.3%,0.0%,23,R,DeNA BayStars,CL
Matsumoto Ryoto,1,0,0,0,0,0,0,3,0.2,1,0,0,0,0,0,0,0,0,0.00,2.94,4.80,1.50,999,93,134,-2.94,0.0%,0.0%,0.0%,0.0%,23,R,DeNA BayStars,CL
Miyagi Daita,28,1,1,0,7,0,0,125,30.2,19,0,26,16,0,0,1,5,4,1.17,2.81,4.00,1.14,241,89,111,-1.64,0.0%,20.8%,12.8%,8.0%,24,R,DeNA BayStars,CL
Morihara Kohei,7,0,2,0,1,0,0,28,6.1,9,1,4,0,0,0,0,5,5,7.11,3.73,3.37,1.42,40,117,94,3.38,3.6%,14.3%,0.0%,14.3%,33,R,DeNA BayStars,CL
Nakagawa Hayate,20,0,1,0,2,0,0,80,17.1,19,1,15,7,2,2,0,5,4,2.08,3.52,3.80,1.50,136,111,106,-1.44,1.2%,18.8%,8.8%,10.0%,26,R,DeNA BayStars,CL
Nakagawa Koh,14,0,0,0,1,0,0,53,13.0,11,1,14,3,0,0,1,4,4,2.77,2.48,2.72,1.08,102,78,76,0.29,1.9%,26.4%,5.7%,20.8%,25,R,DeNA BayStars,CL
Ohnuki Shinichi,10,2,6,0,0,1,1,250,61.0,61,4,38,13,1,3,0,23,22,3.25,3.34,3.80,1.21,87,105,106,-0.09,1.6%,15.2%,5.2%,10.0%,31,R,DeNA BayStars,CL
Sakamoto Yuya,15,1,1,0,1,0,0,73,16.2,15,2,14,8,2,0,1,8,7,3.78,4.27,3.98,1.38,75,134,111,-0.49,2.7%,19.2%,11.0%,8.2%,27,L,DeNA BayStars,CL
Sasaki Chihaya,6,0,0,0,0,0,0,28,6.0,9,0,3,3,0,0,0,3,3,4.50,3.44,4.80,2.00,63,108,134,1.06,0.0%,10.7%,10.7%,0.0%,31,R,DeNA BayStars,CL
Shinogi Kentaro,2,0,0,0,1,0,0,10,1.1,2,0,0,3,0,1,0,4,4,27.00,11.95,7.80,3.75,10,376,217,15.05,0.0%,0.0%,30.0%,-30.0%,23,R,DeNA BayStars,CL
Taira Kentaro,6,1,2,0,0,0,0,123,29.0,31,3,22,6,0,0,0,12,12,3.72,3.39,3.50,1.28,76,107,97,0.33,2.4%,17.9%,4.9%,13.0%,29,R,DeNA BayStars,CL
Wakamatsu Naoki,2,0,0,0,0,0,0,6,2.0,2,0,1,0,0,0,0,0,0,0.00,1.94,3.13,1.00,999,61,87,-1.94,0.0%,16.7%,0.0%,16.7%,25,R,DeNA BayStars,CL
Wick Rowan,31,3,1,4,16,0,0,130,34.0,20,0,38,10,0,3,0,3,3,0.79,1.86,2.65,0.88,357,58,74,-1.07,0.0%,29.2%,7.7%,21.5%,32,R,DeNA BayStars,CL
Yamasaki Yasuaki,13,0,3,1,1,0,0,46,11.0,10,2,8,4,1,0,0,5,5,4.09,4.95,3.93,1.27,69,156,109,-0.86,4.3%,17.4%,8.7%,8.7%,32,R,DeNA BayStars,CL
Yoshino Teruki,1,0,0,0,0,0,0,21,4.2,3,0,2,5,0,0,0,1,0,0.00,5.30,6.23,1.71,999,167,173,-5.30,0.0%,9.5%,23.8%,-14.3%,26,R,DeNA BayStars,CL
Akahoshi Yuji,16,6,6,0,0,1,1,382,97.0,83,8,73,13,3,3,0,26,23,2.13,3.01,3.23,0.99,129,97,90,-0.88,2.1%,19.1%,3.4%,15.7%,25,R,Yomiuri Giants,CL
Baba Kosuke,6,0,0,0,0,0,0,23,5.1,3,0,4,3,0,0,1,3,2,3.38,3.13,4.37,1.13,81,101,122,0.25,0.0%,17.4%,13.0%,4.3%,30,R,Yomiuri Giants,CL
Baldonado Alberto,15,1,0,0,6,0,0,42,10.1,4,0,10,9,0,0,1,3,3,2.61,3.62,4.56,1.26,106,117,127,-1.01,0.0%,23.8%,21.4%,2.4%,32,L,Yomiuri Giants,CL
Funabasama Hiromasa,32,1,2,0,10,0,0,101,26.1,18,3,21,7,4,1,0,5,5,1.71,3.74,3.41,0.95,161,121,95,-2.03,3.0%,20.8%,6.9%,13.9%,28,R,Yomiuri Giants,CL
Griffin Foster,12,6,0,0,0,0,0,275,72.0,46,0,72,16,2,3,1,7,6,0.75,1.74,2.76,0.86,367,56,77,-0.99,0.0%,26.2%,5.8%,20.4%,29,L,Yomiuri Giants,CL
Heinai Ryuta,5,0,0,0,0,0,0,18,4.1,5,0,4,0,0,0,0,3,3,6.23,1.10,2.58,1.15,44,35,72,5.13,0.0%,22.2%,0.0%,22.2%,26,R,Yomiuri Giants,CL
Hotta Kenshin,8,0,1,0,0,0,0,99,22.1,23,4,13,11,0,1,0,13,13,5.24,5.72,4.60,1.52,53,184,128,-0.48,4.0%,13.1%,11.1%,2.0%,24,R,Yomiuri Giants,CL
Inoue Haruto,14,3,6,0,0,0,0,337,83.0,78,8,79,12,1,2,0,30,26,2.82,2.80,2.81,1.08,98,90,78,0.02,2.4%,23.4%,3.6%,19.9%,24,L,Yomiuri Giants,CL
Ishikawa Tatsuya,25,3,3,0,1,0,0,177,42.2,38,1,29,14,2,1,0,9,7,1.48,2.94,3.95,1.22,186,95,110,-1.46,0.6%,16.4%,7.9%,8.5%,27,L,Yomiuri Giants,CL
Izumi Keisuke,5,0,0,0,0,0,0,27,5.2,6,1,5,3,0,1,1,5,5,7.94,5.59,4.06,1.59,35,180,113,2.35,3.7%,18.5%,11.1%,7.4%,28,R,Yomiuri Giants,CL
Keller Kyle,22,1,1,0,3,0,0,88,20.1,16,4,22,11,1,0,0,10,10,4.43,4.96,3.55,1.33,62,160,99,-0.53,4.5%,25.0%,12.5%,12.5%,32,R,Yomiuri Giants,CL
Martinez Raidel,35,1,2,28,2,0,0,130,33.1,21,1,34,9,2,0,1,4,4,1.08,2.10,2.88,0.90,255,68,80,-1.02,0.8%,26.2%,6.9%,19.2%,28,R,Yomiuri Giants,CL
Nakagawa Kota,37,1,2,0,24,0,0,132,30.2,31,3,38,7,1,1,0,8,7,2.05,2.52,2.45,1.24,134,81,68,-0.47,2.3%,28.8%,5.3%,23.5%,31,L,Yomiuri Giants,CL
Nishidate Yuhi,11,2,2,0,1,0,0,185,43.1,47,3,32,9,1,1,1,18,17,3.53,3.06,3.56,1.29,78,99,99,0.47,1.6%,17.3%,4.9%,12.4%,23,R,Yomiuri Giants,CL
Ota Taisei,40,5,4,1,28,0,0,160,38.2,31,1,35,10,3,3,2,10,10,2.33,2.48,3.24,1.06,118,80,90,-0.15,0.6%,21.9%,6.2%,15.6%,26,R,Yomiuri Giants,CL
Takanashi Yuhei,18,0,1,0,5,0,0,56,11.1,10,0,13,10,3,3,0,4,4,3.18,4.09,4.26,1.76,87,132,119,-0.91,0.0%,23.2%,17.9%,5.4%,32,L,Yomiuri Giants,CL
Tanaka Eito,36,0,2,0,22,0,0,113,26.1,28,0,21,12,6,2,0,10,9,3.08,2.94,4.00,1.52,89,95,111,0.14,0.0%,18.6%,10.6%,8.0%,25,R,Yomiuri Giants,CL
Tanaka Masahiro,3,1,1,0,0,0,0,55,10.0,20,0,4,7,1,0,0,10,10,9.00,4.25,5.35,2.70,31,137,149,4.75,0.0%,7.3%,12.7%,-5.5%,36,R,Yomiuri Giants,CL
Toda Natsuki,2,0,1,0,0,0,0,12,2.2,3,0,0,1,1,0,0,1,1,3.38,4.07,5.63,1.50,81,131,157,-0.69,0.0%,0.0%,8.3%,-8.3%,24,R,Yomiuri Giants,CL
Togo Shosei,11,2,6,0,0,0,0,261,55.0,74,5,39,23,1,1,0,38,32,5.24,4.02,4.19,1.76,53,130,117,1.22,1.9%,14.9%,8.8%,6.1%,25,R,Yomiuri Giants,CL
Yamada Ryusei,2,0,0,0,0,0,0,15,4.0,3,1,1,1,0,1,0,2,2,4.50,7.20,4.80,1.00,61,232,134,-2.70,6.7%,6.7%,6.7%,0.0%,24,R,Yomiuri Giants,CL
Yamasaki Iori,15,8,2,0,0,0,0,390,102.0,72,5,88,16,2,1,1,17,13,1.15,2.36,2.95,0.86,239,76,82,-1.21,1.3%,22.6%,4.1%,18.5%,26,R,Yomiuri Giants,CL
Yokogawa Kai,14,0,0,0,1,0,0,115,28.2,25,1,19,6,0,2,0,8,8,2.51,2.91,3.67,1.08,110,94,102,-0.40,0.9%,16.5%,5.2%,11.3%,24,L,Yomiuri Giants,CL
Avila Pedro,8,2,6,0,0,0,0,190,44.2,38,2,34,19,1,3,3,26,23,4.63,3.48,4.01,1.28,66,102,112,1.15,1.1%,17.9%,10.0%,7.9%,28,R,Yakult Swallows,CL
Baumann Mike,16,0,2,0,1,0,0,75,15.0,17,3,19,12,2,0,0,8,7,4.20,5.41,3.87,1.93,72,158,108,-1.21,4.0%,25.3%,16.0%,9.3%,29,R,Yakult Swallows,CL
Hasegawa Hiroki,2,0,0,0,0,0,0,7,1.0,1,0,0,2,0,1,0,0,0,0.00,11.95,7.66,3.00,999,350,213,-11.95,0.0%,0.0%,28.6%,-28.6%,26,L,Yakult Swallows,CL
Hoshi Tomoya,23,1,2,0,14,0,0,86,22.0,14,0,21,8,2,0,0,3,3,1.23,2.13,3.29,1.00,247,62,92,-0.90,0.0%,24.4%,9.3%,15.1%,31,R,Yakult Swallows,CL
Ishikawa Masanori,5,2,3,0,0,0,0,96,19.1,31,1,7,8,1,0,0,20,17,7.91,4.13,4.90,2.02,38,121,137,3.78,1.0%,7.3%,8.3%,-1.0%,45,L,Yakult Swallows,CL
Ishiyama Taichi,28,3,1,14,7,0,0,95,27.1,10,2,27,3,1,1,0,2,2,0.66,2.36,2.27,0.48,460,69,63,-1.70,2.1%,28.4%,3.2%,25.3%,36,R,Yakult Swallows,CL
Kanakubo Yuto,12,0,1,0,1,0,0,66,14.0,23,4,11,4,0,0,1,12,12,7.71,5.95,3.74,1.93,39,174,104,1.76,6.1%,16.7%,6.1%,10.6%,25,R,Yakult Swallows,CL
Kizawa Naofumi,24,2,1,0,9,0,0,99,21.2,22,0,11,10,1,2,2,8,8,3.32,3.59,4.70,1.48,91,105,131,-0.27,0.0%,11.1%,10.1%,1.0%,27,R,Yakult Swallows,CL
Kozawa Reiji,19,0,4,0,3,0,0,92,19.2,19,4,20,15,2,0,0,9,8,3.66,5.84,4.26,1.73,83,171,118,-2.18,4.3%,21.7%,16.3%,5.4%,27,R,Yakult Swallows,CL
Lambert Peter,13,2,7,0,0,0,0,314,73.0,70,3,60,31,1,3,5,28,26,3.21,3.23,3.88,1.38,95,95,108,-0.02,1.0%,19.1%,9.9%,9.2%,28,R,Yakult Swallows,CL
Maruyama Shota,6,0,0,0,0,0,0,30,7.0,6,1,6,3,0,0,1,3,3,3.86,4.37,3.80,1.29,79,128,106,-0.51,3.3%,20.0%,10.0%,10.0%,26,R,Yakult Swallows,CL
Matsumoto Kengo,6,0,0,0,0,0,0,34,9.2,6,0,4,3,0,0,0,0,0,0.00,3.05,4.51,0.93,999,89,125,-3.05,0.0%,11.8%,8.8%,2.9%,26,R,Yakult Swallows,CL
Nakamura Yuto,2,1,1,0,0,0,0,45,10.0,12,0,6,4,0,2,0,1,1,0.90,3.54,4.36,1.60,337,104,121,-2.65,0.0%,13.3%,8.9%,4.4%,22,R,Yakult Swallows,CL
Ogawa Yasuhiro,8,2,4,0,0,1,1,212,48.1,55,5,29,10,1,1,1,29,25,4.66,3.77,3.90,1.34,65,110,109,0.89,2.4%,13.7%,4.7%,9.0%,35,R,Yakult Swallows,CL
Ohnishi Hiroki,25,1,0,2,6,0,0,106,24.1,23,0,19,8,0,1,2,3,1,0.37,2.49,3.76,1.27,820,73,105,-2.12,0.0%,17.9%,7.5%,10.4%,27,R,Yakult Swallows,CL
Okugawa Yasunobu,8,0,4,0,0,0,0,199,43.2,61,3,32,8,0,1,1,31,26,5.36,2.99,3.59,1.58,57,88,100,2.37,1.5%,16.1%,4.0%,12.1%,24,R,Yakult Swallows,CL
Sakaguchi Kousuke,12,0,0,0,0,0,0,73,16.1,14,0,9,12,1,2,0,6,6,3.31,4.41,5.21,1.59,92,129,145,-1.10,0.0%,12.3%,16.4%,-4.1%,25,R,Yakult Swallows,CL
Shimizu Noboru,23,0,2,1,5,0,0,105,24.0,27,1,19,7,2,1,0,11,10,3.75,2.90,3.66,1.42,81,85,102,0.85,1.0%,18.1%,6.7%,11.4%,28,R,Yakult Swallows,CL
Shimokawa Shunsuke,1,0,0,0,0,0,0,15,4.0,3,1,0,0,0,0,0,2,2,4.50,6.20,4.80,0.75,67,181,134,-1.70,6.7%,0.0%,0.0%,0.0%,25,R,Yakult Swallows,CL
Shoji Kota,20,0,0,0,10,0,0,79,20.2,13,0,27,5,0,2,0,2,2,0.87,1.35,2.02,0.87,349,39,56,-0.48,0.0%,34.2%,6.3%,27.8%,25,L,Yakult Swallows,CL
Taguchi Kazuto,26,1,1,0,8,0,0,86,19.2,17,0,17,8,1,2,1,9,9,4.12,2.74,3.75,1.27,74,80,104,1.38,0.0%,19.8%,9.3%,10.5%,29,L,Yakult Swallows,CL
Takahashi Keiji,6,2,2,0,0,0,0,141,33.0,29,3,31,13,1,1,2,11,11,3.00,3.52,3.52,1.27,101,103,98,-0.52,2.1%,22.0%,9.2%,12.8%,28,L,Yakult Swallows,CL
Takanashi Hirotoshi,9,1,3,0,0,0,0,209,49.0,50,5,36,15,0,4,2,23,20,3.67,3.97,3.80,1.33,83,116,106,-0.30,2.4%,17.2%,7.2%,10.0%,34,R,Yakult Swallows,CL
Yamamoto Daiki,14,0,0,0,1,0,0,61,13.1,15,1,5,6,0,0,0,10,9,6.08,4.52,4.96,1.58,50,132,138,1.56,1.6%,8.2%,9.8%,-1.6%,29,L,Yakult Swallows,CL
Yamano Taichi,8,1,2,0,0,0,0,181,42.0,45,7,28,15,1,1,0,22,19,4.07,4.92,4.08,1.43,75,144,114,-0.85,3.9%,15.5%,8.3%,7.2%,26,L,Yakult Swallows,CL
Yasaki Takuya,25,0,0,0,7,0,0,97,25.1,17,1,21,7,0,0,1,7,7,2.49,2.63,3.36,0.95,122,77,93,-0.14,1.0%,21.6%,7.2%,14.4%,30,R,Yakult Swallows,CL
Yoshimura Kojiro,13,4,4,0,0,0,0,311,74.0,73,8,52,15,1,1,0,31,26,3.16,3.59,3.61,1.19,96,105,101,-0.43,2.6%,16.7%,4.8%,11.9%,27,R,Yakult Swallows,CL
Fujishima Kento,35,1,2,1,10,0,0,129,32.0,24,2,24,10,2,0,1,11,11,3.09,3.19,3.71,1.06,84,110,103,-0.10,1.6%,18.6%,7.8%,10.9%,27,R,Chunichi Dragons,CL
Fuku Hiroto,12,0,0,0,3,0,0,51,12.2,8,0,9,5,0,0,0,0,0,0.00,2.71,4.02,1.03,999,93,112,-2.71,0.0%,17.6%,9.8%,7.8%,33,L,Chunichi Dragons,CL
Hashimoto Yuki,30,1,0,0,10,0,0,121,30.2,21,1,28,10,2,1,1,4,4,1.17,2.62,3.31,1.01,221,90,92,-1.45,0.8%,23.1%,8.3%,14.9%,27,L,Chunichi Dragons,CL
Itoh Mao,1,1,0,0,0,0,0,1,0.1,0,0,0,0,0,0,0,0,0,0.00,2.94,4.80,0.00,999,101,134,-2.94,0.0%,0.0%,0.0%,0.0%,24,R,Chunichi Dragons,CL
Iwasaki Sho,4,1,0,0,0,0,0,22,4.1,9,1,3,0,0,0,0,1,1,2.08,4.56,3.44,2.08,124,157,96,-2.48,4.5%,13.6%,0.0%,13.6%,35,R,Chunichi Dragons,CL
Kanemaru Yumeto,7,0,3,0,0,0,0,175,44.1,33,3,41,10,1,3,0,14,13,2.64,2.85,3.03,0.97,98,98,84,-0.21,1.7%,23.4%,5.7%,17.7%,22,L,Chunichi Dragons,CL
Katsuno Akiyoshi,24,4,3,0,5,0,0,110,26.0,24,2,33,10,0,1,3,14,13,4.50,2.68,2.71,1.31,57,92,75,1.82,1.8%,30.0%,9.1%,20.9%,28,R,Chunichi Dragons,CL
Kondo Ren,3,0,0,0,1,0,0,17,3.0,4,0,5,4,0,0,0,2,2,6.00,3.61,4.21,2.67,43,124,117,2.39,0.0%,29.4%,23.5%,5.9%,26,L,Chunichi Dragons,CL
Marte Yunior,24,1,3,1,12,0,0,90,22.1,13,2,15,9,0,2,1,9,6,2.42,4.24,4.13,0.99,107,146,115,-1.82,2.2%,16.7%,10.0%,6.7%,30,R,Chunichi Dragons,CL
Matsuba Takahiro,16,7,6,0,0,1,0,425,106.2,95,3,42,26,1,4,0,25,24,2.03,3.37,4.42,1.13,127,116,123,-1.34,0.7%,9.9%,6.1%,3.8%,34,L,Chunichi Dragons,CL
Matsuyama Shinya,32,0,0,28,3,0,0,122,31.2,22,1,44,6,0,0,1,5,5,1.42,1.14,1.69,0.88,182,39,47,0.28,0.8%,36.1%,4.9%,31.1%,25,R,Chunichi Dragons,CL
Mejia Humberto,3,1,2,0,0,0,0,73,17.2,17,5,8,3,0,0,0,13,13,6.62,6.23,4.12,1.13,39,214,115,0.39,6.8%,11.0%,4.1%,6.8%,28,R,Chunichi Dragons,CL
Miura Mizuki,7,2,3,0,0,0,0,157,33.0,38,4,21,22,1,1,1,20,17,4.64,5.34,4.86,1.82,56,183,135,-0.70,2.5%,13.4%,14.0%,-0.6%,25,L,Chunichi Dragons,CL
Muller Kyle,10,2,5,0,0,0,0,241,56.1,60,5,55,12,1,2,4,26,26,4.15,2.89,3.02,1.28,62,99,84,1.26,2.1%,22.8%,5.0%,17.8%,27,L,Chunichi Dragons,CL
Neo Akira,4,0,0,0,0,0,0,27,5.2,9,2,5,2,0,0,0,5,5,7.94,6.83,3.69,1.94,33,234,103,1.11,7.4%,18.5%,7.4%,11.1%,25,R,Chunichi Dragons,CL
Ohno Yudai,11,5,3,0,0,1,0,252,64.0,49,1,31,17,0,1,0,19,17,2.39,3.02,4.24,1.03,108,104,118,-0.63,0.4%,12.3%,6.7%,5.6%,36,L,Chunichi Dragons,CL
Okada Toshiya,3,0,1,0,0,0,0,33,7.1,10,1,8,1,0,0,0,7,7,8.59,2.94,2.68,1.50,30,101,75,5.64,3.0%,24.2%,3.0%,21.2%,33,L,Chunichi Dragons,CL
Saitoh Kohki,20,1,0,0,12,0,0,70,17.0,9,1,13,10,1,1,0,1,1,0.53,4.12,4.37,1.12,488,142,122,-3.59,1.4%,18.6%,14.3%,4.3%,28,L,Chunichi Dragons,CL
Shimizu Tatsuya,36,4,1,3,23,0,0,150,35.2,32,0,27,15,4,1,2,6,6,1.51,2.78,4.00,1.32,171,95,111,-1.27,0.0%,18.0%,10.0%,8.0%,25,R,Chunichi Dragons,CL
Sobue Daisuke,14,0,0,0,1,0,0,68,15.0,23,1,3,5,0,1,0,9,9,5.40,4.61,5.09,1.87,48,158,142,0.79,1.5%,4.4%,7.4%,-2.9%,37,R,Chunichi Dragons,CL
Takahashi Hiroto,16,3,8,0,0,2,1,427,104.1,94,6,84,32,1,4,7,39,36,3.11,3.12,3.58,1.21,83,107,100,-0.01,1.4%,19.7%,7.5%,12.2%,22,R,Chunichi Dragons,CL
Umeno Yugo,7,0,0,0,0,0,0,38,7.1,8,0,7,7,0,1,0,5,5,6.14,4.31,4.80,2.05,42,148,134,1.83,0.0%,18.4%,18.4%,0.0%,26,R,Chunichi Dragons,CL
Wakui Hideaki,9,4,3,0,0,0,0,202,49.0,49,1,34,15,1,2,1,18,17,3.12,2.86,3.86,1.31,83,98,107,0.26,0.5%,16.8%,7.4%,9.4%,39,R,Chunichi Dragons,CL
Walters Nash,2,0,0,0,0,0,0,9,2.0,1,0,0,3,0,0,0,0,0,0.00,7.45,8.13,2.00,999,256,226,-7.45,0.0%,0.0%,33.3%,-33.3%,28,R,Chunichi Dragons,CL
Yanagi Yuya,5,1,1,0,0,0,0,119,30.0,20,0,23,9,0,3,0,3,3,0.90,2.61,3.62,0.97,287,90,101,-1.71,0.0%,19.3%,7.6%,11.8%,31,R,Chunichi Dragons,CL
Abe Shota,16,0,0,0,0,0,0,62,14.2,14,2,12,6,0,0,0,5,5,3.07,4.31,3.83,1.36,90,139,107,-1.24,3.2%,19.4%,9.7%,9.7%,32,R,ORIX Buffaloes,PL
Azuma Kohei,6,1,2,0,0,0,0,113,26.0,21,0,13,14,0,2,1,10,9,3.12,3.79,4.89,1.35,88,122,136,-0.67,0.0%,11.5%,12.4%,-0.9%,25,R,ORIX Buffaloes,PL
Espinoza Anderson,13,3,4,0,0,1,0,323,74.1,74,2,64,28,0,4,3,32,29,3.51,2.86,3.69,1.37,78,92,103,0.65,0.6%,19.8%,8.7%,11.1%,27,R,ORIX Buffaloes,PL
Gonda Ryusei,7,0,0,0,0,0,0,44,8.2,16,0,5,2,0,1,0,7,7,7.27,2.83,4.12,2.08,38,91,115,4.44,0.0%,11.4%,4.5%,6.8%,25,R,ORIX Buffaloes,PL
Hirano Yoshihisa,3,0,1,1,0,0,0,14,2.1,5,1,1,2,0,0,0,4,4,15.43,10.23,5.51,3.00,18,330,154,5.20,7.1%,7.1%,14.3%,-7.1%,41,R,ORIX Buffaloes,PL
Honda Keisuke,7,0,0,0,0,0,0,41,10.2,9,0,7,2,0,0,0,2,2,1.69,2.19,3.58,1.03,163,71,100,-0.50,0.0%,17.1%,4.9%,12.2%,32,R,ORIX Buffaloes,PL
Iguchi Kazutomo,4,0,0,0,0,0,0,21,3.2,7,0,1,2,0,0,1,5,3,7.36,4.04,5.28,2.45,37,130,147,3.32,0.0%,4.8%,9.5%,-4.8%,31,R,ORIX Buffaloes,PL
Iwasaki Sho,12,2,0,0,3,0,0,46,12.0,9,0,16,2,0,0,0,3,3,2.25,0.78,1.76,0.92,122,25,49,1.47,0.0%,34.8%,4.3%,30.4%,35,R,ORIX Buffaloes,PL
Katayama Raiku,7,0,0,0,0,0,0,39,9.2,9,0,6,1,0,0,0,1,1,0.93,2.01,3.52,1.03,296,65,98,-1.08,0.0%,15.4%,2.6%,12.8%,22,R,ORIX Buffaloes,PL
Kawase Kento,18,0,1,0,3,0,0,101,21.2,24,1,16,11,3,2,2,12,12,4.98,3.87,4.30,1.62,55,125,120,1.11,1.0%,15.8%,10.9%,5.0%,23,R,ORIX Buffaloes,PL
Kotajima Seiryu,20,2,1,0,6,0,0,86,18.1,21,1,14,12,1,1,0,9,9,4.42,4.25,4.57,1.80,62,137,127,0.17,1.2%,16.3%,14.0%,2.3%,26,R,ORIX Buffaloes,PL
Kuri Allen,15,7,5,0,0,1,0,424,101.2,101,3,74,27,0,4,1,32,27,2.39,2.79,3.69,1.26,115,90,103,-0.40,0.7%,17.5%,6.4%,11.1%,33,R,ORIX Buffaloes,PL
Machado Andres,36,2,3,18,5,0,0,143,34.1,27,0,43,12,2,2,0,7,6,1.57,1.66,2.63,1.14,175,54,73,-0.09,0.0%,30.1%,8.4%,21.7%,32,R,ORIX Buffaloes,PL
Miyagi Hiroya,14,3,3,0,0,0,0,399,99.2,80,5,105,19,0,5,1,27,26,2.35,2.21,2.64,0.99,117,71,74,0.14,1.3%,26.3%,4.8%,21.6%,23,L,ORIX Buffaloes,PL
Mukunoki Ren,4,0,1,0,0,0,0,66,13.1,23,0,4,6,0,0,0,12,10,6.75,3.70,5.10,2.18,41,119,142,3.05,0.0%,6.1%,9.1%,-3.0%,25,R,ORIX Buffaloes,PL
Perdomo Luis,29,2,2,0,21,0,0,116,29.2,25,1,14,6,2,0,0,8,7,2.12,3.05,4.11,1.04,130,98,114,-0.93,0.9%,12.1%,5.2%,6.9%,32,R,ORIX Buffaloes,PL
Saiki Kaito,9,1,0,0,1,0,0,23,7.1,1,0,5,0,0,0,0,0,0,0.00,1.58,2.63,0.14,999,51,73,-1.58,0.0%,21.7%,0.0%,21.7%,25,R,ORIX Buffaloes,PL
Sotani Ryuhei,14,8,3,0,0,1,0,354,86.1,81,6,76,19,1,3,1,32,29,3.02,2.85,3.19,1.16,91,92,89,0.17,1.7%,21.5%,5.4%,16.1%,24,L,ORIX Buffaloes,PL
Suzuki Hiroshi,15,0,0,0,4,0,0,58,12.1,16,1,6,6,0,0,0,9,9,6.57,4.49,4.80,1.78,42,145,134,2.08,1.7%,10.3%,10.3%,0.0%,28,R,ORIX Buffaloes,PL
Tajima Daiki,11,5,4,0,0,2,2,274,68.2,64,6,48,11,0,0,2,25,25,3.28,3.16,3.45,1.09,84,102,96,0.12,2.2%,17.5%,4.0%,13.5%,28,L,ORIX Buffaloes,PL
Takashima Taito,11,2,1,0,0,0,0,142,33.1,36,1,17,8,1,3,0,12,12,3.24,3.31,4.17,1.32,85,107,116,-0.07,0.7%,12.0%,5.6%,6.3%,25,R,ORIX Buffaloes,PL
Teranishi Naruki,3,1,1,0,0,0,0,57,12.2,15,2,6,6,0,0,0,5,5,3.55,5.47,4.80,1.66,78,176,134,-1.92,3.5%,10.5%,10.5%,0.0%,22,R,ORIX Buffaloes,PL
Tomiyama Ryoga,5,0,0,0,0,0,0,23,4.0,6,1,1,4,0,1,0,4,4,9.00,9.45,6.10,2.50,31,305,170,-0.45,4.3%,4.3%,17.4%,-13.0%,28,L,ORIX Buffaloes,PL
Yamada Nobuyoshi,22,2,2,0,9,0,0,78,16.2,19,1,16,9,0,0,0,11,10,5.40,3.43,3.90,1.68,51,110,109,1.97,1.3%,20.5%,11.5%,9.0%,33,L,ORIX Buffaloes,PL
Yamaoka Taisuke,22,3,1,0,9,0,0,88,19.1,24,1,18,5,1,2,0,11,11,5.12,2.84,3.32,1.50,54,92,92,2.28,1.1%,20.5%,5.7%,14.8%,29,R,ORIX Buffaloes,PL
Yamazaki Soichiro,11,1,0,0,0,0,0,54,11.1,13,3,13,6,0,2,2,8,8,6.35,6.21,3.50,1.68,43,200,98,0.14,5.6%,24.1%,11.1%,13.0%,27,R,ORIX Buffaloes,PL
Azuma Yusuke,6,0,0,0,1,0,0,28,5.1,10,0,4,3,0,0,0,4,4,6.75,3.13,4.44,2.44,43,96,124,3.62,0.0%,14.3%,10.7%,3.6%,29,R,Lotte Marines,PL
Guerrero Tayron,16,1,3,1,4,0,0,66,14.2,16,3,13,6,0,0,1,11,11,6.75,5.06,3.74,1.50,43,155,104,1.69,4.5%,19.7%,9.1%,10.6%,34,R,Lotte Marines,PL
Hayasaka Oto,4,0,0,0,0,0,0,24,5.0,7,1,1,3,0,0,2,5,5,9.00,6.95,5.63,2.00,32,213,157,2.05,4.2%,4.2%,12.5%,-8.3%,19,R,Lotte Marines,PL
Hirohata Atsuya,3,0,0,0,0,0,0,19,3.0,5,0,3,5,0,0,0,3,3,9.00,5.95,5.85,3.33,32,182,163,3.05,0.0%,15.8%,26.3%,-10.5%,27,R,Lotte Marines,PL
Hiroike Koshiro,1,0,1,0,0,0,0,10,2.0,4,3,3,0,0,0,0,3,3,13.50,19.45,1.80,2.00,21,597,50,-5.95,30.0%,30.0%,0.0%,30.0%,22,R,Lotte Marines,PL
Ichijo Rikima,1,0,0,0,0,0,0,6,1.0,1,0,1,2,0,0,1,1,1,9.00,6.95,6.47,3.00,32,213,180,2.05,0.0%,16.7%,33.3%,-16.7%,22,R,Lotte Marines,PL
Ishikawa Shuta,11,3,3,0,0,0,0,244,57.0,52,4,26,22,0,3,3,26,26,4.11,4.26,4.64,1.30,70,131,129,-0.15,1.6%,10.7%,9.0%,1.6%,33,R,Lotte Marines,PL
Karakawa Yuki,1,0,1,0,0,0,0,14,2.0,7,0,1,1,1,0,0,4,4,18.00,3.44,4.80,4.00,16,106,134,14.55,0.0%,7.1%,7.1%,0.0%,35,R,Lotte Marines,PL
Kikuchi Riku,17,0,1,0,0,0,0,78,18.0,15,4,17,9,0,0,1,7,7,3.50,5.45,3.77,1.33,83,167,105,-1.95,5.1%,21.8%,11.5%,10.3%,25,R,Lotte Marines,PL
Kimura Yuto,17,2,0,1,5,1,0,146,35.1,29,3,25,11,0,2,0,15,11,2.80,3.74,3.84,1.13,103,115,107,-0.94,2.1%,17.1%,7.5%,9.6%,20,R,Lotte Marines,PL
Masuda Naoya,14,1,2,3,0,0,0,59,13.2,14,1,9,3,1,1,0,7,7,4.61,3.46,3.78,1.24,63,106,105,1.15,1.7%,15.3%,5.1%,10.2%,35,R,Lotte Marines,PL
Nakamori Shunsuke,25,2,2,5,10,0,0,111,29.1,19,1,36,4,0,1,0,4,4,1.23,1.44,1.92,0.78,235,44,53,-0.21,0.9%,32.4%,3.6%,28.8%,23,R,Lotte Marines,PL
Nakamura Toshiya,5,0,0,0,0,0,0,32,7.2,6,1,2,4,1,0,0,4,3,3.52,5.68,5.42,1.30,82,174,151,-2.16,3.1%,6.2%,12.5%,-6.2%,28,L,Lotte Marines,PL
Nishimura Takahiro,1,0,0,0,0,0,0,8,0.2,4,0,1,2,0,0,0,3,3,40.50,8.95,6.05,9.00,7,275,168,31.55,0.0%,12.5%,25.0%,-12.5%,32,R,Lotte Marines,PL
Nishino Yuji,8,0,4,0,0,0,0,190,44.2,47,3,25,10,0,2,0,17,17,3.43,3.50,4.01,1.28,84,108,112,-0.07,1.6%,13.2%,5.3%,7.9%,34,R,Lotte Marines,PL
Ojima Kazuya,13,3,6,0,0,0,0,320,77.2,68,10,46,25,0,2,1,33,29,3.36,4.48,4.14,1.20,86,137,115,-1.12,3.1%,14.4%,7.8%,6.6%,28,L,Lotte Marines,PL
Ono Fumiya,26,1,2,0,5,0,0,93,22.1,18,1,23,6,0,0,1,8,6,2.42,2.27,2.97,1.07,120,70,83,0.15,1.1%,24.7%,6.5%,18.3%,28,R,Lotte Marines,PL
Sakamoto Koshiro,8,1,2,0,2,0,0,28,5.2,6,0,3,4,0,2,0,4,4,6.35,5.06,5.16,1.76,46,155,144,1.29,0.0%,10.7%,14.3%,-3.6%,30,L,Lotte Marines,PL
Sammons Bryan,7,4,2,0,0,0,0,151,35.2,26,5,30,16,0,2,1,15,12,3.03,4.60,3.87,1.18,96,141,108,-1.57,3.3%,19.9%,10.6%,9.3%,30,L,Lotte Marines,PL
Sawada Keisuke,9,0,0,0,0,0,0,37,9.0,6,3,6,4,0,0,0,6,6,6.00,7.28,4.26,1.11,48,223,119,-1.28,8.1%,16.2%,10.8%,5.4%,31,R,Lotte Marines,PL
Sawamura Hirokazu,6,0,0,0,0,0,0,27,6.0,4,0,4,5,0,0,1,2,2,3.00,4.11,5.17,1.50,96,126,144,-1.11,0.0%,14.8%,18.5%,-3.7%,37,R,Lotte Marines,PL
Suzuki Shota,28,1,2,5,14,0,0,114,27.1,28,1,27,6,0,2,1,10,10,3.29,2.32,2.96,1.24,88,71,82,0.97,0.9%,23.7%,5.3%,18.4%,26,L,Lotte Marines,PL
Takano Shuta,13,3,0,0,2,0,0,110,27.2,20,2,34,8,1,0,1,6,6,1.95,2.29,2.44,1.01,148,70,68,-0.34,1.8%,30.9%,7.3%,23.6%,26,L,Lotte Marines,PL
Tanaka Haruya,10,3,5,0,0,0,0,241,59.1,48,4,62,18,1,1,5,17,16,2.43,2.69,2.97,1.11,119,83,83,-0.26,1.7%,25.7%,7.5%,18.3%,21,R,Lotte Marines,PL
Taneichi Atsuki,13,2,6,0,0,0,0,351,79.1,82,8,60,32,0,3,7,41,35,3.97,4.07,4.00,1.44,73,125,111,-0.10,2.3%,17.1%,9.1%,8.0%,26,R,Lotte Marines,PL
Voth Austin,15,2,5,0,0,0,0,365,87.2,84,4,65,18,0,5,3,37,35,3.59,2.84,3.51,1.16,81,87,98,0.75,1.1%,17.8%,4.9%,12.9%,33,R,Lotte Marines,PL
Yagi Akira,18,0,0,0,4,0,0,79,17.1,22,2,19,3,0,3,0,13,13,6.75,3.29,2.77,1.44,43,101,77,3.46,2.5%,24.1%,3.8%,20.3%,28,R,Lotte Marines,PL
Yokoyama Rikuto,21,2,2,0,11,0,0,111,27.2,17,1,25,7,0,2,1,9,8,2.60,2.58,3.18,0.87,111,79,88,0.02,0.9%,22.5%,6.3%,16.2%,23,R,Lotte Marines,PL
Arihara Kohei,15,7,5,0,0,1,1,431,104.0,99,7,67,26,1,3,2,36,34,2.94,3.37,3.85,1.20,97,104,107,-0.43,1.6%,15.5%,6.0%,9.5%,32,R,SoftBank Hawks,PL
Fujii Kouya,33,2,1,1,11,0,0,129,32.2,21,1,46,10,0,2,1,5,4,1.10,1.63,2.01,0.95,261,50,56,-0.53,0.8%,35.7%,7.8%,27.9%,28,R,SoftBank Hawks,PL
Hernandez Darwinzon,20,1,2,0,4,0,0,80,18.2,19,0,15,6,0,3,0,9,9,4.34,2.78,3.67,1.34,66,86,102,1.56,0.0%,18.8%,7.5%,11.2%,28,L,SoftBank Hawks,PL
Higashihama Nao,5,3,2,0,0,0,0,107,27.1,19,2,16,4,0,0,0,9,7,2.30,3.16,3.68,0.84,125,98,102,-0.86,1.9%,15.0%,3.7%,11.2%,35,R,SoftBank Hawks,PL
Itoh Yusuke,2,0,0,0,0,0,0,10,2.0,2,0,1,2,0,0,0,0,0,0.00,4.95,5.80,2.00,999,153,161,-4.95,0.0%,10.0%,20.0%,-10.0%,28,R,SoftBank Hawks,PL
Iwai Shunsuke,7,0,0,0,1,0,0,36,8.1,10,1,3,1,0,1,0,3,3,3.24,4.51,4.24,1.32,88,140,118,-1.27,2.8%,8.3%,2.8%,5.6%,23,R,SoftBank Hawks,PL
Iwasaki Shunsuke,1,0,0,0,0,0,0,8,1.0,4,0,2,1,0,0,0,3,3,27.00,1.94,3.55,5.00,11,60,99,25.05,0.0%,25.0%,12.5%,12.5%,22,R,SoftBank Hawks,PL
Kawaguchi Toya,5,0,0,0,0,0,0,21,6.0,3,0,7,1,0,0,0,0,0,0.00,1.11,1.94,0.67,999,34,54,-1.11,0.0%,33.3%,4.8%,28.6%,25,R,SoftBank Hawks,PL
Kimura Hikaru,2,0,0,0,0,0,0,10,2.2,2,0,4,0,0,0,0,1,1,3.38,-0.06,0.80,0.75,85,-2,22,3.44,0.0%,40.0%,0.0%,40.0%,24,R,SoftBank Hawks,PL
Maeda Jun,10,2,2,0,0,0,0,213,49.0,44,3,31,17,0,6,0,18,17,3.12,3.88,4.14,1.24,92,120,115,-0.76,1.4%,14.6%,8.0%,6.6%,25,L,SoftBank Hawks,PL
Maeda Yugo,1,1,0,0,0,0,0,20,6.0,4,0,2,1,0,0,0,0,0,0.00,2.78,4.30,0.83,999,86,120,-2.78,0.0%,10.0%,5.0%,5.0%,19,L,SoftBank Hawks,PL
Matsumoto Haru,20,3,3,0,1,0,0,234,55.2,56,2,61,15,3,4,2,17,15,2.43,2.24,2.83,1.28,118,70,79,0.19,0.9%,26.1%,6.4%,19.7%,24,L,SoftBank Hawks,PL
Matsumoto Yuki,26,2,1,0,21,0,0,97,25.1,16,1,34,6,2,2,1,3,3,1.07,1.72,1.91,0.87,268,53,53,-0.65,1.0%,35.1%,6.2%,28.9%,29,R,SoftBank Hawks,PL
Moinelo Livan,15,7,2,0,0,1,0,398,104.1,72,5,115,24,0,2,0,18,16,1.38,2.11,2.51,0.92,208,65,70,-0.73,1.3%,28.9%,6.0%,22.9%,29,L,SoftBank Hawks,PL
Ogata Shuto,22,0,1,0,3,0,0,90,18.2,23,3,19,9,1,0,1,14,11,5.30,4.45,3.69,1.71,54,138,103,0.85,3.3%,21.1%,10.0%,11.1%,26,R,SoftBank Hawks,PL
Ohe Ryusei,6,0,0,0,0,0,0,20,5.1,2,0,7,2,0,1,0,0,0,0.00,2.01,2.30,0.75,999,62,64,-2.01,0.0%,35.0%,10.0%,25.0%,26,L,SoftBank Hawks,PL
Ohno Kazuo,4,0,0,0,0,0,0,17,4.1,4,0,1,2,0,0,0,0,0,0.00,3.87,5.39,1.38,999,120,150,-3.87,0.0%,5.9%,11.8%,-5.9%,20,L,SoftBank Hawks,PL
Ohtsu Ryosuke,3,0,1,0,0,0,0,60,13.0,18,2,4,4,0,0,0,7,6,4.15,5.25,4.80,1.69,69,163,134,-1.10,3.3%,6.7%,6.7%,0.0%,26,R,SoftBank Hawks,PL
Ohyama Ryo,24,1,1,1,2,0,0,127,28.2,30,1,19,11,2,1,0,9,8,2.51,3.33,4.17,1.43,114,103,116,-0.82,0.8%,15.0%,8.7%,6.3%,23,R,SoftBank Hawks,PL
Ohzeki Tomohisa,15,7,3,0,0,0,0,380,96.2,66,5,71,23,1,3,0,19,18,1.68,2.96,3.54,0.92,171,92,98,-1.28,1.3%,18.7%,6.1%,12.6%,27,L,SoftBank Hawks,PL
Osuna Roberto,25,3,1,8,6,0,0,103,25.0,23,2,15,6,1,3,0,12,12,4.32,3.86,3.93,1.16,66,120,109,0.46,1.9%,14.6%,5.8%,8.7%,30,R,SoftBank Hawks,PL
Sugiyama Kazuki,39,2,2,10,10,0,0,160,38.2,29,2,57,13,0,2,4,10,7,1.63,1.83,2.05,1.09,176,57,57,-0.20,1.2%,35.6%,8.1%,27.5%,27,R,SoftBank Hawks,PL
Tsumori Yuki,15,1,1,1,2,0,0,73,14.2,19,2,17,6,2,4,0,7,7,4.30,4.45,3.29,1.70,67,138,92,-0.15,2.7%,23.3%,8.2%,15.1%,27,R,SoftBank Hawks,PL
Uwasawa Naoyuki,14,6,6,0,0,1,0,359,87.2,77,10,55,21,1,4,0,39,33,3.39,4.03,3.85,1.12,85,125,107,-0.64,2.8%,15.3%,5.8%,9.5%,31,R,SoftBank Hawks,PL
Ehara Masahiro,12,0,1,0,1,0,0,61,13.0,15,0,7,8,0,0,0,2,1,0.69,3.71,4.96,1.77,383,125,138,-3.02,0.0%,11.5%,13.1%,-1.6%,24,R,Rakuten Eagles,PL
Fujihira Shoma,35,0,2,4,11,0,0,141,33.0,30,6,30,14,2,0,1,16,14,3.82,4.76,3.67,1.33,69,160,102,-0.94,4.3%,21.3%,9.9%,11.3%,26,R,Rakuten Eagles,PL
Fujii Masaru,13,3,4,0,0,0,0,311,73.0,69,6,42,29,0,3,0,24,23,2.84,4.18,4.38,1.34,93,140,122,-1.34,1.9%,13.5%,9.3%,4.2%,28,L,Rakuten Eagles,PL
Hayakawa Takahisa,11,2,7,0,0,0,0,275,66.0,60,9,60,19,0,1,3,29,27,3.68,3.81,3.31,1.20,72,128,92,-0.13,3.3%,21.8%,6.9%,14.9%,26,L,Rakuten Eagles,PL
Howard Spencer,6,4,0,0,0,0,0,141,35.1,30,0,27,8,0,0,0,6,6,1.53,2.10,3.45,1.08,173,70,96,-0.57,0.0%,19.1%,5.7%,13.5%,28,R,Rakuten Eagles,PL
Kajiya Ren,31,1,1,1,13,0,0,111,28.0,17,1,25,13,1,1,1,7,7,2.25,3.12,3.72,1.07,117,105,104,-0.87,0.9%,22.5%,11.7%,10.8%,33,R,Rakuten Eagles,PL
Karashima Wataru,2,0,2,0,0,0,0,32,6.0,15,1,1,1,0,0,0,7,7,10.50,5.28,4.80,2.67,25,177,134,5.22,3.1%,3.1%,3.1%,0.0%,34,L,Rakuten Eagles,PL
Kishi Takayuki,11,4,4,0,0,0,0,271,64.0,74,5,37,11,0,2,0,30,30,4.22,3.41,3.84,1.33,63,115,107,0.81,1.8%,13.7%,4.1%,9.6%,40,R,Rakuten Eagles,PL
Koja Tatsuki,8,3,2,0,0,1,1,191,44.1,44,3,22,16,0,1,0,19,19,3.86,3.98,4.49,1.35,68,134,125,-0.12,1.6%,11.5%,8.4%,3.1%,23,L,Rakuten Eagles,PL
Konno Ryuta,34,1,1,0,5,0,0,133,32.0,23,3,18,11,1,2,1,9,9,2.53,4.26,4.27,1.06,104,143,119,-1.73,2.3%,13.5%,8.3%,5.3%,30,R,Rakuten Eagles,PL
Matsuda Takuma,1,0,0,0,0,0,0,3,1.0,0,0,0,1,0,0,0,0,0,0.00,5.95,8.13,1.00,999,200,226,-5.95,0.0%,0.0%,33.3%,-33.3%,23,R,Rakuten Eagles,PL
Matsui Tomotaka,13,1,3,0,1,0,0,127,27.0,31,4,25,19,2,1,1,18,18,6.00,5.24,4.33,1.85,44,176,120,0.76,3.1%,19.7%,15.0%,4.7%,25,R,Rakuten Eagles,PL
Miyamori Satoshi,4,0,0,0,0,0,0,30,5.1,9,0,4,5,0,1,0,7,7,11.81,4.82,5.13,2.63,22,162,143,6.99,0.0%,13.3%,16.7%,-3.3%,27,R,Rakuten Eagles,PL
Nakagomi Haruto,5,0,0,0,0,0,0,20,4.1,3,0,1,4,1,0,0,0,0,0.00,5.25,6.30,1.62,999,177,175,-5.25,0.0%,5.0%,20.0%,-15.0%,23,R,Rakuten Eagles,PL
Nishigaki Masaya,34,4,0,0,4,0,0,146,34.0,22,1,32,20,2,4,1,7,6,1.59,3.56,3.98,1.24,166,120,111,-1.97,0.7%,21.9%,13.7%,8.2%,26,R,Rakuten Eagles,PL
Nishiguchi Naoto,29,2,0,0,19,0,0,110,27.2,17,0,42,11,1,0,2,3,3,0.98,1.10,1.98,1.01,270,37,55,-0.12,0.0%,38.2%,10.0%,28.2%,28,R,Rakuten Eagles,PL
Norimoto Takahiro,32,3,3,11,6,0,0,135,31.1,31,2,27,11,0,0,0,7,7,2.01,3.10,3.61,1.34,131,104,101,-1.09,1.5%,20.0%,8.1%,11.9%,34,R,Rakuten Eagles,PL
Ohuchi Seiya,1,0,0,0,0,0,0,15,4.0,1,0,3,2,0,0,0,0,0,0.00,2.94,4.13,0.75,999,99,115,-2.94,0.0%,20.0%,13.3%,6.7%,19,R,Rakuten Eagles,PL
Shibata Daichi,2,1,0,0,0,0,0,9,2.1,2,0,0,1,0,0,0,0,0,0.00,4.23,5.91,1.29,999,142,165,-4.23,0.0%,0.0%,11.1%,-11.1%,27,R,Rakuten Eagles,PL
Shoji Kosei,3,1,0,0,0,0,0,64,15.2,13,1,13,5,0,1,0,4,4,2.30,3.26,3.55,1.15,115,110,99,-0.96,1.6%,20.3%,7.8%,12.5%,24,R,Rakuten Eagles,PL
Suzuki Sora,21,0,2,4,10,0,0,77,19.1,10,0,22,9,0,0,1,5,5,2.33,2.07,3.11,0.98,113,69,87,0.26,0.0%,28.6%,11.7%,16.9%,28,L,Rakuten Eagles,PL
Takinaka Ryota,10,4,5,0,0,1,1,240,56.1,55,4,33,11,0,2,0,22,19,3.04,3.39,3.88,1.17,87,114,108,-0.35,1.7%,13.8%,4.6%,9.2%,30,R,Rakuten Eagles,PL
Tsurusaki Taisei,4,0,0,0,0,0,0,30,5.2,10,1,6,3,0,0,0,7,6,9.53,4.71,3.80,2.29,28,158,106,4.82,3.3%,20.0%,10.0%,10.0%,27,R,Rakuten Eagles,PL
Turley Nik,2,0,0,0,0,0,0,7,1.1,2,0,1,1,0,0,0,1,1,6.75,3.70,4.80,2.25,39,124,134,3.05,0.0%,14.3%,14.3%,0.0%,35,L,Rakuten Eagles,PL
Uchi Seiryu,19,3,3,1,1,0,0,229,52.2,53,5,28,19,1,3,1,20,17,2.91,4.37,4.41,1.37,91,147,123,-1.46,2.2%,12.2%,8.3%,3.9%,23,R,Rakuten Eagles,PL
Watanabe Shota,24,1,0,1,7,0,0,110,24.0,26,1,19,13,1,0,1,8,8,3.00,3.53,4.25,1.62,88,119,118,-0.53,0.9%,17.3%,11.8%,5.5%,24,R,Rakuten Eagles,PL
Yajure Miguel,9,1,3,0,0,0,0,202,46.0,51,1,19,16,0,1,1,23,18,3.52,3.51,4.65,1.46,75,118,129,0.01,0.5%,9.4%,7.9%,1.5%,27,R,Rakuten Eagles,PL
Hada Shinnosuke,18,1,1,0,2,0,0,74,16.0,14,0,21,11,0,3,1,6,6,3.38,2.94,3.45,1.56,82,94,96,0.44,0.0%,28.4%,14.9%,13.5%,21,L,Seibu Lions,PL
Imai Tatsuya,14,6,2,0,0,2,1,381,100.2,58,4,116,25,0,4,0,17,17,1.52,2.02,2.41,0.82,183,65,67,-0.50,1.0%,30.4%,6.6%,23.9%,27,R,Seibu Lions,PL
Kaino Hiroshi,27,2,3,0,17,0,0,106,24.1,22,2,19,11,0,1,1,10,10,3.70,3.93,4.05,1.36,75,125,113,-0.23,1.9%,17.9%,10.4%,7.5%,28,R,Seibu Lions,PL
Kuroda Masaya,6,0,0,0,0,0,0,38,7.2,12,3,8,4,0,0,0,7,7,8.22,7.51,3.75,2.09,34,240,104,0.71,7.9%,21.1%,10.5%,10.5%,21,R,Seibu Lions,PL
Kuroki Yuta,10,1,0,0,1,0,0,42,10.0,7,0,6,6,0,0,1,6,6,5.40,3.54,4.80,1.30,52,113,134,1.86,0.0%,14.3%,14.3%,0.0%,30,R,Seibu Lions,PL
Mizukami Yoshinobu,5,0,0,0,0,0,0,25,5.2,7,0,3,2,0,1,0,0,0,0.00,3.47,4.40,1.59,999,111,122,-3.47,0.0%,12.0%,8.0%,4.0%,26,R,Seibu Lions,PL
Nakamura Yuta,2,0,0,0,0,0,0,10,2.0,3,0,1,1,1,0,0,2,1,4.50,3.44,4.80,2.00,62,110,134,1.06,0.0%,10.0%,10.0%,0.0%,29,R,Seibu Lions,PL
Ramirez Emmanuel,22,1,0,0,4,0,0,87,21.2,15,1,23,9,1,0,1,2,2,0.83,2.67,3.19,1.11,335,85,89,-1.84,1.1%,26.4%,10.3%,16.1%,30,R,Seibu Lions,PL
Sasaki Takeru,9,0,2,0,1,0,0,36,8.1,9,1,4,2,0,1,0,7,7,7.56,4.63,4.24,1.32,37,148,118,2.93,2.8%,11.1%,5.6%,5.6%,29,L,Seibu Lions,PL
Sato Shunsuke,20,0,2,0,6,0,0,93,19.2,24,2,13,10,1,2,1,14,14,6.41,4.78,4.48,1.73,43,152,125,1.63,2.2%,14.0%,10.8%,3.2%,25,L,Seibu Lions,PL
Sugai Shinya,9,5,4,0,0,0,0,194,46.2,33,4,39,25,0,0,0,14,14,2.70,4.00,4.08,1.24,103,128,114,-1.30,2.1%,20.1%,12.9%,7.2%,22,L,Seibu Lions,PL
Sumida Chihiro,14,7,5,0,0,2,1,402,102.2,80,6,94,19,1,2,1,20,20,1.75,2.49,2.93,0.96,159,79,82,-0.74,1.5%,23.4%,4.7%,18.7%,25,L,Seibu Lions,PL
Taira Kaima,33,1,1,21,4,0,0,130,32.1,24,0,36,9,1,2,2,6,4,1.11,1.74,2.72,1.02,251,56,76,-0.63,0.0%,27.7%,6.9%,20.8%,25,R,Seibu Lions,PL
Takahashi Kona,14,4,4,0,0,0,0,359,86.0,78,5,48,27,0,4,2,27,24,2.51,3.67,4.22,1.22,111,117,117,-1.16,1.4%,13.4%,7.5%,5.8%,28,R,Seibu Lions,PL
Takeuchi Natsuki,8,4,2,0,0,0,0,193,47.0,42,3,35,12,1,3,1,16,15,2.87,3.24,3.61,1.15,97,104,100,-0.37,1.6%,18.1%,6.2%,11.9%,23,L,Seibu Lions,PL
Tamura Ichiro,19,0,1,0,1,0,0,107,25.2,24,3,17,6,1,2,0,11,9,3.16,4.07,3.77,1.17,88,130,105,-0.91,2.8%,15.9%,5.6%,10.3%,30,R,Seibu Lions,PL
Ueda Taiga,4,0,2,0,0,0,0,94,20.0,30,1,6,6,0,1,0,15,15,6.75,4.04,4.80,1.80,41,129,134,2.71,1.1%,6.4%,6.4%,0.0%,23,R,Seibu Lions,PL
Watanabe Yutaro,14,5,6,0,0,0,0,346,83.1,75,3,52,22,0,3,2,28,23,2.48,3.07,3.93,1.16,112,98,109,-0.59,0.9%,15.0%,6.4%,8.7%,24,R,Seibu Lions,PL
Wingenter Trey,31,1,4,0,21,0,0,108,29.0,12,2,45,9,0,1,2,7,6,1.86,1.77,1.47,0.72,150,57,41,0.09,1.9%,41.7%,8.3%,33.3%,31,R,Seibu Lions,PL
Yamada Haruto,26,1,1,0,9,0,0,100,26.0,19,1,17,7,0,1,0,2,1,0.35,3.06,3.80,1.00,795,98,106,-2.71,1.0%,17.0%,7.0%,10.0%,21,R,Seibu Lions,PL
Yoza Kaito,8,3,2,0,0,0,0,193,48.2,40,6,21,5,0,3,0,15,15,2.77,4.18,3.97,0.92,100,133,111,-1.41,3.1%,10.9%,2.6%,8.3%,29,R,Seibu Lions,PL
Fukushima Ren,1,1,0,0,0,0,0,22,5.0,4,0,2,3,0,0,0,0,0,0.00,3.94,5.25,1.40,999,120,146,-3.94,0.0%,9.1%,13.6%,-4.5%,22,R,Nipponham Fighters,PL
Fukutani Koji,14,1,1,0,2,0,0,63,14.1,16,3,11,4,0,0,1,10,6,3.77,4.97,3.69,1.40,77,151,103,-1.20,4.8%,17.5%,6.3%,11.1%,34,R,Nipponham Fighters,PL
Gu Lin Ruei-Yang,5,2,1,0,0,1,1,121,30.0,25,2,33,6,0,0,0,12,9,2.70,2.21,2.57,1.03,108,67,72,0.49,1.7%,27.3%,5.0%,22.3%,25,R,Nipponham Fighters,PL
Hori Mizuki,2,0,0,0,0,0,0,9,1.2,3,0,2,1,0,0,0,3,3,16.20,2.34,3.69,2.40,18,71,103,13.86,0.0%,22.2%,11.1%,11.1%,27,L,Nipponham Fighters,PL
Hosono Haruki,5,2,1,0,0,0,0,122,29.2,16,0,29,18,0,1,1,6,6,1.82,2.91,3.90,1.15,161,88,109,-1.09,0.0%,23.8%,14.8%,9.0%,23,L,Nipponham Fighters,PL
Ikeda Takahide,24,0,3,0,13,0,0,94,22.0,21,1,14,5,1,1,2,6,6,2.45,3.08,3.84,1.18,119,94,107,-0.63,1.1%,14.9%,5.3%,9.6%,30,R,Nipponham Fighters,PL
Itoh Hiromi,15,9,5,0,0,4,1,450,110.2,100,11,106,17,1,5,3,37,35,2.85,2.92,2.82,1.06,103,89,79,-0.07,2.4%,23.6%,3.8%,19.8%,27,R,Nipponham Fighters,PL
Kanemura Shoma,11,4,4,0,0,4,3,284,71.0,67,6,45,11,0,1,1,25,24,3.04,3.28,3.60,1.10,96,100,100,-0.24,2.1%,15.8%,3.9%,12.0%,24,R,Nipponham Fighters,PL
Katoh Takayuki,12,6,3,0,0,2,0,299,73.0,76,6,33,7,0,2,0,24,22,2.71,3.48,3.93,1.14,108,106,109,-0.77,2.0%,11.0%,2.3%,8.7%,33,L,Nipponham Fighters,PL
Kawano Ryusei,27,2,0,0,18,0,0,85,22.1,12,1,19,5,0,4,1,8,8,3.22,3.03,3.15,0.76,91,92,88,0.19,1.2%,22.4%,5.9%,16.5%,27,L,Nipponham Fighters,PL
Kitayama Koki,13,6,3,0,0,4,0,354,90.0,65,4,85,24,0,3,1,17,14,1.40,2.53,3.08,0.99,209,77,86,-1.13,1.1%,24.0%,6.8%,17.2%,26,R,Nipponham Fighters,PL
Matsuoka Koki,3,0,0,0,0,0,0,22,4.0,8,1,5,2,0,0,0,4,3,6.75,5.20,3.44,2.50,43,158,96,1.55,4.5%,22.7%,9.1%,13.6%,24,R,Nipponham Fighters,PL
Miyanishi Naoki,23,1,1,0,11,0,0,68,15.1,16,0,11,6,1,0,3,3,3,1.76,2.68,4.06,1.43,166,82,113,-0.92,0.0%,16.2%,8.8%,7.4%,40,L,Nipponham Fighters,PL
Nabatame Tsubasa,12,0,0,0,3,0,0,39,10.2,6,1,5,2,0,0,0,3,3,2.53,3.79,4.03,0.75,115,115,112,-1.26,2.6%,12.8%,5.1%,7.7%,30,R,Nipponham Fighters,PL
Saito Yukiya,24,0,0,1,7,0,0,104,26.0,18,1,23,10,0,2,1,5,5,1.73,3.06,3.55,1.08,169,93,99,-1.33,1.0%,22.1%,9.6%,12.5%,30,R,Nipponham Fighters,PL
Sugiura Toshihiro,8,1,1,0,0,0,0,28,6.1,8,3,6,2,0,0,0,5,4,5.68,8.16,3.37,1.58,51,248,94,-2.48,10.7%,21.4%,7.1%,14.3%,33,R,Nipponham Fighters,PL
Sun Yi-Lei,7,0,0,1,4,0,0,26,7.0,4,1,4,2,0,0,0,2,2,2.57,4.52,4.03,0.86,114,137,112,-1.95,3.8%,15.4%,7.7%,7.7%,20,R,Nipponham Fighters,PL
Tamai Taisho,21,2,2,1,8,0,0,62,17.1,10,1,15,1,0,1,0,2,2,1.04,2.31,2.54,0.63,281,70,71,-1.27,1.6%,24.2%,1.6%,22.6%,33,R,Nipponham Fighters,PL
Tanaka Seigi,26,0,1,11,5,0,0,105,25.1,21,2,27,7,4,1,2,4,4,1.42,2.79,2.90,1.11,206,85,81,-1.37,1.9%,25.7%,6.7%,19.0%,30,R,Nipponham Fighters,PL
Tatsu Kota,8,6,0,0,0,2,0,209,56.1,34,3,51,9,0,0,1,9,7,1.12,2.31,2.79,0.76,261,70,78,-1.19,1.4%,24.4%,4.3%,20.1%,21,R,Nipponham Fighters,PL
Uehara Kenta,5,0,0,0,1,0,0,16,5.0,0,0,5,0,0,1,0,0,0,0.00,1.54,1.67,0.00,999,47,47,-1.54,0.0%,31.2%,0.0%,31.2%,31,L,Nipponham Fighters,PL
VerHagen Drew,3,1,2,0,0,0,0,61,14.0,16,2,8,3,0,0,0,10,10,6.43,4.30,3.98,1.36,45,131,111,2.13,3.3%,13.1%,4.9%,8.2%,34,R,Nipponham Fighters,PL
Yamamoto Takumi,19,2,1,1,0,0,0,75,18.1,14,0,22,6,1,0,0,6,5,2.45,1.53,2.67,1.09,119,46,74,0.92,0.0%,29.3%,8.0%,21.3%,25,R,Nipponham Fighters,PL
Yamasaki Sachiya,13,4,3,0,0,2,1,327,82.0,73,4,39,12,1,1,2,21,14,1.54,3.10,3.97,1.04,190,94,111,-1.56,1.2%,11.9%,3.7%,8.3%,32,L,Nipponham Fighters,PL
Yanagawa Taisei,24,1,1,4,6,0,0,96,22.2,14,1,30,11,2,2,1,5,3,1.19,2.59,2.82,1.10,246,79,79,-1.40,1.0%,31.2%,11.5%,19.8%,21,R,Nipponham Fighters,PL
Zabala Aneurys,1,0,0,0,0,0,0,3,1.0,0,0,1,0,0,0,0,0,0,0.00,0.94,1.47,0.00,999,29,41,-0.94,0.0%,33.3%,0.0%,33.3%,28,R,Nipponham Fighters,PL
