Rank,Player,G,PA,AB,R,H,2B,3B,HR,TB,RBI,SB,CS,SH,SF,SO,BB,IBB,HP,GDP,AVG,OBP,SLG,OPS,OPS+,ISO,BABIP,TTO%,K%,BB%,BB/K,wSB,Age,Pos,B,Team,League
,Arnaez Jean,53,178,160,12,35,6,0,1,44,15,0,0,1,1,20,14,0,2,2,0.219,0.288,0.275,0.563,75,0.056,0.243,19.7%,11.2%,7.9%,0.70,-0.1,22,UTL,R,Hanshin Tigers,WL
,Beasley Jeremy,11,9,8,0,1,0,0,0,1,0,0,0,1,0,3,0,0,0,0,0.125,0.125,0.125,0.250,-26,0.000,0.200,33.3%,33.3%,0.0%,0.00,-0.0,29,1,R,Hanshin Tigers,WL
,Consuegra Stanley,22,52,49,3,8,1,0,0,9,5,0,0,0,1,16,2,0,0,0,0.163,0.192,0.184,0.376,15,0.021,0.235,34.6%,30.8%,3.8%,0.12,-0.0,24,9,R,Hanshin Tigers,WL
,Duplantier Jon,2,1,1,0,0,0,0,0,0,0,0,0,0,0,1,0,0,0,0,0.000,0.000,0.000,0.000,-106,0.000,,100.0%,100.0%,0.0%,0.00,0.0,30,1,L,Hanshin Tigers,WL
,Fujita Kento,30,57,53,5,8,0,1,0,10,5,1,0,1,0,13,3,0,0,1,0.151,0.196,0.189,0.385,18,0.038,0.200,28.1%,22.8%,5.3%,0.23,0.2,23,2,R,Hanshin Tigers,WL
,Fukushima Kein,72,133,110,24,20,3,2,1,30,10,14,2,4,2,13,15,0,2,5,0.182,0.287,0.273,0.560,75,0.091,0.194,21.8%,9.8%,11.3%,1.15,1.7,23,8,L,Hanshin Tigers,WL
,Haraguchi Fumihito,43,105,98,9,24,4,1,3,39,18,0,0,0,1,21,4,0,2,3,0.245,0.286,0.398,0.684,113,0.153,0.280,26.7%,20.0%,3.8%,0.19,-0.0,33,DH,R,Hanshin Tigers,WL
,Hernandez Ramon,34,123,108,16,29,10,0,6,57,22,1,0,0,0,14,11,0,4,0,0.269,0.358,0.528,0.886,178,0.259,0.261,25.2%,11.4%,8.9%,0.79,0.1,29,3,R,Hanshin Tigers,WL
,Inoue Kouta,64,224,200,28,46,7,2,7,78,28,0,1,0,2,67,16,0,6,2,0.230,0.304,0.390,0.694,117,0.160,0.305,40.2%,29.9%,7.1%,0.24,-0.4,23,UTL,R,Hanshin Tigers,WL
,Itoh Masashi,8,6,4,0,1,0,0,0,1,0,0,0,1,0,2,1,0,0,0,0.250,0.400,0.250,0.650,105,0.000,0.500,50.0%,33.3%,16.7%,0.50,-0.0,29,1,L,Hanshin Tigers,WL
,Itsubo Hinase,63,224,198,25,54,7,0,2,67,18,5,6,3,1,19,14,0,8,8,0.273,0.344,0.338,0.682,114,0.065,0.292,15.6%,8.5%,6.2%,0.74,-1.2,20,8,R,Hanshin Tigers,WL
,Kawasaki Toshiaki,24,24,19,4,1,0,0,0,1,0,1,0,1,0,4,4,0,0,1,0.053,0.217,0.053,0.270,-18,0.000,0.067,33.3%,16.7%,16.7%,1.00,0.2,24,4,L,Hanshin Tigers,WL
,Kinami Seiya,22,93,79,11,19,1,0,0,20,9,1,1,3,2,9,5,1,4,3,0.241,0.311,0.253,0.564,76,0.012,0.264,15.1%,9.7%,5.4%,0.56,-0.2,31,5,L,Hanshin Tigers,WL
,Kumagai Takahiro,7,7,6,0,2,0,0,0,2,0,2,0,1,0,1,0,0,0,0,0.333,0.333,0.333,0.666,109,0.000,0.400,14.3%,14.3%,0.0%,0.00,0.3,29,4,R,Hanshin Tigers,WL
,Kusumoto Taishi,41,108,93,12,29,9,1,0,40,10,1,0,0,0,24,12,1,3,1,0.312,0.407,0.430,0.837,164,0.118,0.420,33.3%,22.2%,11.1%,0.50,0.1,29,DH,L,Hanshin Tigers,WL
,Machida Hayato,21,50,45,2,5,1,0,0,6,7,0,0,0,0,9,5,0,0,1,0.111,0.200,0.133,0.333,2,0.022,0.139,28.0%,18.0%,10.0%,0.56,-0.0,22,2,R,Hanshin Tigers,WL
,Maegawa Ukyo,20,85,66,13,25,7,1,1,37,8,0,0,0,0,14,16,0,3,1,0.379,0.518,0.561,1.079,241,0.182,0.471,36.5%,16.5%,18.8%,1.14,-0.1,22,7,L,Hanshin Tigers,WL
,Mombetsu Keito,6,4,4,0,0,0,0,0,0,0,0,0,0,0,2,0,0,0,0,0.000,0.000,0.000,0.000,-106,0.000,0.000,50.0%,50.0%,0.0%,0.00,0.0,20,1,L,Hanshin Tigers,WL
,Momosaki Aoi,76,253,227,27,65,15,1,0,82,20,3,3,3,1,51,19,0,3,5,0.286,0.348,0.361,0.709,122,0.075,0.367,27.7%,20.2%,7.5%,0.37,-0.6,19,4,R,Hanshin Tigers,WL
,Nagasaka Kenya,35,103,77,9,15,2,0,0,17,10,1,0,5,1,26,20,1,0,1,0.195,0.357,0.221,0.578,82,0.026,0.288,44.7%,25.2%,19.4%,0.77,0.1,31,2,R,Hanshin Tigers,WL
,Nakagawa Hayato,43,128,111,14,25,8,1,2,41,11,1,1,1,1,28,11,0,4,1,0.225,0.315,0.369,0.684,114,0.144,0.280,32.0%,21.9%,8.6%,0.39,-0.2,21,DH,R,Hanshin Tigers,WL
,Nishi Yuki,8,2,1,0,0,0,0,0,0,0,0,0,1,0,1,0,0,0,0,0.000,0.000,0.000,0.000,-106,0.000,,50.0%,50.0%,0.0%,0.00,0.0,34,1,R,Hanshin Tigers,WL
,Noguchi Kyosuke,57,197,179,18,41,9,0,1,53,22,4,1,1,1,23,15,0,1,2,0.229,0.291,0.296,0.587,83,0.067,0.256,19.8%,11.7%,7.6%,0.65,0.3,24,9,R,Hanshin Tigers,WL
,Obata Ryuhei,3,9,9,1,2,0,0,0,2,0,1,0,0,0,2,0,0,0,0,0.222,0.222,0.222,0.444,37,0.000,0.286,22.2%,22.2%,0.0%,0.00,0.2,24,6,L,Hanshin Tigers,WL
,Ohtake Koutaro,5,5,4,0,2,0,0,0,2,0,0,0,1,0,2,0,0,0,0,0.500,0.500,0.500,1.000,216,0.000,1.000,40.0%,40.0%,0.0%,0.00,-0.0,30,1,L,Hanshin Tigers,WL
,Onodera Dan,45,175,149,21,40,12,1,2,60,18,4,1,1,1,30,23,0,1,6,0.268,0.368,0.403,0.771,142,0.135,0.322,31.4%,17.1%,13.1%,0.77,0.3,27,7,R,Hanshin Tigers,WL
,Sakaeda Yuki,9,31,27,3,9,3,1,0,14,7,2,0,1,0,4,3,0,0,0,0.333,0.400,0.519,0.919,189,0.186,0.391,22.6%,12.9%,9.7%,0.75,0.3,27,2,R,Hanshin Tigers,WL
,Sano Taiyo,58,229,204,26,61,6,1,0,69,17,4,1,5,0,26,18,0,2,6,0.299,0.362,0.338,0.700,120,0.039,0.343,19.2%,11.4%,7.9%,0.69,0.2,23,UTL,R,Hanshin Tigers,WL
,Shimada Kairi,26,86,79,12,32,1,2,0,37,8,5,1,1,0,10,5,0,1,2,0.405,0.447,0.468,0.915,189,0.063,0.464,17.4%,11.6%,5.8%,0.50,0.5,29,8,L,Hanshin Tigers,WL
,Shimamura Rinshiro,36,96,86,8,22,4,0,1,29,13,0,1,0,2,12,8,0,0,2,0.256,0.313,0.337,0.650,103,0.081,0.280,21.9%,12.5%,8.3%,0.67,-0.4,21,2,L,Hanshin Tigers,WL
,Takatera Nozomu,8,37,35,5,16,4,1,0,22,7,2,1,0,0,5,2,0,0,0,0.457,0.486,0.629,1.115,252,0.172,0.533,18.9%,13.5%,5.4%,0.40,-0.0,22,4,L,Hanshin Tigers,WL
,Toi Reiji,59,161,132,20,25,3,0,2,34,13,1,1,4,4,27,21,1,0,6,0.189,0.293,0.258,0.551,72,0.069,0.215,31.1%,16.8%,13.0%,0.78,-0.2,20,UTL,R,Hanshin Tigers,WL
,Tomida Ren,19,1,1,0,0,0,0,0,0,0,0,0,0,0,0,0,0,0,0,0.000,0.000,0.000,0.000,-106,0.000,0.000,0.0%,0.0%,0.0%,,0.0,23,1,L,Hanshin Tigers,WL
,Toyoda Hiroshi,27,95,81,10,25,1,1,0,28,6,1,3,4,0,7,10,0,0,4,0.309,0.385,0.346,0.731,130,0.037,0.338,17.9%,7.4%,10.5%,1.43,-0.9,28,7,R,Hanshin Tigers,WL
,Watanabe Ryo,28,103,88,5,22,4,0,0,26,8,0,0,0,0,15,14,1,1,1,0.250,0.359,0.295,0.654,105,0.045,0.301,28.2%,14.6%,13.6%,0.93,-0.0,30,3,R,Hanshin Tigers,WL
,Yamada Shuya,67,198,168,19,30,6,0,2,42,23,5,3,6,1,32,23,0,0,2,0.179,0.276,0.250,0.526,64,0.071,0.207,28.8%,16.2%,11.6%,0.72,-0.2,19,6,R,Hanshin Tigers,WL
,Aduwa Makoto,11,3,2,0,0,0,0,0,0,0,0,0,0,0,1,1,0,0,0,0.000,0.333,0.000,0.333,4,0.000,0.000,66.7%,33.3%,33.3%,1.00,-0.0,26,1,R,Hiroshima Carp,WL
,Akiyama Shogo,5,13,11,2,4,0,0,0,4,0,0,0,0,0,0,2,0,0,0,0.364,0.462,0.364,0.826,155,0.000,0.364,15.4%,0.0%,15.4%,1.00,-0.0,37,8,L,Hiroshima Carp,WL
,Dohbayashi Shota,6,18,16,2,1,0,0,1,4,2,0,0,1,0,1,1,0,0,0,0.063,0.118,0.250,0.368,11,0.187,0.000,16.7%,5.6%,5.6%,1.00,-0.0,33,7,R,Hiroshima Carp,WL
,Dominguez Johan,8,4,3,0,0,0,0,0,0,0,0,0,1,0,1,0,0,0,1,0.000,0.000,0.000,0.000,-103,0.000,0.000,25.0%,25.0%,0.0%,0.00,0.0,29,1,R,Hiroshima Carp,WL
,Futamata Shoichi,28,92,81,9,20,1,0,3,30,9,0,0,0,3,19,7,0,1,6,0.247,0.304,0.370,0.674,106,0.123,0.274,31.5%,20.7%,7.6%,0.37,-0.0,22,6,R,Hiroshima Carp,WL
,Hatsuki Ryutaro,9,23,17,7,5,1,0,0,6,0,3,0,1,0,2,5,0,0,0,0.294,0.455,0.353,0.808,150,0.059,0.333,30.4%,8.7%,21.7%,2.50,0.5,25,UTL,L,Hiroshima Carp,WL
,Hayashi Kota,52,198,164,19,45,5,0,7,71,23,0,1,0,4,41,24,0,6,3,0.274,0.379,0.433,0.812,150,0.159,0.317,36.4%,20.7%,12.1%,0.59,-0.4,24,7,L,Hiroshima Carp,WL
,Hidaka Atsumi,13,1,1,0,0,0,0,0,0,0,0,0,0,0,0,0,0,0,0,0.000,0.000,0.000,0.000,-103,0.000,0.000,0.0%,0.0%,0.0%,,0.0,20,1,L,Hiroshima Carp,WL
,Ishihara Tomoki,7,18,17,1,5,1,0,0,6,1,0,1,1,0,3,0,0,0,3,0.294,0.294,0.353,0.647,98,0.059,0.357,16.7%,16.7%,0.0%,0.00,-0.3,27,2,R,Hiroshima Carp,WL
,Isomura Yoshitaka,18,60,54,4,14,1,0,0,15,6,1,0,1,1,7,2,0,2,4,0.259,0.305,0.278,0.583,79,0.019,0.292,15.0%,11.7%,3.3%,0.29,0.1,32,2,R,Hiroshima Carp,WL
,Kubo Shu,61,169,148,20,35,6,0,1,44,10,3,4,4,1,23,13,0,3,4,0.236,0.309,0.297,0.606,86,0.061,0.272,21.9%,13.6%,7.7%,0.57,-0.9,24,8,R,Hiroshima Carp,WL
,Maekawa Seita,67,243,209,22,60,7,2,0,71,20,2,2,7,4,19,23,0,0,9,0.287,0.352,0.340,0.692,113,0.053,0.309,17.3%,7.8%,9.5%,1.21,-0.4,22,4,R,Hiroshima Carp,WL
,Matsuyama Ryuhei,32,70,60,3,15,1,0,1,19,8,0,1,0,1,9,9,0,0,0,0.250,0.343,0.317,0.660,103,0.067,0.275,27.1%,12.9%,12.9%,1.00,-0.4,39,DH,L,Hiroshima Carp,WL
,Mochimaru Taiki,33,88,83,1,7,1,0,0,8,2,1,0,1,0,24,3,0,1,1,0.084,0.126,0.096,0.222,-33,0.012,0.119,30.7%,27.3%,3.4%,0.12,0.2,23,2,L,Hiroshima Carp,WL
,Montero Elehuris,2,8,8,1,2,0,0,1,5,1,0,0,0,0,1,0,0,0,0,0.250,0.250,0.625,0.875,166,0.375,0.167,25.0%,12.5%,0.0%,0.00,-0.0,26,DH,R,Hiroshima Carp,WL
,Nabara Norihiko,31,57,50,10,13,1,1,0,16,3,5,0,1,2,5,4,0,0,1,0.260,0.304,0.320,0.624,91,0.060,0.277,15.8%,8.8%,7.0%,0.80,0.8,25,8,R,Hiroshima Carp,WL
,Nakada Yuto,57,187,174,7,41,5,0,0,46,14,0,0,1,2,46,10,0,0,8,0.236,0.274,0.264,0.538,65,0.028,0.315,29.9%,24.6%,5.3%,0.22,-0.1,19,3,R,Hiroshima Carp,WL
,Nakamura Kento,53,193,170,20,48,4,2,4,68,16,1,0,3,0,40,18,0,2,7,0.282,0.358,0.400,0.758,133,0.118,0.349,32.1%,20.7%,9.3%,0.45,0.1,28,8,R,Hiroshima Carp,WL
,Nakamura Shosei,8,21,20,2,7,1,0,0,8,2,2,1,0,0,3,1,0,0,1,0.350,0.381,0.400,0.781,140,0.050,0.412,19.0%,14.3%,4.8%,0.33,-0.0,26,7,R,Hiroshima Carp,WL
,Nakamura Takahiro,59,219,194,23,53,13,0,5,81,34,2,3,0,3,51,18,0,4,7,0.273,0.342,0.418,0.760,133,0.145,0.340,33.8%,23.3%,8.2%,0.35,-0.7,25,9,L,Hiroshima Carp,WL
,Nirasawa Yuya,33,85,80,8,18,2,2,1,27,5,0,1,2,0,10,3,0,0,2,0.225,0.253,0.338,0.591,80,0.113,0.246,16.5%,11.8%,3.5%,0.30,-0.4,24,UTL,L,Hiroshima Carp,WL
,Noma Takayoshi,2,7,6,1,1,0,0,0,1,0,0,0,0,0,1,1,0,0,0,0.167,0.286,0.167,0.453,40,0.000,0.200,28.6%,14.3%,14.3%,1.00,-0.0,32,8,L,Hiroshima Carp,WL
,Ohmori Minoru,6,23,23,1,2,0,0,0,2,2,1,1,0,0,5,0,0,0,0,0.087,0.087,0.087,0.174,-48,0.000,0.111,21.7%,21.7%,0.0%,0.00,-0.2,28,8,L,Hiroshima Carp,WL
,Ohsera Daichi,1,1,0,0,0,0,0,0,0,0,0,0,1,0,0,0,0,0,0,0.000,0.000,0.000,0.000,-103,0.000,,0.0%,0.0%,0.0%,,0.0,34,1,R,Hiroshima Carp,WL
,Ramirez Moises,46,154,146,6,27,6,1,3,44,12,0,0,0,1,53,5,0,2,5,0.185,0.221,0.301,0.522,59,0.116,0.264,39.6%,34.4%,3.2%,0.09,-0.0,23,5,R,Hiroshima Carp,WL
,Roberto Nelson,33,89,87,9,14,8,0,2,28,3,1,0,0,0,37,1,0,1,1,0.161,0.180,0.322,0.502,52,0.161,0.250,44.9%,41.6%,1.1%,0.03,0.2,24,9,R,Hiroshima Carp,WL
,Sakakura Shogo,5,14,13,2,3,1,0,0,4,2,0,0,0,0,1,1,0,0,0,0.231,0.286,0.308,0.594,82,0.077,0.250,14.3%,7.1%,7.1%,1.00,-0.0,27,2,L,Hiroshima Carp,WL
,Sasaki Tai,8,25,23,2,13,2,0,1,18,4,1,0,0,0,0,2,0,0,0,0.565,0.600,0.783,1.383,326,0.218,0.545,12.0%,0.0%,8.0%,1.00,0.2,22,5,R,Hiroshima Carp,WL
,Sato Keisuke,57,174,155,19,39,5,0,2,50,18,2,0,3,1,20,15,0,0,4,0.252,0.316,0.323,0.639,96,0.071,0.276,21.3%,11.5%,8.6%,0.75,0.3,24,4,L,Hiroshima Carp,WL
,Shimizu Kanato,36,97,85,7,14,3,0,0,17,2,0,1,4,1,16,7,0,0,2,0.165,0.226,0.200,0.426,30,0.035,0.200,23.7%,16.5%,7.2%,0.44,-0.4,20,2,L,Hiroshima Carp,WL
,Suekane Shota,2,8,8,0,1,0,0,0,1,0,0,0,0,0,2,0,0,0,0,0.125,0.125,0.125,0.250,-25,0.000,0.167,25.0%,25.0%,0.0%,0.00,-0.0,29,7,R,Hiroshima Carp,WL
,Taka Taichi,14,1,1,0,0,0,0,0,0,0,0,0,0,0,0,0,0,0,0,0.000,0.000,0.000,0.000,-103,0.000,0.000,0.0%,0.0%,0.0%,,0.0,23,1,L,Hiroshima Carp,WL
,Takagi Shoto,24,41,35,5,8,0,0,0,8,1,0,0,2,0,5,4,0,0,0,0.229,0.308,0.229,0.537,65,0.000,0.267,22.0%,12.2%,9.8%,0.80,-0.0,21,2,R,Hiroshima Carp,WL
,Takahashi Kouya,10,1,0,0,0,0,0,0,0,0,0,0,1,0,0,0,0,0,0,0.000,0.000,0.000,0.000,-103,0.000,,0.0%,0.0%,0.0%,,0.0,26,1,L,Hiroshima Carp,WL
,Tamamura Shogo,2,1,1,0,0,0,0,0,0,0,0,0,0,0,1,0,0,0,0,0.000,0.000,0.000,0.000,-103,0.000,,100.0%,100.0%,0.0%,0.00,0.0,24,1,L,Hiroshima Carp,WL
,Tamura Shunsuke,39,145,123,13,32,5,0,1,40,14,3,1,0,0,28,20,0,2,6,0.260,0.372,0.325,0.697,115,0.065,0.330,33.8%,19.3%,13.8%,0.71,0.1,21,9,L,Hiroshima Carp,WL
,Tanaka Kosuke,39,159,129,25,42,6,4,1,59,12,5,1,0,0,16,28,0,2,1,0.326,0.453,0.457,0.910,181,0.131,0.366,28.3%,10.1%,17.6%,1.75,0.4,35,6,L,Hiroshima Carp,WL
,Uchida Shodai,57,175,163,9,29,8,0,1,40,10,0,2,3,1,40,6,0,2,5,0.178,0.215,0.245,0.460,40,0.067,0.228,26.9%,22.9%,3.4%,0.15,-0.7,20,5,R,Hiroshima Carp,WL
,Uemoto Takashi,21,80,68,8,18,3,1,0,23,4,1,2,1,0,14,9,0,2,2,0.265,0.367,0.338,0.705,117,0.073,0.333,28.7%,17.5%,11.2%,0.64,-0.5,34,6,R,Hiroshima Carp,WL
,Ugusa Koki,30,72,67,8,15,1,3,0,22,7,2,1,0,1,21,3,0,1,0,0.224,0.264,0.328,0.592,81,0.104,0.319,33.3%,29.2%,4.2%,0.14,-0.0,28,DH,L,Hiroshima Carp,WL
,Watanabe Yuto,35,124,116,6,27,7,0,1,37,9,0,0,0,0,21,6,0,2,9,0.233,0.282,0.319,0.601,84,0.086,0.277,22.6%,16.9%,4.8%,0.29,-0.0,22,3,R,Hiroshima Carp,WL
,Yamaashi Tatsuya,30,86,72,13,19,1,1,1,25,8,2,0,4,1,5,9,0,0,4,0.264,0.341,0.347,0.688,111,0.083,0.269,17.4%,5.8%,10.5%,1.80,0.3,31,6,R,Hiroshima Carp,WL
,Yano Masaya,1,4,4,0,0,0,0,0,0,0,0,0,0,0,2,0,0,0,0,0.000,0.000,0.000,0.000,-103,0.000,0.000,50.0%,50.0%,0.0%,0.00,0.0,26,6,L,Hiroshima Carp,WL
,Yasutake Toshiki,9,12,11,1,1,0,0,0,1,0,0,0,0,0,5,1,0,0,2,0.091,0.167,0.091,0.258,-22,0.000,0.167,50.0%,41.7%,8.3%,0.20,-0.0,24,2,R,Hiroshima Carp,WL
,Aibara Ryunosuke,38,76,65,6,11,1,0,1,15,2,3,0,1,1,10,9,0,0,2,0.169,0.267,0.231,0.498,51,0.062,0.182,26.3%,13.2%,11.8%,0.90,0.5,21,7,L,DeNA BayStars,EL
,Austin Tyler,4,13,11,1,3,0,0,0,3,2,0,0,0,0,3,2,0,0,0,0.273,0.385,0.273,0.658,100,0.000,0.375,38.5%,23.1%,15.4%,0.67,-0.0,33,DH,R,DeNA BayStars,EL
,Azuma Junpei,38,132,118,14,29,7,0,3,45,15,3,1,0,1,30,9,0,4,3,0.246,0.318,0.381,0.699,110,0.135,0.302,31.8%,22.7%,6.8%,0.30,0.1,23,7,R,DeNA BayStars,EL
,Chino Naoto,57,146,128,20,29,6,1,2,43,14,8,3,0,0,26,17,0,1,4,0.227,0.322,0.336,0.658,99,0.109,0.270,30.8%,17.8%,11.6%,0.65,0.3,26,UTL,R,DeNA BayStars,EL
,Ebina Tatsuo,3,13,12,1,4,0,0,0,4,0,0,0,0,0,2,0,0,1,0,0.333,0.385,0.333,0.718,117,0.000,0.400,15.4%,15.4%,0.0%,0.00,-0.0,27,8,R,DeNA BayStars,EL
,Ford Mike,3,10,9,0,1,0,0,0,1,0,0,0,0,0,0,1,0,0,0,0.111,0.200,0.111,0.311,-5,0.000,0.111,10.0%,0.0%,10.0%,1.00,-0.0,32,3,L,DeNA BayStars,EL
,Hayashi Takuma,8,27,26,7,11,1,1,2,20,6,3,2,0,0,1,1,0,0,1,0.423,0.444,0.769,1.213,262,0.346,0.391,14.8%,3.7%,3.7%,1.00,-0.2,24,6,L,DeNA BayStars,EL
,Inoue Kento,58,252,229,29,61,9,3,8,100,40,5,3,2,4,42,13,0,4,2,0.266,0.312,0.437,0.749,125,0.171,0.290,25.0%,16.7%,5.2%,0.31,-0.2,25,5,L,DeNA BayStars,EL
,Ishikami Taiki,26,115,94,14,30,6,1,0,38,12,4,1,1,2,17,17,0,1,2,0.319,0.421,0.404,0.825,149,0.085,0.380,29.6%,14.8%,14.8%,1.00,0.3,24,UTL,L,DeNA BayStars,EL
,Itoh Hikaru,48,161,142,16,47,11,0,2,64,20,1,0,0,2,28,11,0,6,3,0.331,0.398,0.451,0.849,155,0.120,0.395,25.5%,17.4%,6.8%,0.39,0.1,36,2,R,DeNA BayStars,EL
,Jackson Andre,1,1,1,0,0,0,0,0,0,0,0,0,0,0,1,0,0,0,0,0.000,0.000,0.000,0.000,-99,0.000,,100.0%,100.0%,0.0%,0.00,0.0,29,1,R,DeNA BayStars,EL
,Joko Ryota,34,79,68,8,16,3,0,2,25,9,0,0,3,0,23,8,0,0,0,0.235,0.316,0.368,0.684,106,0.133,0.326,41.8%,29.1%,10.1%,0.35,-0.0,24,2,L,DeNA BayStars,EL
,Kajiwara Kouki,27,119,109,15,31,4,1,4,49,15,8,2,1,1,27,6,0,2,1,0.284,0.331,0.450,0.781,134,0.166,0.342,31.1%,22.7%,5.0%,0.22,0.7,25,9,L,DeNA BayStars,EL
,Kamizato Kazuki,31,128,101,16,29,3,1,0,34,2,3,0,3,0,26,24,0,0,2,0.287,0.424,0.337,0.761,130,0.050,0.387,39.1%,20.3%,18.8%,0.92,0.4,31,8,L,DeNA BayStars,EL
,Kato Hibiki,76,305,278,31,60,16,0,4,88,27,3,4,3,1,41,22,0,1,4,0.216,0.275,0.317,0.592,78,0.101,0.239,22.0%,13.4%,7.2%,0.54,-0.9,23,UTL,R,DeNA BayStars,EL
,Katsumata Atsushi,66,245,232,27,62,9,1,3,82,19,4,1,1,1,29,9,0,2,8,0.267,0.299,0.353,0.652,96,0.086,0.294,16.7%,11.8%,3.7%,0.31,0.3,25,7,L,DeNA BayStars,EL
,Kobari Daiki,10,35,33,1,11,0,0,0,11,5,2,1,0,0,5,1,0,1,0,0.333,0.371,0.333,0.704,113,0.000,0.393,17.1%,14.3%,2.9%,0.20,-0.0,18,7,L,DeNA BayStars,EL
,Kondo Taiga,8,12,10,1,1,0,0,0,1,2,0,0,0,0,2,1,0,1,1,0.100,0.250,0.100,0.350,8,0.000,0.125,25.0%,16.7%,8.3%,0.50,-0.0,19,2,R,DeNA BayStars,EL
,Kuki Ryuhei,62,226,197,28,49,11,2,5,79,28,4,0,2,0,40,27,0,0,6,0.249,0.339,0.401,0.740,123,0.152,0.289,31.9%,17.7%,11.9%,0.68,0.6,26,2,R,DeNA BayStars,EL
,Kuwahara Masayuki,2,7,6,1,1,0,0,0,1,0,0,0,0,0,1,0,0,1,0,0.167,0.286,0.167,0.453,38,0.000,0.200,14.3%,14.3%,0.0%,0.00,-0.0,31,8,R,DeNA BayStars,EL
,Mashiko Kyosuke,36,121,107,10,25,3,0,3,37,16,0,1,0,2,19,11,0,1,5,0.234,0.306,0.346,0.652,96,0.112,0.253,27.3%,15.7%,9.1%,0.58,-0.4,24,3,R,DeNA BayStars,EL
,Matsuo Shion,8,27,25,2,8,2,0,0,10,5,0,0,0,1,3,1,0,0,0,0.320,0.333,0.400,0.733,121,0.080,0.348,14.8%,11.1%,3.7%,0.33,-0.0,20,2,R,DeNA BayStars,EL
,Mimori Masaki,1,3,3,1,2,1,0,0,3,0,0,0,0,0,0,0,0,0,0,0.667,0.667,1.000,1.667,398,0.333,0.667,0.0%,0.0%,0.0%,,-0.0,26,5,L,DeNA BayStars,EL
,Miyazaki Toshiro,3,8,8,0,1,1,0,0,2,0,0,0,0,0,1,0,0,0,1,0.125,0.125,0.250,0.375,12,0.125,0.143,12.5%,12.5%,0.0%,0.00,0.0,36,DH,R,DeNA BayStars,EL
,Mori Keito,22,91,80,9,23,2,0,0,25,5,1,3,0,1,14,10,1,0,3,0.288,0.363,0.313,0.676,105,0.025,0.343,26.4%,15.4%,11.0%,0.71,-0.9,23,6,L,DeNA BayStars,EL
,Nishimaki Kenji,49,134,119,21,32,2,1,3,45,10,13,7,2,0,21,10,0,3,5,0.269,0.341,0.378,0.719,117,0.109,0.305,25.4%,15.7%,7.5%,0.48,-0.2,26,4,R,DeNA BayStars,EL
,Ogasawara Sou,8,10,10,0,0,0,0,0,0,0,0,0,0,0,5,0,0,0,0,0.000,0.000,0.000,0.000,-99,0.000,0.000,50.0%,50.0%,0.0%,0.00,0.0,19,3,L,DeNA BayStars,EL
,Ohnuki Shinichi,2,1,1,0,0,0,0,0,0,0,0,0,0,0,1,0,0,0,0,0.000,0.000,0.000,0.000,-99,0.000,,100.0%,100.0%,0.0%,0.00,0.0,31,1,R,DeNA BayStars,EL
,Sekine Taiki,61,247,216,19,58,9,1,1,72,24,8,3,11,2,17,17,0,1,3,0.269,0.322,0.333,0.655,98,0.064,0.285,14.2%,6.9%,6.9%,1.00,0.3,30,8,L,DeNA BayStars,EL
,Shibata Tatsuhiro,5,20,18,2,4,2,0,0,6,3,1,0,1,0,3,0,0,1,0,0.222,0.263,0.333,0.596,79,0.111,0.267,15.0%,15.0%,0.0%,0.00,0.2,31,4,L,DeNA BayStars,EL
,Suzuki Ren,32,84,75,6,13,2,0,1,18,6,0,0,1,0,17,8,0,0,3,0.173,0.253,0.240,0.493,49,0.067,0.211,31.0%,20.2%,9.5%,0.47,-0.0,20,3,R,DeNA BayStars,EL
,Takamizawa Ikumi,30,103,94,13,20,4,0,2,30,10,0,0,1,1,18,7,0,0,3,0.213,0.265,0.319,0.584,76,0.106,0.240,26.2%,17.5%,6.8%,0.39,-0.0,19,UTL,L,DeNA BayStars,EL
,Takeda Riku,45,98,90,7,18,0,0,0,18,5,0,1,1,1,28,6,0,0,3,0.200,0.247,0.200,0.447,36,0.000,0.286,34.7%,28.6%,6.1%,0.21,-0.4,20,9,L,DeNA BayStars,EL
,Tanai Manato,54,179,166,16,40,11,4,0,59,11,1,0,1,0,31,11,0,1,4,0.241,0.292,0.355,0.647,95,0.114,0.296,23.5%,17.3%,6.1%,0.35,0.1,18,6,R,DeNA BayStars,EL
,Tobashira Yasutaka,1,1,1,0,0,0,0,0,0,0,0,0,0,0,0,0,0,0,1,0.000,0.000,0.000,0.000,-99,0.000,0.000,0.0%,0.0%,0.0%,,0.0,35,2,L,DeNA BayStars,EL
,Tsutsugoh Yoshitomo,11,38,31,4,9,3,0,1,15,4,0,0,0,0,9,7,0,0,1,0.290,0.421,0.484,0.905,172,0.194,0.381,44.7%,23.7%,18.4%,0.78,-0.0,33,DH,L,DeNA BayStars,EL
,Viciedo Dayan,2,7,7,0,0,0,0,0,0,0,0,0,0,0,0,0,0,0,2,0.000,0.000,0.000,0.000,-99,0.000,0.000,0.0%,0.0%,0.0%,,0.0,36,,R,DeNA BayStars,EL
,Watarai Ryuki,14,61,55,3,21,3,0,0,24,8,1,0,0,2,4,4,0,0,1,0.382,0.410,0.436,0.846,155,0.054,0.396,13.1%,6.6%,6.6%,1.00,0.1,22,9,L,DeNA BayStars,EL
,Akihiro Yuto,25,80,70,4,11,0,0,2,17,5,0,0,0,1,16,9,0,0,1,0.157,0.250,0.243,0.493,48,0.086,0.170,33.8%,20.0%,11.2%,0.56,-0.0,22,3,L,Yomiuri Giants,EL
,Aramaki Yu,25,68,57,6,13,7,0,0,20,8,1,0,0,0,18,11,0,0,1,0.228,0.353,0.351,0.704,110,0.123,0.333,42.6%,26.5%,16.2%,0.61,0.1,22,5,L,Yomiuri Giants,EL
,Asano Shogo,21,53,47,2,5,1,0,1,9,7,0,0,0,2,10,4,0,0,0,0.106,0.170,0.191,0.361,9,0.085,0.105,28.3%,18.9%,7.5%,0.40,-0.0,20,8,R,Yomiuri Giants,EL
,Cabbage Trey,4,12,12,3,6,1,0,0,7,0,0,0,0,0,3,0,0,0,0,0.500,0.500,0.583,1.083,221,0.083,0.667,25.0%,25.0%,0.0%,0.00,-0.0,28,9,L,Yomiuri Giants,EL
,Chlup Marek,66,168,151,23,40,4,2,4,60,29,8,2,0,2,46,13,0,2,2,0.265,0.327,0.397,0.724,115,0.132,0.350,37.5%,27.4%,7.7%,0.28,0.6,26,9,R,Yomiuri Giants,EL
,Chono Hisayoshi,30,72,68,2,11,2,0,0,13,3,0,1,0,0,12,4,0,0,0,0.162,0.208,0.191,0.399,21,0.029,0.196,22.2%,16.7%,5.6%,0.33,-0.3,40,DH,R,Yomiuri Giants,EL
,Funakoshi Hidetora,9,18,15,4,3,0,0,0,3,0,2,1,2,0,9,1,0,0,0,0.200,0.250,0.200,0.450,36,0.000,0.500,55.6%,50.0%,5.6%,0.11,0.0,23,8,S,Yomiuri Giants,EL
,Hagio Masaya,52,161,149,22,34,4,0,5,53,15,3,2,0,3,35,8,0,1,5,0.228,0.267,0.356,0.623,86,0.128,0.259,29.8%,21.7%,5.0%,0.23,-0.2,24,8,R,Yomiuri Giants,EL
,Hernandez Elier,22,71,67,8,11,3,0,0,14,7,0,0,0,0,15,3,0,1,1,0.164,0.211,0.209,0.420,27,0.045,0.212,25.4%,21.1%,4.2%,0.20,-0.0,30,8,R,Yomiuri Giants,EL
,Inoue Haruto,1,1,0,0,0,0,0,0,0,0,0,0,1,0,0,0,0,0,0,0.000,0.000,0.000,0.000,-97,0.000,,0.0%,0.0%,0.0%,,0.0,24,1,L,Yomiuri Giants,EL
,Ishizuka Yusei,36,113,98,15,30,4,1,1,39,11,3,1,1,0,12,11,0,3,0,0.306,0.393,0.398,0.791,136,0.092,0.341,21.2%,10.6%,9.7%,0.92,0.1,19,6,R,Yomiuri Giants,EL
,Izuguchi Yuta,7,26,22,4,7,0,0,1,10,4,1,0,1,1,2,2,1,0,0,0.318,0.360,0.455,0.815,142,0.137,0.300,19.2%,7.7%,7.7%,1.00,0.2,26,6,L,Yomiuri Giants,EL
,Kadowaki Makoto,11,43,33,8,7,2,0,0,9,3,1,2,1,1,8,7,0,1,2,0.212,0.357,0.273,0.630,89,0.061,0.269,34.9%,18.6%,16.3%,0.88,-0.5,24,6,L,Yomiuri Giants,EL
,Kameda Keita,10,18,16,2,6,0,0,0,6,3,0,0,0,0,3,2,0,0,1,0.375,0.444,0.375,0.819,145,0.000,0.462,27.8%,16.7%,11.1%,0.67,-0.0,26,2,R,Yomiuri Giants,EL
,Kishida Yukinori,4,14,11,2,3,0,0,0,3,1,0,0,0,0,3,3,0,0,2,0.273,0.429,0.273,0.702,111,0.000,0.375,42.9%,21.4%,21.4%,1.00,-0.0,28,2,R,Yomiuri Giants,EL
,Kita Ryusuke,41,95,87,10,20,5,0,0,25,8,0,1,3,0,11,4,0,1,3,0.230,0.272,0.287,0.559,67,0.057,0.263,15.8%,11.6%,4.2%,0.36,-0.4,26,2,R,Yomiuri Giants,EL
,Kobayashi Seiji,15,26,21,0,3,0,0,0,3,2,0,0,1,0,2,4,0,0,0,0.143,0.280,0.143,0.423,29,0.000,0.158,23.1%,7.7%,15.4%,2.00,-0.0,36,2,R,Yomiuri Giants,EL
,Kohri Takuya,50,90,85,7,18,2,1,0,22,12,1,0,1,0,10,3,0,1,5,0.212,0.247,0.259,0.506,52,0.047,0.240,14.4%,11.1%,3.3%,0.30,0.1,27,5,R,Yomiuri Giants,EL
,Maru Yoshihiro,5,18,18,2,3,0,0,1,6,2,0,0,0,0,0,0,0,0,1,0.167,0.167,0.333,0.500,49,0.166,0.118,5.6%,0.0%,0.0%,,-0.0,36,7,L,Yomiuri Giants,EL
,Masuda Daiki,1,3,3,0,0,0,0,0,0,0,0,0,0,0,1,0,0,0,0,0.000,0.000,0.000,0.000,-97,0.000,0.000,33.3%,33.3%,0.0%,0.00,0.0,31,6,R,Yomiuri Giants,EL
,Masuda Riku,23,78,75,6,25,1,0,0,26,11,0,0,0,1,9,1,0,1,1,0.333,0.346,0.347,0.693,107,0.014,0.373,12.8%,11.5%,1.3%,0.11,-0.0,25,4,R,Yomiuri Giants,EL
,Mitsuka Rui,36,115,108,13,35,7,0,5,57,20,1,0,0,0,20,5,0,2,1,0.324,0.365,0.528,0.893,164,0.204,0.361,26.1%,17.4%,4.3%,0.25,0.1,21,3,L,Yomiuri Giants,EL
,Murayama Gen,13,22,18,3,3,1,0,0,4,3,0,1,2,0,4,2,0,0,0,0.167,0.250,0.222,0.472,42,0.055,0.214,27.3%,18.2%,9.1%,0.50,-0.3,20,6,R,Yomiuri Giants,EL
,Nakata Ayumu,2,2,2,2,1,0,0,0,1,0,0,0,0,0,0,0,0,0,0,0.500,0.500,0.500,1.000,197,0.000,0.500,0.0%,0.0%,0.0%,,-0.0,21,6,R,Yomiuri Giants,EL
,Nakayama Raito,8,31,26,4,11,0,0,1,14,4,0,0,0,1,3,2,0,2,0,0.423,0.484,0.538,1.022,203,0.115,0.435,19.4%,9.7%,6.5%,0.67,-0.0,23,UTL,L,Yomiuri Giants,EL
,Nishidate Yuhi,8,2,2,1,1,1,0,0,2,0,0,0,0,0,0,0,0,0,0,0.500,0.500,1.000,1.500,340,0.500,0.500,0.0%,0.0%,0.0%,,0.0,23,1,R,Yomiuri Giants,EL
,Ohshiro Takumi,17,55,50,10,16,6,0,3,31,13,0,0,0,0,8,5,0,0,0,0.320,0.382,0.620,1.002,196,0.300,0.333,29.1%,14.5%,9.1%,0.62,-0.0,32,2,L,Yomiuri Giants,EL
,Okada Yuki,57,162,142,24,42,6,1,6,68,30,5,3,1,0,32,18,0,1,3,0.296,0.379,0.479,0.858,155,0.183,0.346,34.6%,19.8%,11.1%,0.56,-0.2,25,9,L,Yomiuri Giants,EL
,Okoye Louis,8,15,14,1,5,2,0,0,7,2,0,0,0,0,2,1,0,0,0,0.357,0.400,0.500,0.900,167,0.143,0.417,20.0%,13.3%,6.7%,0.50,-0.0,27,7,R,Yomiuri Giants,EL
,Otosaka Tomo,2,6,6,0,1,0,0,0,1,0,0,0,0,0,0,0,0,0,0,0.167,0.167,0.167,0.334,1,0.000,0.167,0.0%,0.0%,0.0%,,-0.0,31,,R,Yomiuri Giants,EL
,Sakamoto Hayato,19,61,56,2,14,1,0,1,18,4,0,0,0,0,11,5,0,0,0,0.250,0.311,0.321,0.632,89,0.071,0.295,27.9%,18.0%,8.2%,0.45,-0.0,36,DH,R,Yomiuri Giants,EL
,Sasahara Misaki,46,132,113,17,28,4,1,1,37,13,12,3,0,4,24,14,0,1,2,0.248,0.326,0.327,0.653,95,0.079,0.293,29.5%,18.2%,10.6%,0.58,1.0,21,9,R,Yomiuri Giants,EL
,Sasaki Shunsuke,47,139,122,18,40,6,1,0,48,15,6,3,3,3,22,9,0,2,1,0.328,0.375,0.393,0.768,129,0.065,0.388,22.3%,15.8%,6.5%,0.41,-0.0,25,9,L,Yomiuri Giants,EL
,Shigenobu Shinnosuke,35,66,58,13,10,2,0,1,15,4,6,1,1,0,17,7,0,0,1,0.172,0.262,0.259,0.521,56,0.087,0.225,37.9%,25.8%,10.6%,0.41,0.7,32,8,L,Yomiuri Giants,EL
,Sunagawa Richard,14,55,49,9,12,4,0,3,25,14,0,0,0,0,22,5,0,1,0,0.245,0.327,0.510,0.837,148,0.265,0.375,54.5%,40.0%,9.1%,0.23,-0.0,26,3,R,Yomiuri Giants,EL
,Suzuki Yamato,38,72,61,13,17,2,2,0,23,7,7,0,5,1,13,3,0,2,1,0.279,0.328,0.377,0.705,110,0.098,0.347,22.2%,18.1%,4.2%,0.23,1.2,26,8,R,Yomiuri Giants,EL
,Tanaka Masahiro,11,2,2,0,0,0,0,0,0,0,0,0,0,0,1,0,0,0,0,0.000,0.000,0.000,0.000,-97,0.000,0.000,50.0%,50.0%,0.0%,0.00,0.0,36,1,R,Yomiuri Giants,EL
,Tima Julian,68,250,236,23,48,12,0,6,78,26,0,0,0,2,56,12,0,0,9,0.203,0.240,0.331,0.571,70,0.128,0.239,29.6%,22.4%,4.8%,0.21,-0.1,20,3,R,Yomiuri Giants,EL
,Urata Shunsuke,65,205,178,29,48,5,1,0,55,11,12,3,7,0,19,19,0,1,2,0.270,0.343,0.309,0.652,95,0.039,0.302,18.5%,9.3%,9.3%,1.00,1.0,22,6,L,Yomiuri Giants,EL
,Utsunomiya Kisara,47,125,111,16,34,3,0,1,40,9,10,1,2,0,15,11,0,1,1,0.306,0.374,0.360,0.734,119,0.054,0.347,21.6%,12.0%,8.8%,0.73,1.3,21,4,L,Yomiuri Giants,EL
,Wakabayashi Gakuto,3,6,6,0,3,0,0,0,3,0,0,0,0,0,1,0,0,0,0,0.500,0.500,0.500,1.000,197,0.000,0.600,16.7%,16.7%,0.0%,0.00,-0.0,27,DH,R,Yomiuri Giants,EL
,Yamasaki Iori,1,1,1,0,0,0,0,0,0,0,0,0,0,0,0,0,0,0,0,0.000,0.000,0.000,0.000,-97,0.000,0.000,0.0%,0.0%,0.0%,,0.0,26,1,L,Yomiuri Giants,EL
,Yamase Shinnosuke,64,150,123,13,42,6,1,0,50,14,0,1,9,2,19,16,1,0,5,0.341,0.411,0.407,0.818,144,0.066,0.396,23.3%,12.7%,10.7%,0.84,-0.4,24,2,R,Yomiuri Giants,EL
,Yuasa Dai,64,168,135,12,26,6,0,0,32,11,8,2,10,0,39,19,0,4,2,0.193,0.310,0.237,0.547,65,0.044,0.271,34.5%,23.2%,11.3%,0.49,0.6,25,4,R,Yomiuri Giants,EL
,Akahane Yoshihiro,4,15,12,3,4,0,0,0,4,0,0,0,0,0,2,3,0,0,0,0.333,0.467,0.333,0.800,147,0.000,0.400,33.3%,13.3%,20.0%,1.50,-0.0,25,UTL,R,Yakult Swallows,EL
,Hamada Taiki,52,156,135,4,19,5,1,1,29,13,1,3,2,1,40,14,0,4,4,0.141,0.240,0.215,0.455,39,0.074,0.189,35.3%,25.6%,9.0%,0.35,-0.9,24,6,R,Yakult Swallows,EL
,Hashimoto Seiya,61,228,210,23,54,10,2,0,68,24,4,4,1,2,26,15,0,0,7,0.257,0.304,0.324,0.628,92,0.067,0.290,18.0%,11.4%,6.6%,0.58,-0.7,24,7,L,Yakult Swallows,EL
,Ishihara Yuki,17,1,1,0,0,0,0,0,0,0,0,0,0,0,0,0,0,0,0,0.000,0.000,0.000,0.000,-102,0.000,0.000,0.0%,0.0%,0.0%,,0.0,23,1,L,Yakult Swallows,EL
,Itoh Ryui,16,67,58,4,13,1,0,0,14,4,1,2,4,0,15,5,0,0,0,0.224,0.286,0.241,0.527,62,0.017,0.302,29.9%,22.4%,7.5%,0.33,-0.5,22,6,R,Yakult Swallows,EL
,Iwata Yukihiro,7,27,22,6,9,1,0,0,10,1,4,0,2,0,3,3,0,0,0,0.409,0.480,0.455,0.935,188,0.046,0.474,22.2%,11.1%,11.1%,1.00,0.7,27,8,L,Yakult Swallows,EL
,Kawabata Shingo,55,159,150,9,35,2,0,1,40,14,0,0,0,0,12,8,0,1,2,0.233,0.277,0.267,0.544,66,0.034,0.248,13.2%,7.5%,5.0%,0.67,-0.1,37,DH,L,Yakult Swallows,EL
,Kitamura Keigo,69,246,218,13,48,10,0,2,64,10,1,0,2,1,38,18,0,7,7,0.220,0.299,0.294,0.593,82,0.074,0.257,23.6%,15.4%,7.3%,0.47,0.1,24,UTL,R,Yakult Swallows,EL
,Kitamura Takumi,13,37,34,4,7,1,0,0,8,3,0,0,0,0,6,2,0,1,2,0.206,0.270,0.235,0.505,55,0.029,0.250,21.6%,16.2%,5.4%,0.33,-0.0,29,4,R,Yakult Swallows,EL
,Koga Yudai,1,5,5,1,3,0,0,0,3,1,0,0,0,0,0,0,0,0,0,0.600,0.600,0.600,1.200,269,0.000,0.600,0.0%,0.0%,0.0%,,-0.0,26,2,R,Yakult Swallows,EL
,Lambert Peter,2,2,2,1,1,1,0,0,2,1,0,0,0,0,1,0,0,0,0,0.500,0.500,1.000,1.500,357,0.500,1.000,50.0%,50.0%,0.0%,0.00,0.0,28,1,R,Yakult Swallows,EL
,Maruyama Kazuya,15,48,43,4,9,1,1,0,12,2,3,0,1,1,9,3,0,0,0,0.209,0.255,0.279,0.534,63,0.070,0.257,25.0%,18.8%,6.2%,0.33,0.5,25,8,L,Yakult Swallows,EL
,Masuda Shu,2,7,6,1,1,0,0,0,1,0,0,0,0,0,2,1,0,0,0,0.167,0.286,0.167,0.453,39,0.000,0.250,42.9%,28.6%,14.3%,0.50,-0.0,26,9,R,Yakult Swallows,EL
,Matsumoto Naoki,19,59,54,3,15,3,0,0,18,6,0,0,2,0,5,2,0,1,3,0.278,0.316,0.333,0.649,99,0.055,0.306,11.9%,8.5%,3.4%,0.40,-0.0,31,2,R,Yakult Swallows,EL
,Matsumoto Ryunosuke,54,107,88,8,14,1,1,0,17,4,6,4,1,0,37,14,0,4,0,0.159,0.302,0.193,0.495,52,0.034,0.275,47.7%,34.6%,13.1%,0.38,-0.3,20,2,L,Yakult Swallows,EL
,Miyamoto Takeshi,2,7,7,0,1,0,0,0,1,1,0,0,0,0,3,0,0,0,0,0.143,0.143,0.143,0.286,-14,0.000,0.250,42.9%,42.9%,0.0%,0.00,-0.0,30,9,L,Yakult Swallows,EL
,Moiseev Nikita,41,134,122,7,19,5,0,4,36,12,1,2,0,0,38,12,0,0,2,0.156,0.231,0.295,0.526,60,0.139,0.188,40.3%,28.4%,9.0%,0.32,-0.5,18,9,L,Yakult Swallows,EL
,Murakami Munetaka,13,39,33,6,12,3,0,2,21,5,1,1,0,0,7,6,0,0,1,0.364,0.462,0.636,1.098,236,0.272,0.417,38.5%,17.9%,15.4%,0.86,-0.2,25,5,L,Yakult Swallows,EL
,Nagaoka Hideki,10,33,26,1,4,0,0,0,4,3,0,1,0,0,4,5,0,2,1,0.154,0.333,0.154,0.487,51,0.000,0.182,27.3%,12.1%,15.2%,1.25,-0.3,23,6,L,Yakult Swallows,EL
,Nakagawa Takuma,43,91,85,7,13,1,0,1,17,2,0,0,1,0,26,5,0,0,0,0.153,0.200,0.200,0.400,22,0.047,0.207,35.2%,28.6%,5.5%,0.19,-0.0,22,2,R,Yakult Swallows,EL
,Nakamura Yuto,8,1,1,1,1,0,0,0,1,0,0,0,0,0,0,0,0,0,0,1.000,1.000,1.000,2.000,517,0.000,1.000,0.0%,0.0%,0.0%,,-0.0,22,1,L,Yakult Swallows,EL
,Namiki Hidetaka,2,7,7,1,1,0,0,0,1,0,0,0,0,0,1,0,0,0,0,0.143,0.143,0.143,0.286,-14,0.000,0.167,14.3%,14.3%,0.0%,0.00,-0.0,26,7,R,Yakult Swallows,EL
,Negishi Tatsunori,27,91,86,3,18,4,0,0,22,5,0,1,0,0,15,5,0,0,3,0.209,0.253,0.256,0.509,56,0.047,0.254,22.0%,16.5%,5.5%,0.33,-0.4,24,3,L,Yakult Swallows,EL
,Nishikawa Haruki,14,51,37,5,9,1,0,0,10,3,0,0,0,0,16,14,0,0,0,0.243,0.451,0.270,0.721,123,0.027,0.429,58.8%,31.4%,27.5%,0.88,-0.0,33,9,L,Yakult Swallows,EL
,Nishimura Ruito,64,226,207,20,44,11,0,2,61,16,2,6,0,2,56,17,0,0,4,0.213,0.270,0.295,0.565,73,0.082,0.278,33.2%,24.8%,7.5%,0.30,-1.7,20,5,L,Yakult Swallows,EL
,Ogawa Yasuhiro,6,3,3,0,1,0,0,0,1,0,0,0,0,0,0,0,0,0,0,0.333,0.333,0.333,0.666,104,0.000,0.333,0.0%,0.0%,0.0%,,-0.0,35,1,R,Yakult Swallows,EL
,Ohta Kengo,40,137,124,8,33,1,1,2,42,11,1,0,0,0,18,12,0,1,1,0.266,0.336,0.339,0.675,107,0.073,0.298,23.4%,13.1%,8.8%,0.67,0.1,28,8,L,Yakult Swallows,EL
,Sawai Ren,51,188,165,15,37,5,1,5,59,15,0,1,0,1,46,16,0,6,5,0.224,0.314,0.358,0.672,106,0.134,0.278,35.6%,24.5%,8.5%,0.35,-0.4,25,9,L,Yakult Swallows,EL
,Sawano Kiyoharu,57,164,150,15,19,2,3,1,30,8,3,2,5,0,55,9,0,0,1,0.127,0.176,0.200,0.376,14,0.073,0.191,39.6%,33.5%,5.5%,0.16,-0.2,23,4,L,Yakult Swallows,EL
,Suzuki Kyo,4,6,5,1,1,1,0,0,2,0,0,0,0,0,1,1,0,0,1,0.200,0.333,0.400,0.733,124,0.200,0.250,33.3%,16.7%,16.7%,1.00,-0.0,19,2,R,Yakult Swallows,EL
,Takanashi Hirotoshi,8,2,2,0,0,0,0,0,0,0,0,0,0,0,0,0,0,0,0,0.000,0.000,0.000,0.000,-102,0.000,0.000,0.0%,0.0%,0.0%,,0.0,34,1,R,Yakult Swallows,EL
,Takano Souta,45,113,104,6,12,3,0,0,15,3,0,0,2,2,29,5,0,0,1,0.115,0.153,0.144,0.297,-10,0.029,0.156,30.1%,25.7%,4.4%,0.17,-0.0,19,3,R,Yakult Swallows,EL
,Takeoka Ryusei,10,45,36,8,14,1,0,0,15,4,2,1,0,0,9,7,0,2,0,0.389,0.511,0.417,0.928,186,0.028,0.519,35.6%,20.0%,15.6%,0.78,-0.0,24,4,L,Yakult Swallows,EL
,Tanaka Haruto,49,175,152,14,40,8,3,1,57,16,0,1,0,0,35,20,0,3,4,0.263,0.360,0.375,0.735,125,0.112,0.336,32.0%,20.0%,11.4%,0.57,-0.4,19,6,L,Yakult Swallows,EL
,Uchiyama Souma,15,47,42,2,10,2,0,0,12,2,0,0,0,0,9,3,0,2,0,0.238,0.319,0.286,0.605,86,0.048,0.303,25.5%,19.1%,6.4%,0.33,-0.0,23,2,R,Yakult Swallows,EL
,Yamada Tetsuto,7,21,20,1,4,1,0,1,8,2,0,0,0,0,2,1,0,0,0,0.200,0.238,0.400,0.638,94,0.200,0.176,19.0%,9.5%,4.8%,0.50,-0.0,32,4,R,Yakult Swallows,EL
,Yamano Taichi,2,2,2,0,0,0,0,0,0,0,0,0,0,0,1,0,0,0,0,0.000,0.000,0.000,0.000,-102,0.000,0.000,50.0%,50.0%,0.0%,0.00,0.0,26,1,L,Yakult Swallows,EL
,Yamanobe Kakeru,15,60,56,5,12,1,0,1,16,3,2,0,0,1,8,1,0,2,1,0.214,0.250,0.286,0.536,64,0.072,0.229,16.7%,13.3%,1.7%,0.12,0.3,31,4,R,Yakult Swallows,EL
,Yano Taijiro,38,84,73,4,12,2,0,0,14,2,2,0,3,0,10,7,0,1,1,0.164,0.247,0.192,0.439,34,0.028,0.190,20.2%,11.9%,8.3%,0.70,0.3,23,2,R,Yakult Swallows,EL
,Bright Kenta,9,30,26,7,11,3,1,1,19,7,0,0,0,0,4,3,0,1,0,0.423,0.500,0.731,1.231,266,0.308,0.476,26.7%,13.3%,10.0%,0.75,-0.0,26,7,R,Chunichi Dragons,WL
,Calixte Orlando,19,68,62,6,16,3,0,1,22,6,0,1,0,1,12,5,0,0,1,0.258,0.309,0.355,0.664,99,0.097,0.300,26.5%,17.6%,7.4%,0.42,-0.4,33,7,R,Chunichi Dragons,WL
,Chavis Michael,3,8,8,1,3,0,0,0,3,1,0,0,0,0,1,0,0,0,0,0.375,0.375,0.375,0.750,125,0.000,0.429,12.5%,12.5%,0.0%,0.00,-0.0,29,,R,Chunichi Dragons,WL
,Fukumoto Yuma,45,124,113,12,37,10,0,3,56,27,2,2,0,4,11,6,0,1,6,0.327,0.355,0.496,0.851,154,0.169,0.330,16.1%,8.9%,4.8%,0.55,-0.4,25,DH,R,Chunichi Dragons,WL
,Fukunaga Hiroki,4,13,12,4,5,1,0,0,6,2,0,0,0,0,2,1,0,0,0,0.417,0.462,0.500,0.962,188,0.083,0.500,23.1%,15.4%,7.7%,0.50,-0.0,28,DH,R,Chunichi Dragons,WL
,Gotoh Shunta,31,101,90,4,25,5,1,0,32,8,0,1,0,1,18,10,0,0,2,0.278,0.347,0.356,0.703,111,0.078,0.342,27.7%,17.8%,9.9%,0.56,-0.4,32,9,L,Chunichi Dragons,WL
,Hama Shonosuke,62,228,202,27,48,9,4,0,65,14,9,5,2,1,46,23,1,0,6,0.238,0.314,0.322,0.636,91,0.084,0.306,30.3%,20.2%,10.1%,0.50,-0.2,25,8,L,Chunichi Dragons,WL
,Higuchi Seishu,25,60,54,7,9,0,0,0,9,2,5,0,2,0,12,3,0,1,0,0.167,0.224,0.167,0.391,19,0.000,0.214,25.0%,20.0%,5.0%,0.25,0.8,26,4,L,Chunichi Dragons,WL
,Hiwatari Touki,17,26,24,2,6,0,0,0,6,1,0,0,0,0,8,1,0,1,0,0.250,0.308,0.250,0.558,68,0.000,0.375,34.6%,30.8%,3.8%,0.12,-0.0,20,2,L,Chunichi Dragons,WL
,Hoshino Mao,21,35,29,1,4,1,0,0,5,2,0,1,3,1,13,1,0,1,3,0.138,0.188,0.172,0.360,9,0.034,0.235,40.0%,37.1%,2.9%,0.08,-0.3,21,5,R,Chunichi Dragons,WL
,Hosokawa Seiya,6,18,16,3,5,1,0,2,12,2,0,0,0,0,4,2,0,0,0,0.313,0.389,0.750,1.139,237,0.437,0.300,44.4%,22.2%,11.1%,0.50,-0.0,26,DH,R,Chunichi Dragons,WL
,Ishibashi Kota,26,62,53,9,15,4,0,0,19,9,0,1,0,0,12,9,0,0,1,0.283,0.387,0.358,0.745,124,0.075,0.366,33.9%,19.4%,14.5%,0.75,-0.4,24,2,R,Chunichi Dragons,WL
,Ishii Yuta,9,26,22,2,7,2,0,2,15,3,0,0,0,0,7,2,0,2,0,0.318,0.423,0.682,1.105,228,0.364,0.385,42.3%,26.9%,7.7%,0.29,-0.0,24,2,R,Chunichi Dragons,WL
,Ishikawa Takaya,32,121,108,10,30,7,0,2,43,14,0,0,0,1,20,10,0,2,3,0.278,0.347,0.398,0.745,123,0.120,0.322,26.4%,16.5%,8.3%,0.50,-0.0,24,5,R,Chunichi Dragons,WL
,Itayama Yutaro,4,15,14,2,5,3,0,0,8,1,0,0,0,0,1,1,0,0,0,0.357,0.400,0.571,0.971,189,0.214,0.385,13.3%,6.7%,6.7%,1.00,-0.0,31,4,L,Chunichi Dragons,WL
,Kanemaru Yumeto,5,2,1,0,0,0,0,0,0,1,0,0,1,0,1,0,0,0,0,0.000,0.000,0.000,0.000,-98,0.000,,50.0%,50.0%,0.0%,0.00,0.0,22,1,L,Chunichi Dragons,WL
,Kato Ryuma,21,44,42,1,4,1,0,0,5,2,0,0,0,0,21,2,0,0,0,0.095,0.136,0.119,0.255,-22,0.024,0.190,52.3%,47.7%,4.5%,0.10,-0.0,26,9,S,Chunichi Dragons,WL
,Katoh Takuma,1,2,2,0,0,0,0,0,0,0,0,0,0,0,0,0,0,0,0,0.000,0.000,0.000,0.000,-98,0.000,0.000,0.0%,0.0%,0.0%,,0.0,33,,R,Chunichi Dragons,WL
,Kawagoe Seiji,36,106,89,12,25,7,2,1,39,17,1,0,0,1,21,15,0,1,0,0.281,0.387,0.438,0.825,147,0.157,0.353,34.9%,19.8%,14.2%,0.71,0.1,32,DH,L,Chunichi Dragons,WL
,Kawakami Rii,78,305,251,34,59,9,2,1,75,31,14,6,0,6,66,42,0,6,6,0.235,0.351,0.299,0.650,96,0.064,0.305,35.7%,21.6%,13.8%,0.64,0.3,24,3,R,Chunichi Dragons,WL
,Mejia Humberto,14,1,0,1,0,0,0,0,0,0,0,0,0,0,0,1,0,0,0,0.000,1.000,0.000,1.000,209,0.000,,100.0%,0.0%,100.0%,1.00,-0.0,28,1,R,Chunichi Dragons,WL
,Miya Taisei,38,80,74,5,14,3,1,0,19,11,0,1,4,0,13,0,0,2,3,0.189,0.211,0.257,0.468,41,0.068,0.230,16.2%,16.2%,0.0%,0.00,-0.3,22,2,L,Chunichi Dragons,WL
,Monier Carlos,37,110,91,9,21,3,0,2,30,13,2,1,0,0,25,13,0,6,1,0.231,0.364,0.330,0.694,109,0.099,0.297,36.4%,22.7%,11.8%,0.52,-0.0,24,7,R,Chunichi Dragons,WL
,Mori Shunta,39,88,83,6,18,1,1,3,30,7,1,0,0,2,32,3,0,0,1,0.217,0.239,0.361,0.600,79,0.144,0.300,43.2%,36.4%,3.4%,0.09,0.1,18,5,L,Chunichi Dragons,WL
,Muramatsu Kaito,5,16,14,3,6,4,0,0,10,3,0,1,0,0,0,1,0,1,0,0.429,0.500,0.714,1.214,261,0.285,0.429,6.2%,0.0%,6.2%,1.00,-0.3,24,6,L,Chunichi Dragons,WL
,Nakamura Naiki,27,58,55,11,15,3,0,0,18,2,1,2,1,0,13,2,0,0,2,0.273,0.298,0.327,0.625,88,0.054,0.357,25.9%,22.4%,3.4%,0.15,-0.5,18,5,R,Chunichi Dragons,WL
,Nakata Sho,19,38,36,6,10,3,0,2,19,8,0,0,0,0,4,2,0,0,2,0.278,0.316,0.528,0.844,151,0.250,0.267,21.1%,10.5%,5.3%,0.50,-0.0,36,DH,R,Chunichi Dragons,WL
,Oda Gouki,49,196,164,33,49,1,4,0,58,11,15,6,5,0,31,27,0,0,2,0.299,0.398,0.354,0.752,126,0.055,0.368,29.6%,15.8%,13.8%,0.87,0.5,24,8,L,Chunichi Dragons,WL
,Ohshima Yohei,10,24,18,3,6,0,1,0,8,2,2,1,0,0,2,6,0,0,0,0.333,0.500,0.444,0.944,183,0.111,0.375,33.3%,8.3%,25.0%,3.00,-0.0,39,DH,L,Chunichi Dragons,WL
,Rodriguez Christian,49,143,127,15,31,3,0,1,37,7,4,0,1,0,22,13,1,2,2,0.244,0.324,0.291,0.615,85,0.047,0.288,25.2%,15.4%,9.1%,0.59,0.6,23,6,R,Chunichi Dragons,WL
,Takahashi Shuhei,9,30,26,5,4,0,0,0,4,0,1,0,0,0,4,4,0,0,0,0.154,0.267,0.154,0.421,28,0.000,0.182,26.7%,13.3%,13.3%,1.00,0.2,31,5,L,Chunichi Dragons,WL
,Tanaka Mikiya,7,9,7,0,1,0,0,0,1,0,1,0,0,0,0,1,0,1,0,0.143,0.333,0.143,0.476,45,0.000,0.143,11.1%,0.0%,11.1%,1.00,0.2,24,4,R,Chunichi Dragons,WL
,Tsuchida Ryuku,48,181,163,25,39,6,3,3,60,19,3,3,1,1,42,15,0,1,3,0.239,0.306,0.368,0.674,102,0.129,0.303,33.1%,23.2%,8.3%,0.36,-0.5,22,6,L,Chunichi Dragons,WL
,Tsuda Keishi,63,205,179,21,46,8,2,1,61,22,5,7,2,2,38,21,0,1,10,0.257,0.335,0.341,0.676,103,0.084,0.317,29.3%,18.5%,10.2%,0.55,-1.5,22,UTL,R,Chunichi Dragons,WL
,Tsujimoto Rintaro,23,84,74,9,23,3,0,0,26,8,5,1,1,1,7,7,0,1,2,0.311,0.373,0.351,0.724,118,0.040,0.338,16.7%,8.3%,8.3%,1.00,0.5,23,4,R,Chunichi Dragons,WL
,Ukai Kosuke,58,238,210,32,61,15,2,5,95,33,7,2,0,0,42,23,0,5,4,0.290,0.374,0.452,0.826,147,0.162,0.344,29.4%,17.6%,9.7%,0.55,0.4,26,7,R,Chunichi Dragons,WL
,Usami Shingo,44,139,124,12,31,6,0,1,40,14,0,0,0,1,30,14,0,0,3,0.250,0.324,0.323,0.647,94,0.073,0.319,32.4%,21.6%,10.1%,0.47,-0.1,32,2,L,Chunichi Dragons,WL
,Vosler Jason,2,5,5,0,2,0,0,0,2,1,0,0,0,0,1,0,0,0,1,0.400,0.400,0.400,0.800,140,0.000,0.500,20.0%,20.0%,0.0%,0.00,-0.0,31,3,L,Chunichi Dragons,WL
,Yamaasa Ryunosuke,9,13,11,0,1,0,0,0,1,3,1,0,0,0,3,2,0,0,0,0.091,0.231,0.091,0.322,-1,0.000,0.125,38.5%,23.1%,15.4%,0.67,0.2,21,2,L,Chunichi Dragons,WL
,Yamamoto Yasuhiro,3,10,8,1,3,0,1,0,5,0,0,0,0,0,1,2,0,0,0,0.375,0.500,0.625,1.125,235,0.250,0.429,30.0%,10.0%,20.0%,2.00,-0.0,31,4,R,Chunichi Dragons,WL
,Chano Tokumasa,78,262,238,28,72,2,1,0,76,13,17,7,4,2,27,17,0,1,1,0.303,0.349,0.319,0.668,111,0.016,0.338,16.8%,10.3%,6.5%,0.63,0.5,25,9,L,ORIX Buffaloes,WL
,Dale Jarryd,31,109,99,11,31,5,0,1,39,12,1,1,0,0,10,7,0,3,2,0.313,0.376,0.394,0.770,143,0.081,0.341,16.5%,9.2%,6.4%,0.70,-0.2,24,UTL,R,ORIX Buffaloes,WL
,Diaz Jordan,17,50,47,2,11,1,0,0,12,3,0,0,0,0,13,3,0,0,2,0.234,0.280,0.255,0.535,67,0.021,0.324,32.0%,26.0%,6.0%,0.23,-0.0,24,DH,R,ORIX Buffaloes,WL
,Endoh Joh,57,170,135,29,42,5,3,1,56,16,15,6,0,1,32,32,0,2,0,0.311,0.447,0.415,0.862,174,0.104,0.398,38.2%,18.8%,18.8%,1.00,0.5,23,4,L,ORIX Buffaloes,WL
,Fukuda Shuhei,42,147,125,11,31,6,0,0,37,14,3,2,1,0,9,19,0,2,4,0.248,0.356,0.296,0.652,106,0.048,0.267,19.0%,6.1%,12.9%,2.11,-0.2,32,8,L,ORIX Buffaloes,WL
,Fukunaga Sho,5,11,11,0,1,1,0,0,2,1,0,1,0,0,3,0,0,0,1,0.091,0.091,0.182,0.273,-19,0.091,0.125,27.3%,27.3%,0.0%,0.00,-0.3,25,2,R,ORIX Buffaloes,WL
,Gen Kendai,29,93,78,10,20,2,0,0,22,7,2,0,2,2,12,11,1,0,3,0.256,0.341,0.282,0.623,96,0.026,0.294,24.7%,12.9%,11.8%,0.92,0.3,23,8,R,ORIX Buffaloes,WL
,Gibo Sho,38,105,92,15,26,1,2,0,31,13,5,1,2,0,10,11,0,0,3,0.283,0.359,0.337,0.696,120,0.054,0.317,20.0%,9.5%,10.5%,1.10,0.5,24,4,L,ORIX Buffaloes,WL
,Hirooka Taishi,4,14,12,0,2,0,0,0,2,0,0,0,0,0,2,2,0,0,2,0.167,0.286,0.167,0.453,42,0.000,0.200,28.6%,14.3%,14.3%,1.00,-0.0,28,UTL,R,ORIX Buffaloes,WL
,Hori Shuna,59,194,174,14,39,3,0,0,42,10,0,0,10,0,35,8,0,2,5,0.224,0.266,0.241,0.507,58,0.017,0.281,22.2%,18.0%,4.1%,0.23,-0.1,19,2,R,ORIX Buffaloes,WL
,Ikeda Ryoma,59,193,169,18,41,6,2,3,60,22,0,2,4,2,36,17,0,1,5,0.243,0.312,0.355,0.667,110,0.112,0.288,29.0%,18.7%,8.8%,0.47,-0.7,21,7,R,ORIX Buffaloes,WL
,Imasaka Tomoki,10,22,18,1,1,0,1,0,3,2,0,0,0,1,5,3,0,0,0,0.056,0.182,0.167,0.349,6,0.111,0.071,36.4%,22.7%,13.6%,0.60,-0.0,18,5,L,ORIX Buffaloes,WL
,Ishikawa Ryo,14,21,17,2,5,0,1,0,7,2,0,0,2,0,4,2,0,0,0,0.294,0.368,0.412,0.780,146,0.118,0.385,28.6%,19.0%,9.5%,0.50,-0.0,29,2,R,ORIX Buffaloes,WL
,Katsuki Kazuya,26,93,79,8,22,1,1,0,25,8,2,0,0,0,18,11,1,3,1,0.278,0.387,0.316,0.703,123,0.038,0.361,31.2%,19.4%,11.8%,0.61,0.3,29,3,L,ORIX Buffaloes,WL
,Kawano Sota,30,79,62,10,14,0,2,0,18,10,3,1,3,2,9,11,0,1,5,0.226,0.342,0.290,0.632,99,0.064,0.255,25.3%,11.4%,13.9%,1.22,0.1,25,4,L,ORIX Buffaloes,WL
,Kita Ryoto,21,75,64,8,25,3,1,1,33,7,2,0,0,2,10,9,0,0,1,0.391,0.453,0.516,0.969,208,0.125,0.436,26.7%,13.3%,12.0%,0.90,0.3,22,7,L,ORIX Buffaloes,WL
,Kurebayashi Kotaro,1,2,1,0,0,0,0,0,0,0,0,0,0,0,0,1,0,0,0,0.000,0.500,0.000,0.500,61,0.000,0.000,50.0%,0.0%,50.0%,1.00,-0.0,23,,R,ORIX Buffaloes,WL
,Mori Tomoya,7,20,14,0,2,1,0,0,3,2,0,0,0,0,3,6,0,0,0,0.143,0.400,0.214,0.614,95,0.071,0.182,45.0%,15.0%,30.0%,2.00,-0.0,29,2,L,ORIX Buffaloes,WL
,Mugitani Yusuke,12,42,38,4,11,1,0,0,12,4,4,1,0,2,12,2,0,0,0,0.289,0.310,0.316,0.626,97,0.027,0.393,33.3%,28.6%,4.8%,0.17,0.3,22,8,L,ORIX Buffaloes,WL
,Mune Yuma,20,85,69,7,16,3,1,0,21,3,3,0,1,0,12,15,0,0,1,0.232,0.369,0.304,0.673,113,0.072,0.281,31.8%,14.1%,17.6%,1.25,0.5,29,5,L,ORIX Buffaloes,WL
,Murakami Kyoichiro,12,33,23,1,4,0,0,0,4,3,0,0,4,0,3,6,0,0,0,0.174,0.345,0.174,0.519,64,0.000,0.200,27.3%,9.1%,18.2%,2.00,-0.0,24,2,R,ORIX Buffaloes,WL
,Naito Ho,78,302,273,19,66,8,1,3,85,28,0,0,0,1,40,26,1,2,13,0.242,0.311,0.311,0.622,95,0.069,0.273,22.8%,13.2%,8.6%,0.65,-0.1,20,3,R,ORIX Buffaloes,WL
,Nishikawa Ryoma,1,3,3,1,2,0,1,0,4,0,0,0,0,0,0,0,0,0,0,0.667,0.667,1.333,2.000,538,0.666,0.667,0.0%,0.0%,0.0%,,-0.0,30,7,L,ORIX Buffaloes,WL
,Nishino Masahiro,19,65,58,4,17,0,0,0,17,3,1,0,0,1,8,5,0,1,4,0.293,0.354,0.293,0.647,104,0.000,0.333,20.0%,12.3%,7.7%,0.62,0.1,34,DH,L,ORIX Buffaloes,WL
,Noguchi Tomoya,27,97,74,6,13,4,1,0,19,10,2,0,0,2,23,21,0,0,0,0.176,0.351,0.257,0.608,92,0.081,0.245,45.4%,23.7%,21.6%,0.91,0.3,25,6,L,ORIX Buffaloes,WL
,Ohsato Kosei,40,143,121,18,32,1,1,0,35,7,1,4,1,1,16,19,0,1,0,0.264,0.366,0.289,0.655,107,0.025,0.302,24.5%,11.2%,13.3%,1.19,-1.2,25,4,L,ORIX Buffaloes,WL
,Ohta Ryo,1,3,2,0,0,0,0,0,0,0,0,0,0,0,2,1,0,0,0,0.000,0.333,0.000,0.333,5,0.000,,100.0%,66.7%,33.3%,0.50,-0.0,24,4,R,ORIX Buffaloes,WL
,Olivares Edward,46,133,104,13,20,5,0,0,25,13,6,1,0,4,16,20,0,5,6,0.192,0.338,0.240,0.578,82,0.048,0.217,27.1%,12.0%,15.0%,1.25,0.6,29,DH,R,ORIX Buffaloes,WL
,Sano Kodai,12,29,26,1,5,0,1,0,7,0,0,0,0,0,7,3,0,0,0,0.192,0.276,0.269,0.545,70,0.077,0.263,34.5%,24.1%,10.3%,0.43,-0.0,28,8,R,ORIX Buffaloes,WL
,Shimizu Musashi,14,42,38,3,8,1,1,0,11,4,0,0,1,1,7,2,0,0,3,0.211,0.244,0.289,0.533,66,0.078,0.250,21.4%,16.7%,4.8%,0.29,-0.0,22,4,R,ORIX Buffaloes,WL
,Sugisawa Ryu,61,213,190,29,50,11,0,5,76,33,4,3,5,4,40,13,0,1,1,0.263,0.308,0.400,0.708,122,0.137,0.302,27.2%,18.8%,6.1%,0.33,-0.4,25,8,L,ORIX Buffaloes,WL
,Tajima Kosuke,24,77,64,6,7,1,0,0,8,6,0,0,4,0,13,7,0,2,4,0.109,0.219,0.125,0.344,6,0.016,0.137,26.0%,16.9%,9.1%,0.54,-0.0,25,2,R,ORIX Buffaloes,WL
,Teramoto Seiichi,6,9,8,2,3,2,0,0,5,0,0,0,0,0,2,0,0,1,0,0.375,0.444,0.625,1.069,239,0.250,0.500,22.2%,22.2%,0.0%,0.00,-0.0,22,9,L,ORIX Buffaloes,WL
,Tongu Yuma,1,3,3,0,0,0,0,0,0,0,0,0,0,0,1,0,0,0,1,0.000,0.000,0.000,0.000,-108,0.000,0.000,33.3%,33.3%,0.0%,0.00,0.0,28,3,R,ORIX Buffaloes,WL
,Watanabe Haruto,29,83,66,12,23,1,1,0,26,5,6,2,0,0,6,14,0,3,0,0.348,0.482,0.394,0.876,179,0.046,0.383,24.1%,7.2%,16.9%,2.33,0.3,25,8,L,ORIX Buffaloes,WL
,Yamanaka Ryoma,34,132,113,11,29,4,0,1,36,18,3,1,1,1,20,16,0,1,3,0.257,0.351,0.319,0.670,111,0.062,0.301,28.0%,15.2%,12.1%,0.80,0.1,24,9,L,ORIX Buffaloes,WL
,Yokoyama Seiya,65,247,229,21,46,7,2,1,60,20,4,1,0,1,60,17,0,0,4,0.201,0.255,0.262,0.517,61,0.061,0.266,31.6%,24.3%,6.9%,0.28,0.3,19,6,L,ORIX Buffaloes,WL
,Acevedo Stiven,62,214,195,23,52,15,0,7,88,35,7,1,0,3,37,13,0,3,6,0.267,0.318,0.451,0.769,125,0.184,0.292,26.6%,17.3%,6.1%,0.35,0.8,22,7,R,Lotte Marines,EL
,Chatani Kenta,15,64,58,6,16,4,0,0,20,7,0,0,0,0,15,6,0,0,1,0.276,0.344,0.345,0.689,103,0.069,0.372,32.8%,23.4%,9.4%,0.40,-0.0,27,4,R,Lotte Marines,EL
,Fujita Kazuki,41,80,76,5,16,0,0,0,16,6,0,0,0,1,23,3,0,0,2,0.211,0.238,0.211,0.449,34,0.000,0.296,32.5%,28.7%,3.8%,0.13,-0.0,19,9,L,Lotte Marines,EL
,Fujiwara Kyota,2,9,8,1,1,0,0,0,1,0,0,0,0,0,2,1,0,0,0,0.125,0.222,0.125,0.347,6,0.000,0.167,33.3%,22.2%,11.1%,0.50,-0.0,25,8,L,Lotte Marines,EL
,Ikeda Raito,25,102,90,17,26,4,1,2,38,10,1,0,0,0,15,11,0,1,2,0.289,0.373,0.422,0.795,133,0.133,0.329,27.5%,14.7%,10.8%,0.73,0.1,25,3,R,Lotte Marines,EL
,Ishigaki Masami,35,114,102,8,19,5,0,2,30,16,0,0,1,1,21,9,0,1,4,0.186,0.257,0.294,0.551,63,0.108,0.212,28.1%,18.4%,7.9%,0.43,-0.0,26,UTL,R,Lotte Marines,EL
,Ishikawa Shingo,35,109,95,16,34,9,0,0,43,13,1,0,0,0,20,13,0,1,2,0.358,0.440,0.453,0.893,161,0.095,0.453,30.3%,18.3%,11.9%,0.65,0.1,32,DH,R,Lotte Marines,EL
,Kakinuma Tomoya,37,43,41,3,10,2,0,0,12,3,0,0,1,0,7,1,0,0,0,0.244,0.262,0.293,0.555,64,0.049,0.294,18.6%,16.3%,2.3%,0.14,-0.0,32,2,R,Lotte Marines,EL
,Kakunaka Katsuya,16,50,42,7,12,3,1,0,17,4,0,0,0,1,2,6,0,1,1,0.286,0.380,0.405,0.785,130,0.119,0.293,16.0%,4.0%,12.0%,3.00,-0.0,38,DH,L,Lotte Marines,EL
,Kaneda Yuta,17,36,32,3,7,1,0,0,8,5,0,0,1,1,6,2,0,0,0,0.219,0.257,0.250,0.507,51,0.031,0.259,22.2%,16.7%,5.6%,0.33,-0.0,20,4,L,Lotte Marines,EL
,Katsumata Rui,16,18,18,3,4,1,0,0,5,1,0,0,0,0,5,0,0,0,0,0.222,0.222,0.278,0.500,48,0.056,0.308,27.8%,27.8%,0.0%,0.00,-0.0,20,6,R,Lotte Marines,EL
,Kohno Hikaru,5,6,5,0,0,0,0,0,0,0,0,0,0,0,3,1,0,0,0,0.000,0.167,0.000,0.167,-45,0.000,0.000,66.7%,50.0%,16.7%,0.33,-0.0,21,9,R,Lotte Marines,EL
,Martin Andy,32,54,50,5,11,3,1,1,19,8,1,2,0,1,20,3,0,0,1,0.220,0.259,0.380,0.639,87,0.160,0.333,44.4%,37.0%,5.6%,0.15,-0.5,24,7,R,Lotte Marines,EL
,Matsuishi Shinya,65,221,191,26,45,4,1,0,51,12,3,5,12,1,39,15,0,2,4,0.236,0.297,0.267,0.564,67,0.031,0.294,24.4%,17.6%,6.8%,0.38,-1.2,19,6,R,Lotte Marines,EL
,Matsukawa Kou,45,89,81,10,18,2,0,1,23,6,0,0,0,0,14,8,0,0,4,0.222,0.292,0.284,0.576,71,0.062,0.258,25.8%,15.7%,9.0%,0.57,-0.0,21,2,R,Lotte Marines,EL
,Miyazaki Ryusei,68,259,228,39,62,10,5,4,94,32,4,0,0,1,58,26,0,4,3,0.272,0.355,0.412,0.767,125,0.140,0.347,34.0%,22.4%,10.0%,0.45,0.6,24,4,L,Lotte Marines,EL
,Nakamura Shogo,40,119,91,14,31,6,0,1,40,9,3,0,1,1,16,22,0,4,3,0.341,0.483,0.440,0.923,170,0.099,0.400,32.8%,13.4%,18.5%,1.38,0.4,33,4,R,Lotte Marines,EL
,Nishikawa Misho,20,89,83,13,35,8,2,1,50,8,0,0,0,0,11,5,0,1,2,0.422,0.461,0.602,1.063,209,0.180,0.479,19.1%,12.4%,5.6%,0.45,-0.0,22,9,R,Lotte Marines,EL
,Ogawa Ryusei,2,7,6,0,2,0,0,0,2,0,1,0,1,0,1,0,0,0,0,0.333,0.333,0.333,0.666,96,0.000,0.400,14.3%,14.3%,0.0%,0.00,0.2,27,4,L,Lotte Marines,EL
,Ogino Takashi,7,16,13,3,4,0,0,1,7,5,0,0,0,0,1,3,0,0,1,0.308,0.438,0.538,0.976,184,0.230,0.273,31.2%,6.2%,18.8%,3.00,-0.0,39,DH,R,Lotte Marines,EL
,Ohshita Seiichiro,52,128,104,16,29,5,0,2,40,11,0,0,5,1,20,12,0,6,2,0.279,0.382,0.385,0.767,125,0.106,0.325,26.6%,15.6%,9.4%,0.60,-0.1,27,3,R,Lotte Marines,EL
,Polanco Gregory,17,60,51,10,14,2,0,6,34,16,0,0,0,0,15,7,0,2,0,0.275,0.383,0.667,1.050,204,0.392,0.267,46.7%,25.0%,11.7%,0.47,-0.0,33,DH,L,Lotte Marines,EL
,Satoh Toshiya,13,49,44,5,13,2,1,1,20,3,0,1,0,0,11,3,0,2,1,0.295,0.367,0.455,0.822,140,0.160,0.375,30.6%,22.4%,6.1%,0.27,-0.4,27,DH,L,Lotte Marines,EL
,Soto Neftali,1,4,3,2,1,0,0,1,4,3,0,0,0,0,1,1,0,0,0,0.333,0.500,1.333,1.833,423,1.000,0.000,75.0%,25.0%,25.0%,1.00,-0.0,36,3,R,Lotte Marines,EL
,Takabe Akito,6,26,24,2,6,1,0,1,10,3,1,0,0,0,4,2,0,0,0,0.250,0.308,0.417,0.725,112,0.167,0.263,26.9%,15.4%,7.7%,0.50,0.2,27,8,L,Lotte Marines,EL
,Takeda Aito,47,167,151,17,48,12,2,2,70,19,6,4,0,3,19,12,0,1,3,0.318,0.365,0.464,0.829,142,0.146,0.346,19.8%,11.4%,7.2%,0.63,-0.4,28,8,R,Lotte Marines,EL
,Tamura Tatsuhiro,11,29,25,4,10,1,0,0,11,1,1,0,0,0,2,4,0,0,2,0.400,0.483,0.440,0.923,170,0.040,0.435,20.7%,6.9%,13.8%,2.00,0.2,31,2,R,Lotte Marines,EL
,Tanimura Tsuyoshi,17,33,32,4,6,1,0,1,10,3,0,0,0,0,12,1,0,0,0,0.188,0.212,0.313,0.525,55,0.125,0.263,42.4%,36.4%,3.0%,0.08,-0.0,18,5,L,Lotte Marines,EL
,Tatematsu Yu,40,115,102,10,24,6,3,1,39,22,1,2,1,1,10,10,0,1,4,0.235,0.307,0.382,0.689,102,0.147,0.250,18.3%,8.7%,8.7%,1.00,-0.5,26,3,L,Lotte Marines,EL
,Terachi Ryusei,1,5,5,1,1,0,0,0,1,0,0,0,0,0,0,0,0,0,0,0.200,0.200,0.200,0.400,20,0.000,0.200,0.0%,0.0%,0.0%,,-0.0,19,2,L,Lotte Marines,EL
,Tomiyama Konoshin,19,28,25,4,7,1,0,0,8,4,0,0,0,1,10,2,0,0,1,0.280,0.321,0.320,0.641,89,0.040,0.438,42.9%,35.7%,7.1%,0.20,-0.0,19,2,R,Lotte Marines,EL
,Tomosugi Atsuki,2,7,7,1,2,0,0,0,2,1,0,0,0,0,3,0,0,0,0,0.286,0.286,0.286,0.572,69,0.000,0.500,42.9%,42.9%,0.0%,0.00,-0.0,24,6,R,Lotte Marines,EL
,Ueda Kyuto,49,157,148,17,47,8,0,1,58,9,3,0,0,0,16,7,0,2,4,0.318,0.357,0.392,0.749,120,0.074,0.351,15.3%,10.2%,4.5%,0.44,0.4,23,5,L,Lotte Marines,EL
,Ueda Shota,32,57,48,8,13,0,0,0,13,3,0,0,5,0,6,1,0,3,1,0.271,0.327,0.271,0.598,77,0.000,0.310,12.3%,10.5%,1.8%,0.17,-0.0,27,2,R,Lotte Marines,EL
,Wada Koshiro,51,167,143,19,30,8,1,0,40,12,8,3,8,0,31,15,0,1,3,0.210,0.289,0.280,0.569,69,0.070,0.268,27.5%,18.6%,9.0%,0.48,0.3,26,8,L,Lotte Marines,EL
,Yamaguchi Koki,68,269,215,37,52,10,2,9,93,48,2,0,0,7,54,40,1,7,3,0.242,0.368,0.433,0.801,134,0.191,0.270,38.3%,20.1%,14.9%,0.74,0.2,24,UTL,R,Lotte Marines,EL
,Yamamoto Daito,16,72,63,18,23,7,0,5,45,21,1,0,0,0,8,8,2,1,4,0.365,0.444,0.714,1.158,235,0.349,0.360,29.2%,11.1%,11.1%,1.00,0.1,22,9,R,Lotte Marines,EL
,Yasuda Hisanori,27,94,82,8,22,5,0,1,30,7,0,1,0,1,13,11,0,0,3,0.268,0.351,0.366,0.717,111,0.098,0.304,26.6%,13.8%,11.7%,0.85,-0.4,26,3,L,Lotte Marines,EL
,Akihiro Yuto,13,49,40,4,11,3,1,0,16,7,0,0,0,1,4,8,0,0,1,0.275,0.388,0.400,0.788,140,0.125,0.297,24.5%,8.2%,16.3%,2.00,-0.0,22,3,L,SoftBank Hawks,WL
,Downs Jeter,31,119,101,14,29,11,1,2,48,12,1,0,0,2,14,14,0,2,1,0.287,0.378,0.475,0.853,159,0.188,0.310,25.2%,11.8%,11.8%,1.00,0.1,26,4,R,SoftBank Hawks,WL
,Fujino Keio,40,141,125,23,32,4,0,0,36,14,3,4,0,1,17,12,0,3,2,0.256,0.333,0.288,0.621,90,0.032,0.294,20.6%,12.1%,8.5%,0.71,-0.9,21,8,R,SoftBank Hawks,WL
,Fujita Yutaro,18,43,36,0,7,2,0,0,9,6,0,0,2,0,10,5,0,0,0,0.194,0.293,0.250,0.543,66,0.056,0.269,34.9%,23.3%,11.6%,0.50,-0.0,20,2,R,SoftBank Hawks,WL
,Hirose Ryuta,56,234,202,26,49,6,2,0,59,11,2,0,1,0,38,29,0,2,9,0.243,0.343,0.292,0.635,94,0.049,0.299,28.6%,16.2%,12.4%,0.76,0.2,24,UTL,R,SoftBank Hawks,WL
,Ikhine Itua,68,262,224,26,49,5,4,2,68,25,16,5,3,2,67,29,0,4,3,0.219,0.317,0.304,0.621,89,0.085,0.299,37.4%,25.6%,11.1%,0.43,1.0,20,6,L,SoftBank Hawks,WL
,Imamiya Kenta,8,25,22,1,5,1,0,0,6,4,0,0,0,0,0,3,0,0,1,0.227,0.320,0.273,0.593,81,0.046,0.227,12.0%,0.0%,12.0%,1.00,-0.0,33,6,R,SoftBank Hawks,WL
,Inoue Tomoya,65,276,249,32,62,12,2,2,84,35,2,0,1,3,55,18,0,5,7,0.249,0.309,0.337,0.646,97,0.088,0.308,27.2%,19.9%,6.5%,0.33,0.2,22,3,R,SoftBank Hawks,WL
,Ishimi Soma,35,106,84,14,24,3,2,0,31,6,1,3,0,1,22,21,0,0,1,0.286,0.425,0.369,0.794,143,0.083,0.381,40.6%,20.8%,19.8%,0.95,-0.9,19,5,L,SoftBank Hawks,WL
,Ishizuka Soichiro,27,111,91,20,32,9,0,2,47,13,0,0,0,0,12,11,0,9,0,0.352,0.468,0.516,0.984,200,0.164,0.390,22.5%,10.8%,9.9%,0.92,-0.1,24,3,R,SoftBank Hawks,WL
,Katoh Sora,2,2,2,0,0,0,0,0,0,0,0,0,0,0,0,0,0,0,0,0.000,0.000,0.000,0.000,-101,0.000,0.000,0.0%,0.0%,0.0%,,0.0,22,2,L,SoftBank Hawks,WL
,Katsuren Haruki,21,51,51,3,12,5,0,0,17,4,0,0,0,0,15,0,0,0,0,0.235,0.235,0.333,0.568,72,0.098,0.333,29.4%,29.4%,0.0%,0.00,-0.0,24,UTL,L,SoftBank Hawks,WL
,Kawamura Yuto,22,81,75,10,19,4,1,0,25,6,3,2,0,0,12,4,0,2,1,0.253,0.309,0.333,0.642,95,0.080,0.302,19.8%,14.8%,4.9%,0.33,-0.2,25,8,L,SoftBank Hawks,WL
,Kondoh Kensuke,2,7,6,1,4,0,0,1,7,1,0,0,0,0,0,1,0,0,0,0.667,0.714,1.167,1.881,471,0.500,0.600,28.6%,0.0%,14.3%,1.00,-0.0,31,9,L,SoftBank Hawks,WL
,Kurihara Ryoya,2,7,6,2,2,0,0,1,5,2,0,0,0,1,1,0,0,0,0,0.333,0.286,0.833,1.119,236,0.500,0.200,28.6%,14.3%,0.0%,0.00,-0.0,28,DH,L,SoftBank Hawks,WL
,Kuwahara Shuji,15,44,40,3,10,4,0,0,14,4,1,0,1,0,4,2,0,1,1,0.250,0.302,0.350,0.652,98,0.100,0.278,13.6%,9.1%,4.5%,0.50,0.2,23,8,R,SoftBank Hawks,WL
,Makihara Kota,37,100,90,8,11,2,0,0,13,7,1,0,0,0,27,10,0,0,1,0.122,0.210,0.144,0.354,8,0.022,0.175,37.0%,27.0%,10.0%,0.37,0.1,22,2,L,SoftBank Hawks,WL
,Minei Hiroki,5,10,9,0,4,0,0,0,4,0,0,0,0,0,0,1,0,0,0,0.444,0.500,0.444,0.944,189,0.000,0.444,10.0%,0.0%,10.0%,1.00,-0.0,34,2,R,SoftBank Hawks,WL
,Morishima Ryota,8,19,18,0,2,0,0,0,2,0,0,0,0,0,6,1,0,0,1,0.111,0.158,0.111,0.269,-18,0.000,0.167,36.8%,31.6%,5.3%,0.17,-0.0,21,2,R,SoftBank Hawks,WL
,Nakamura Akira,1,3,2,0,1,0,0,0,1,0,0,0,0,0,1,1,0,0,0,0.500,0.667,0.500,1.167,258,0.000,1.000,66.7%,33.3%,33.3%,1.00,-0.0,35,DH,L,SoftBank Hawks,WL
,Nakazawa Koki,1,4,3,0,1,1,0,0,2,2,0,0,0,1,0,0,0,0,0,0.333,0.250,0.667,0.917,176,0.334,0.250,0.0%,0.0%,0.0%,,0.0,19,DH,R,SoftBank Hawks,WL
,Nishio Ayuma,32,84,71,13,21,1,2,0,26,5,0,1,3,1,9,8,0,1,2,0.296,0.370,0.366,0.736,125,0.070,0.333,20.2%,10.7%,9.5%,0.89,-0.4,25,UTL,L,SoftBank Hawks,WL
,Ohizumi Shuya,32,101,90,12,24,5,0,0,29,9,1,0,0,1,14,9,0,1,2,0.267,0.337,0.322,0.659,101,0.055,0.312,22.8%,13.9%,8.9%,0.64,0.1,25,9,L,SoftBank Hawks,WL
,Ohtomo Sou,27,70,60,4,13,3,0,1,19,7,2,5,1,0,11,6,0,3,0,0.217,0.319,0.317,0.636,94,0.100,0.250,25.7%,15.7%,8.6%,0.55,-1.3,25,2,R,SoftBank Hawks,WL
,Sasagawa Yoshiyasu,66,280,252,42,67,8,2,8,103,41,7,4,0,4,68,21,0,3,1,0.266,0.325,0.409,0.734,123,0.143,0.328,34.6%,24.3%,7.5%,0.31,-0.2,23,9,L,SoftBank Hawks,WL
,Satoh Kota,15,47,41,7,6,1,0,0,7,5,3,0,1,1,13,4,0,0,0,0.146,0.217,0.171,0.388,18,0.025,0.207,36.2%,27.7%,8.5%,0.31,0.5,21,7,R,SoftBank Hawks,WL
,Satoh Naoki,19,77,67,9,20,4,0,2,30,10,4,2,1,0,17,9,0,0,0,0.299,0.382,0.448,0.830,153,0.149,0.375,36.4%,22.1%,11.7%,0.53,-0.0,26,8,R,SoftBank Hawks,WL
,Shigematsu Kaito,30,86,77,9,17,2,1,0,21,6,4,2,0,0,22,9,0,0,2,0.221,0.302,0.273,0.575,75,0.052,0.309,36.0%,25.6%,10.5%,0.41,-0.0,25,8,R,SoftBank Hawks,WL
,Shoji Yudai,60,242,211,23,45,5,0,0,50,17,7,4,4,2,47,24,0,1,3,0.213,0.294,0.237,0.531,62,0.024,0.271,29.3%,19.4%,9.9%,0.51,-0.2,22,6,L,SoftBank Hawks,WL
,Shuto Ukyo,2,7,6,1,3,0,0,0,3,0,1,0,0,0,1,0,0,1,0,0.500,0.571,0.500,1.071,228,0.000,0.600,14.3%,14.3%,0.0%,0.00,0.2,29,8,L,SoftBank Hawks,WL
,Simon Marco,2,8,6,0,1,1,0,0,2,3,0,0,0,2,4,0,0,0,0,0.167,0.125,0.333,0.458,37,0.166,0.250,50.0%,50.0%,0.0%,0.00,0.0,20,9,R,SoftBank Hawks,WL
,Sunagawa Richard,21,72,68,7,11,0,0,4,23,10,0,0,0,1,16,1,0,2,1,0.162,0.194,0.338,0.532,61,0.176,0.143,29.2%,22.2%,1.4%,0.06,-0.0,26,3,R,SoftBank Hawks,WL
,Tanigawara Kenta,33,117,105,11,29,3,2,0,36,15,3,0,0,1,12,11,0,0,3,0.276,0.342,0.343,0.685,109,0.067,0.309,19.7%,10.3%,9.4%,0.92,0.5,28,2,L,SoftBank Hawks,WL
,Uno Shinjiro,10,28,23,5,9,1,0,0,10,2,1,0,2,2,4,1,0,0,0,0.391,0.385,0.435,0.820,150,0.044,0.429,17.9%,14.3%,3.6%,0.25,0.2,18,5,R,SoftBank Hawks,WL
,Watanabe Riku,20,73,67,3,14,3,0,2,23,9,0,1,1,0,24,5,0,0,1,0.209,0.264,0.343,0.607,84,0.134,0.293,42.5%,32.9%,6.8%,0.21,-0.4,24,2,L,SoftBank Hawks,WL
,Yamamoto Keita,50,189,156,23,59,8,4,4,87,28,1,0,0,4,21,23,0,6,1,0.378,0.466,0.558,1.024,212,0.180,0.407,25.4%,11.1%,12.2%,1.10,0.1,25,9,L,SoftBank Hawks,WL
,Yamashita Kyogo,7,19,15,1,4,1,0,0,5,4,0,0,1,0,5,3,0,0,0,0.267,0.389,0.333,0.722,121,0.066,0.400,42.1%,26.3%,15.8%,0.60,-0.0,20,5,R,SoftBank Hawks,WL
,Yanagimachi Tatsuru,6,28,27,4,10,3,0,1,16,6,0,0,0,0,4,1,0,0,1,0.370,0.393,0.593,0.986,199,0.223,0.409,21.4%,14.3%,3.6%,0.25,-0.0,28,7,L,SoftBank Hawks,WL
,Abe Toshiki,21,64,60,1,14,1,0,0,15,5,0,0,0,1,9,3,0,0,3,0.233,0.266,0.250,0.516,57,0.017,0.269,18.8%,14.1%,4.7%,0.33,-0.0,35,3,R,Rakuten Eagles,EL
,Aono Takumi,55,186,169,13,35,9,0,0,44,15,0,0,1,3,45,11,0,2,9,0.207,0.259,0.260,0.519,58,0.053,0.276,30.1%,24.2%,5.9%,0.24,-0.1,19,5,R,Rakuten Eagles,EL
,Asamura Hideto,6,24,21,5,8,3,0,2,17,3,0,0,0,0,2,3,0,0,0,0.381,0.458,0.810,1.268,284,0.429,0.353,29.2%,8.3%,12.5%,1.50,-0.0,34,3,R,Rakuten Eagles,EL
,Egawa Yuto,32,69,66,5,16,5,0,1,24,2,0,0,1,0,20,2,0,0,3,0.242,0.265,0.364,0.629,91,0.122,0.333,33.3%,29.0%,2.9%,0.10,-0.0,24,2,R,Rakuten Eagles,EL
,Franco Maikel,18,47,46,2,15,1,0,0,16,6,0,0,0,1,6,0,0,0,3,0.326,0.319,0.348,0.667,103,0.022,0.366,12.8%,12.8%,0.0%,0.00,-0.0,32,DH,R,Rakuten Eagles,EL
,Gonzalez Oscar,11,42,37,4,13,3,0,0,16,4,1,0,0,0,8,4,0,1,0,0.351,0.429,0.432,0.861,163,0.081,0.448,28.6%,19.0%,9.5%,0.50,0.1,27,7,R,Rakuten Eagles,EL
,Horiuchi Kengo,19,61,48,5,14,3,0,0,17,7,0,0,0,3,4,8,0,2,1,0.292,0.393,0.354,0.747,128,0.062,0.298,19.7%,6.6%,13.1%,2.00,-0.0,28,2,L,Rakuten Eagles,EL
,Irie Daiki,70,271,257,27,65,7,2,2,82,25,3,1,2,4,37,6,0,2,7,0.253,0.271,0.319,0.590,79,0.066,0.284,16.6%,13.7%,2.2%,0.16,0.1,23,4,R,Rakuten Eagles,EL
,Ishihara Tsuyoshi,18,50,47,4,7,0,0,3,16,4,0,0,1,0,12,2,0,0,2,0.149,0.184,0.340,0.524,58,0.191,0.125,34.0%,24.0%,4.0%,0.17,-0.0,26,2,R,Rakuten Eagles,EL
,Itoh Yukiya,9,38,33,4,14,4,0,0,18,3,0,1,0,0,3,5,0,0,0,0.424,0.500,0.545,1.045,219,0.121,0.467,21.1%,7.9%,13.2%,1.67,-0.4,28,5,R,Rakuten Eagles,EL
,Komori Kohtaro,40,143,133,13,31,6,2,0,41,9,6,6,0,1,16,6,0,3,3,0.233,0.280,0.308,0.588,79,0.075,0.263,15.4%,11.2%,4.2%,0.38,-1.0,22,7,R,Rakuten Eagles,EL
,Kurokawa Fumiya,12,41,33,5,12,1,0,1,16,8,1,1,0,1,7,6,0,1,0,0.364,0.463,0.485,0.948,189,0.121,0.423,34.1%,17.1%,14.6%,0.86,-0.2,24,UTL,L,Rakuten Eagles,EL
,Mizukami Kei,44,131,114,10,18,3,0,0,21,9,0,1,0,1,29,15,0,1,8,0.158,0.260,0.184,0.444,36,0.026,0.209,33.6%,22.1%,11.5%,0.52,-0.4,23,2,R,Rakuten Eagles,EL
,Mutoh Atsuki,39,159,135,21,35,5,1,2,48,16,12,2,3,1,28,17,0,3,1,0.259,0.353,0.356,0.709,116,0.097,0.311,29.6%,17.6%,10.7%,0.61,1.3,24,8,L,Rakuten Eagles,EL
,Nagata Sotaro,52,130,115,7,29,2,2,0,35,17,0,1,1,2,9,10,0,2,1,0.252,0.318,0.304,0.622,90,0.052,0.269,14.6%,6.9%,7.7%,1.11,-0.4,24,3,L,Rakuten Eagles,EL
,Nakashima Daisuke,13,59,58,9,19,1,1,2,28,4,5,0,0,1,5,0,0,0,0,0.328,0.322,0.483,0.805,144,0.155,0.327,11.9%,8.5%,0.0%,0.00,0.8,24,7,L,Rakuten Eagles,EL
,Ogoh Yuya,10,42,33,4,10,4,0,0,14,4,2,0,0,1,12,8,2,0,0,0.303,0.429,0.424,0.853,160,0.121,0.455,47.6%,28.6%,19.0%,0.67,0.3,28,9,L,Rakuten Eagles,EL
,Okajima Takero,60,175,159,7,30,9,0,0,39,11,0,0,0,1,31,15,0,0,3,0.189,0.257,0.245,0.502,53,0.056,0.233,26.3%,17.7%,8.6%,0.48,-0.1,35,DH,L,Rakuten Eagles,EL
,Shimauchi Hiroaki,35,97,76,9,22,4,1,1,31,16,0,1,0,1,15,19,1,1,0,0.289,0.433,0.408,0.841,157,0.119,0.344,36.1%,15.5%,19.6%,1.27,-0.4,35,DH,L,Rakuten Eagles,EL
,Suzuki Daichi,1,5,3,1,0,0,0,0,0,0,0,0,0,0,1,2,0,0,0,0.000,0.400,0.000,0.400,26,0.000,0.000,60.0%,20.0%,40.0%,2.00,-0.0,35,DH,L,Rakuten Eagles,EL
,Taira Ryuya,31,77,70,15,28,7,2,0,39,11,5,0,0,0,8,4,0,3,2,0.400,0.455,0.557,1.012,208,0.157,0.452,15.6%,10.4%,5.2%,0.50,0.8,26,5,R,Rakuten Eagles,EL
,Tanaka Kazuki,35,107,96,10,26,5,2,1,38,10,6,1,1,2,19,8,0,0,0,0.271,0.321,0.396,0.717,118,0.125,0.321,26.2%,17.8%,7.5%,0.42,0.7,30,7,S,Rakuten Eagles,EL
,Tanaka Takaya,9,20,17,2,7,2,0,1,12,2,0,0,1,0,1,2,0,0,1,0.412,0.474,0.706,1.180,258,0.294,0.400,20.0%,5.0%,10.0%,2.00,-0.0,32,2,L,Rakuten Eagles,EL
,Tatsumi Konosuke,59,108,100,26,33,0,1,0,35,3,23,3,3,0,15,5,0,0,3,0.330,0.362,0.350,0.712,117,0.020,0.388,18.5%,13.9%,4.6%,0.33,2.9,24,4,R,Rakuten Eagles,EL
,Tatsumi Ryosuke,9,40,35,7,14,4,0,0,18,3,1,0,0,0,6,5,0,0,2,0.400,0.475,0.514,0.989,202,0.114,0.483,27.5%,15.0%,12.5%,0.83,0.1,28,8,L,Rakuten Eagles,EL
,Voit Luke,4,14,11,3,4,0,0,1,7,2,0,0,0,0,5,3,0,0,0,0.364,0.500,0.636,1.136,246,0.272,0.600,64.3%,35.7%,21.4%,0.60,-0.0,34,DH,R,Rakuten Eagles,EL
,Waters RikaiJyumile,47,158,151,14,28,3,2,0,35,8,5,3,0,0,41,6,0,1,6,0.185,0.222,0.232,0.454,38,0.047,0.255,29.7%,25.9%,3.8%,0.15,-0.2,19,6,R,Rakuten Eagles,EL
,Yamada Haruka,46,146,131,8,27,8,1,0,37,11,1,3,2,1,25,11,0,1,3,0.206,0.271,0.282,0.553,68,0.076,0.252,24.7%,17.1%,7.5%,0.44,-0.9,28,3,R,Rakuten Eagles,EL
,Yang Po-Hsiang,60,185,172,16,39,4,6,0,55,17,9,2,6,1,39,5,0,1,1,0.227,0.251,0.320,0.571,73,0.093,0.291,23.8%,21.1%,2.7%,0.13,0.8,20,6,L,Rakuten Eagles,EL
,Yasuda Yuma,2,5,4,0,1,0,0,0,1,1,0,0,0,0,3,1,0,0,0,0.250,0.400,0.250,0.650,100,0.000,1.000,80.0%,60.0%,20.0%,0.33,-0.0,25,2,L,Rakuten Eagles,EL
,Yoshino Soshi,68,260,237,31,60,19,3,2,91,22,2,0,0,3,63,15,0,5,8,0.253,0.308,0.384,0.692,110,0.131,0.331,30.8%,24.2%,5.8%,0.24,0.3,21,8,R,Rakuten Eagles,EL
,Yoshinoh Tsubasa,66,241,214,28,49,8,1,3,68,21,2,0,0,1,61,23,0,3,5,0.229,0.311,0.318,0.629,92,0.089,0.305,36.1%,25.3%,9.5%,0.38,0.2,22,9,L,Rakuten Eagles,EL
,Cedeno Leandro,23,93,86,12,31,4,0,5,50,18,0,0,0,0,15,7,1,0,1,0.360,0.409,0.581,0.990,189,0.221,0.394,29.0%,16.1%,7.5%,0.47,-0.0,26,3,R,Seibu Lions,EL
,Fukuo Haruma,2,4,4,0,2,1,0,0,3,1,0,0,0,0,0,0,0,0,1,0.500,0.500,0.750,1.250,264,0.250,0.500,0.0%,0.0%,0.0%,,-0.0,19,4,L,Seibu Lions,EL
,Furuichi Takeru,34,96,86,8,22,2,0,0,24,6,1,1,2,0,13,7,0,1,1,0.256,0.319,0.279,0.598,78,0.023,0.301,20.8%,13.5%,7.3%,0.54,-0.2,23,2,R,Seibu Lions,EL
,Furukawa Yuudai,42,123,109,14,27,1,2,2,38,16,4,0,3,4,25,6,0,1,1,0.248,0.283,0.349,0.632,87,0.101,0.291,26.8%,20.3%,4.9%,0.24,0.6,21,8,R,Seibu Lions,EL
,Garcia Anthony,4,15,15,2,3,0,0,1,6,1,0,0,0,0,7,0,0,0,0,0.200,0.200,0.400,0.600,76,0.200,0.286,53.3%,46.7%,0.0%,0.00,-0.0,24,7,S,Seibu Lions,EL
,Genda Sosuke,5,18,17,1,4,1,1,0,7,0,0,0,0,0,5,1,0,0,0,0.235,0.278,0.412,0.690,103,0.177,0.333,33.3%,27.8%,5.6%,0.20,-0.0,32,6,L,Seibu Lions,EL
,Higuma Montell,49,142,131,13,31,7,2,0,42,14,3,1,4,1,30,4,0,2,3,0.237,0.268,0.321,0.589,74,0.084,0.304,23.9%,21.1%,2.8%,0.13,0.1,25,8,R,Seibu Lions,EL
,Hiranuma Shota,15,60,51,5,11,2,1,1,18,10,1,0,0,1,4,8,0,0,2,0.216,0.317,0.353,0.670,98,0.137,0.213,21.7%,6.7%,13.3%,2.00,0.1,27,5,L,Seibu Lions,EL
,Hirasawa Taiga,41,128,104,24,30,5,1,7,58,17,2,2,2,0,19,22,0,0,4,0.288,0.413,0.558,0.971,184,0.270,0.295,37.5%,14.8%,17.2%,1.16,-0.4,27,4,L,Seibu Lions,EL
,Hiruma Takuya,56,218,196,23,50,10,1,2,68,14,6,0,3,0,37,17,0,2,3,0.255,0.321,0.347,0.668,98,0.092,0.306,25.7%,17.0%,7.8%,0.46,0.9,24,9,L,Seibu Lions,EL
,Kaneko Koji,21,65,58,4,13,2,0,0,15,6,1,0,2,0,12,4,0,1,1,0.224,0.286,0.259,0.545,62,0.035,0.283,24.6%,18.5%,6.2%,0.33,0.1,21,6,L,Seibu Lions,EL
,Kawano Ryota,21,28,25,0,3,0,1,0,5,2,0,1,1,0,6,2,0,0,1,0.120,0.185,0.200,0.385,16,0.080,0.158,28.6%,21.4%,7.1%,0.33,-0.3,24,4,S,Seibu Lions,EL
,Kishi Junichiro,19,69,62,6,17,3,0,1,23,8,3,1,0,0,8,5,0,2,1,0.274,0.348,0.371,0.719,112,0.097,0.302,20.3%,11.6%,7.2%,0.62,0.2,28,9,R,Seibu Lions,EL
,Kodama Ryosuke,14,54,50,4,16,1,0,0,17,4,2,1,1,0,5,2,0,1,1,0.320,0.358,0.340,0.698,107,0.020,0.356,13.0%,9.3%,3.7%,0.40,-0.0,26,6,R,Seibu Lions,EL
,Koga Teruki,12,32,31,2,6,2,0,0,8,1,0,0,0,0,18,1,0,0,0,0.194,0.219,0.258,0.477,42,0.064,0.462,59.4%,56.2%,3.1%,0.06,-0.0,24,5,L,Seibu Lions,EL
,Koresawa Ryosuke,20,71,65,6,13,2,1,0,17,3,0,1,1,1,10,3,0,1,1,0.200,0.243,0.262,0.505,50,0.062,0.232,18.3%,14.1%,4.2%,0.30,-0.4,25,2,R,Seibu Lions,EL
,Kuriyama Takumi,41,130,110,6,28,5,0,0,33,5,0,0,0,1,20,19,0,0,6,0.255,0.362,0.300,0.662,97,0.045,0.308,30.0%,15.4%,14.6%,0.95,-0.1,41,DH,L,Seibu Lions,EL
,Lin Kuan-Chen,24,93,86,11,27,5,0,1,35,13,0,0,0,1,22,4,0,2,3,0.314,0.355,0.407,0.762,124,0.093,0.406,29.0%,23.7%,4.3%,0.18,-0.0,22,7,R,Seibu Lions,EL
,Makino Shoya,7,26,23,2,4,1,1,0,7,0,0,0,1,0,6,2,0,0,0,0.174,0.240,0.304,0.544,61,0.130,0.235,30.8%,23.1%,7.7%,0.33,-0.0,24,2,L,Seibu Lions,EL
,Matsubara Seiya,50,113,102,16,22,6,3,1,37,12,2,0,2,0,22,9,0,0,2,0.216,0.279,0.363,0.642,89,0.147,0.266,28.3%,19.5%,8.0%,0.41,0.3,30,9,L,Seibu Lions,EL
,Motoyama Hiyu,9,27,23,3,6,2,0,0,8,1,0,0,1,0,4,3,0,0,3,0.261,0.346,0.348,0.694,105,0.087,0.316,25.9%,14.8%,11.1%,0.75,-0.0,26,4,L,Seibu Lions,EL
,Murata Reon,72,288,268,27,74,22,0,4,108,27,1,0,0,3,62,14,0,3,10,0.276,0.316,0.403,0.719,112,0.127,0.341,27.8%,21.5%,4.9%,0.23,0.1,23,3,R,Seibu Lions,EL
,Nakamigawa Yuta,45,175,162,27,53,13,1,9,95,37,5,0,0,0,36,13,0,0,3,0.327,0.377,0.586,0.963,181,0.259,0.376,33.1%,20.6%,7.4%,0.36,0.8,22,7,L,Seibu Lions,EL
,Nakamura Takeya,2,6,6,0,0,0,0,0,0,0,0,0,0,0,1,0,0,0,0,0.000,0.000,0.000,0.000,-95,0.000,0.000,16.7%,16.7%,0.0%,0.00,0.0,41,DH,R,Seibu Lions,EL
,Nakata Keisuke,7,30,25,3,7,1,0,0,8,2,1,0,0,1,2,2,0,2,1,0.280,0.367,0.320,0.687,104,0.040,0.292,13.3%,6.7%,6.7%,1.00,0.2,25,UTL,S,Seibu Lions,EL
,Nomura Daiju,7,23,22,3,4,0,0,2,10,4,0,0,0,0,7,1,0,0,0,0.182,0.217,0.455,0.672,97,0.273,0.154,43.5%,30.4%,4.3%,0.14,-0.0,24,5,R,Seibu Lions,EL
,Nomura Kazuki,1,3,3,0,0,0,0,0,0,0,0,0,0,0,2,0,0,0,0,0.000,0.000,0.000,0.000,-95,0.000,0.000,66.7%,66.7%,0.0%,0.00,0.0,22,,R,Seibu Lions,EL
,Okumura Koichi,19,53,46,4,9,1,0,0,10,1,6,2,0,0,8,7,0,0,1,0.196,0.302,0.217,0.519,56,0.021,0.237,28.3%,15.1%,13.2%,0.88,0.3,25,8,R,Seibu Lions,EL
,Saito Hiroto,7,17,16,2,5,0,0,0,5,2,0,0,0,0,4,1,0,0,0,0.313,0.353,0.313,0.666,98,0.000,0.417,29.4%,23.5%,5.9%,0.25,-0.0,18,6,R,Seibu Lions,EL
,Sato Taiyo,47,195,170,28,51,7,2,1,65,13,6,1,4,0,35,17,0,4,4,0.300,0.377,0.382,0.759,124,0.082,0.373,27.2%,17.9%,8.7%,0.49,0.6,23,6,L,Seibu Lions,EL
,Satoh Ryusei,41,164,145,28,47,11,0,4,70,16,1,0,0,0,27,18,0,1,6,0.324,0.402,0.483,0.885,160,0.159,0.377,29.9%,16.5%,11.0%,0.67,0.1,28,5,R,Seibu Lions,EL
,Takamatsu Wataru,31,47,44,12,14,1,0,1,18,3,10,2,2,0,10,1,0,0,0,0.318,0.333,0.409,0.742,118,0.091,0.394,25.5%,21.3%,2.1%,0.10,1.0,25,9,L,Seibu Lions,EL
,Takizawa Natsuo,3,11,8,1,1,1,0,0,2,1,0,0,1,1,0,1,0,0,0,0.125,0.200,0.250,0.450,34,0.125,0.111,9.1%,0.0%,9.1%,1.00,-0.0,21,UTL,L,Seibu Lions,EL
,Tatsuyama Haruki,1,1,1,0,0,0,0,0,0,0,0,0,0,0,0,0,0,0,0,0.000,0.000,0.000,0.000,-95,0.000,0.000,0.0%,0.0%,0.0%,,0.0,19,2,R,Seibu Lions,EL
,Tsuge Sena,34,105,96,6,16,4,1,1,25,16,0,0,1,0,19,6,0,2,2,0.167,0.231,0.260,0.491,46,0.093,0.197,24.8%,18.1%,5.7%,0.32,-0.0,28,2,R,Seibu Lions,EL
,Watanabe Kento,32,99,92,8,18,5,0,4,35,18,1,0,0,1,27,5,0,1,1,0.196,0.242,0.380,0.622,83,0.184,0.226,36.4%,27.3%,5.1%,0.19,0.1,26,5,R,Seibu Lions,EL
,Watanabe Seiya,6,19,15,2,4,1,1,0,7,3,0,0,0,2,1,2,0,0,0,0.267,0.316,0.467,0.783,130,0.200,0.250,15.8%,5.3%,10.5%,2.00,-0.0,22,7,R,Seibu Lions,EL
,Yamamura Takayoshi,30,124,115,17,26,3,0,3,38,18,0,0,1,2,16,6,0,0,3,0.226,0.260,0.330,0.590,75,0.104,0.235,20.2%,12.9%,4.8%,0.38,-0.0,22,UTL,L,Seibu Lions,EL
,Yamanobe Kakeru,14,34,31,3,8,0,0,0,8,1,2,0,0,0,4,1,0,2,1,0.258,0.324,0.258,0.582,74,0.000,0.296,14.7%,11.8%,2.9%,0.25,0.3,31,4,R,Seibu Lions,EL
,Arizono Naoki,68,269,237,46,68,9,3,14,125,47,1,0,0,2,58,28,1,2,10,0.287,0.364,0.527,0.891,157,0.240,0.323,37.2%,21.6%,10.4%,0.48,0.1,22,5,R,Nipponham Fighters,EL
,Asama Daiki,29,95,75,13,22,3,1,3,36,14,2,0,0,4,7,15,0,1,2,0.293,0.400,0.480,0.880,155,0.187,0.275,26.3%,7.4%,15.8%,2.14,0.3,29,8,L,Nipponham Fighters,EL
,Fujita Taisei,22,75,70,6,16,3,1,0,21,2,0,0,2,0,22,2,0,1,3,0.229,0.260,0.300,0.560,65,0.071,0.333,32.0%,29.3%,2.7%,0.09,-0.0,20,9,L,Nipponham Fighters,EL
,Furukawa Yudai,36,78,68,12,20,6,0,0,26,13,0,0,0,2,20,7,0,1,1,0.294,0.359,0.382,0.741,116,0.088,0.400,34.6%,25.6%,9.0%,0.35,-0.0,27,UTL,L,Nipponham Fighters,EL
,Hamada Taiki,26,89,86,3,20,4,0,0,24,5,0,0,2,1,31,0,0,0,4,0.233,0.230,0.279,0.509,50,0.046,0.357,34.8%,34.8%,0.0%,0.00,-0.0,19,6,R,Nipponham Fighters,EL
,Hirata Daiju,26,59,54,10,8,3,0,0,11,0,2,0,2,0,18,3,0,0,1,0.148,0.193,0.204,0.397,19,0.056,0.222,35.6%,30.5%,5.1%,0.17,0.3,19,9,L,Nipponham Fighters,EL
,Hoshino Hinode,26,84,77,6,13,5,0,1,21,4,1,0,0,0,35,7,0,0,0,0.169,0.238,0.273,0.511,51,0.104,0.293,51.2%,41.7%,8.3%,0.20,0.1,20,8,R,Nipponham Fighters,EL
,Hosokawa Ryohei,50,186,156,15,43,4,5,1,60,16,15,3,7,2,23,20,0,1,1,0.276,0.358,0.385,0.743,116,0.109,0.313,23.7%,12.4%,10.8%,0.87,1.5,23,6,L,Nipponham Fighters,EL
,Imagawa Yuma,32,99,86,17,32,11,1,0,45,12,1,0,0,3,12,7,0,3,5,0.372,0.424,0.523,0.947,173,0.151,0.416,19.2%,12.1%,7.1%,0.58,0.1,28,8,R,Nipponham Fighters,EL
,Ishii Kazunari,8,29,26,3,10,1,0,2,17,5,1,0,1,0,3,2,0,0,0,0.385,0.429,0.654,1.083,211,0.269,0.381,24.1%,10.3%,6.9%,0.67,0.2,31,4,L,Nipponham Fighters,EL
,Kamikawabata Daigo,24,91,74,9,20,2,0,0,22,8,1,1,2,1,4,13,0,1,4,0.270,0.382,0.297,0.679,99,0.027,0.282,18.7%,4.4%,14.3%,3.25,-0.2,28,4,L,Nipponham Fighters,EL
,Martinez Ariel,12,41,35,7,11,3,0,3,23,13,1,0,0,1,3,5,0,0,1,0.314,0.390,0.657,1.047,200,0.343,0.267,26.8%,7.3%,12.2%,1.67,0.2,29,DH,R,Nipponham Fighters,EL
,Matsumoto Go,25,100,87,8,28,4,0,2,38,8,2,4,2,0,3,11,0,0,2,0.322,0.398,0.437,0.835,142,0.115,0.317,16.0%,3.0%,11.0%,3.67,-1.0,31,7,R,Nipponham Fighters,EL
,Miyazaki Kazuki,53,175,158,15,34,1,2,0,39,7,5,5,5,1,21,10,0,1,6,0.215,0.265,0.247,0.512,52,0.032,0.246,17.7%,12.0%,5.7%,0.48,-0.9,23,9,R,Nipponham Fighters,EL
,Mizuno Tatsuki,9,32,28,6,10,1,0,1,14,4,4,2,0,0,2,2,0,2,1,0.357,0.438,0.500,0.938,171,0.143,0.360,15.6%,6.2%,6.2%,1.00,0.0,24,6,L,Nipponham Fighters,EL
,Mizutani Shun,23,92,84,12,25,3,0,1,31,6,1,0,0,1,15,6,0,1,5,0.298,0.348,0.369,0.717,109,0.071,0.348,23.9%,16.3%,6.5%,0.40,0.1,24,7,R,Nipponham Fighters,EL
,Myose Ryosuke,44,157,147,4,27,3,0,1,33,5,0,0,1,0,35,8,0,1,4,0.184,0.231,0.224,0.455,35,0.040,0.234,28.0%,22.3%,5.1%,0.23,-0.0,19,4,R,Nipponham Fighters,EL
,Nakashima Takuya,27,50,36,9,9,1,0,0,10,2,5,0,5,0,8,9,0,0,0,0.250,0.400,0.278,0.678,99,0.028,0.321,34.0%,16.0%,18.0%,1.12,0.8,34,UTL,L,Nipponham Fighters,EL
,Narama Taiki,1,5,4,1,2,0,0,0,2,0,0,0,0,0,1,1,0,0,1,0.500,0.600,0.500,1.100,218,0.000,0.667,40.0%,20.0%,20.0%,1.00,-0.0,25,6,R,Nipponham Fighters,EL
,Nomura Yuki,5,16,14,2,7,1,1,0,10,3,0,0,0,1,2,1,0,0,0,0.500,0.500,0.714,1.214,248,0.214,0.538,18.8%,12.5%,6.2%,0.50,-0.0,25,3,R,Nipponham Fighters,EL
,Sakaguchi Uta,46,171,156,15,26,2,1,3,39,12,2,1,4,0,44,10,0,1,6,0.167,0.222,0.250,0.472,40,0.083,0.211,33.3%,25.7%,5.8%,0.23,-0.0,22,3,L,Nipponham Fighters,EL
,Shibata Reo,42,101,96,6,15,4,1,2,27,13,0,0,0,1,28,4,0,0,4,0.156,0.188,0.281,0.469,38,0.125,0.194,33.7%,27.7%,4.0%,0.14,-0.0,19,DH,L,Nipponham Fighters,EL
,Shimizu Yushi,39,111,94,13,23,7,0,2,36,13,0,0,1,1,19,12,0,3,5,0.245,0.345,0.383,0.728,112,0.138,0.284,29.7%,17.1%,10.8%,0.63,-0.0,29,2,R,Nipponham Fighters,EL
,Shintoh Yuya,41,144,135,6,30,5,2,1,42,13,0,0,1,1,26,7,0,0,3,0.222,0.259,0.311,0.570,67,0.089,0.266,23.6%,18.1%,4.9%,0.27,-0.0,23,2,R,Nipponham Fighters,EL
,Tamiya Yua,9,33,27,7,9,3,1,0,14,5,0,1,1,0,2,4,0,1,0,0.333,0.438,0.519,0.957,176,0.186,0.360,18.2%,6.1%,12.1%,2.00,-0.3,25,2,L,Nipponham Fighters,EL
,Umebayashi Yuki,34,89,82,10,27,6,1,2,41,13,1,0,2,0,7,5,0,0,3,0.329,0.368,0.500,0.868,151,0.171,0.342,15.7%,7.9%,5.6%,0.71,0.1,27,2,R,Nipponham Fighters,EL
,Wakabayashi Akihiro,30,81,70,6,15,2,0,0,17,7,0,0,0,1,19,10,0,0,2,0.214,0.309,0.243,0.552,63,0.029,0.288,35.8%,23.5%,12.3%,0.53,-0.0,31,UTL,S,Nipponham Fighters,EL
,Yamagata Shu,12,43,40,4,8,2,0,0,10,0,0,0,0,0,6,3,0,0,1,0.200,0.256,0.250,0.506,50,0.050,0.235,20.9%,14.0%,7.0%,0.50,-0.0,23,6,R,Nipponham Fighters,EL
,Yamaguchi Ataru,40,135,121,14,30,7,1,1,42,15,1,0,0,1,24,11,0,2,4,0.248,0.319,0.347,0.666,95,0.099,0.299,26.7%,17.8%,8.1%,0.46,0.1,26,7,R,Nipponham Fighters,EL
,Yazawa Kota,7,23,21,4,9,1,2,0,14,2,2,2,0,0,4,2,0,0,0,0.429,0.478,0.667,1.145,228,0.238,0.529,26.1%,17.4%,8.7%,0.50,-0.3,24,8,L,Nipponham Fighters,EL
,Yonamine Micah,31,83,78,5,21,6,0,3,36,10,0,0,0,1,23,4,0,0,1,0.269,0.301,0.462,0.763,121,0.193,0.340,36.1%,27.7%,4.8%,0.17,-0.0,24,3,R,Nipponham Fighters,EL
,Yoshida Kengo,10,33,30,6,9,1,1,3,21,5,0,0,1,0,5,2,0,0,1,0.300,0.344,0.700,1.044,198,0.400,0.273,30.3%,15.2%,6.1%,0.40,-0.0,24,DH,R,Nipponham Fighters,EL
,Asai Reo,52,171,149,24,39,13,0,3,61,13,0,1,0,2,43,20,0,0,0,0.262,0.345,0.409,0.754,142,0.147,0.343,38.6%,25.1%,11.7%,0.47,-0.4,25,9,L,Oisix Albirex,EL
,Banzai Tamon,11,12,10,0,1,0,0,0,1,0,0,0,0,0,4,2,0,0,0,0.100,0.250,0.100,0.350,8,0.000,0.167,50.0%,33.3%,16.7%,0.50,-0.0,23,3,L,Oisix Albirex,EL
,Chinen Taisei,79,322,303,47,90,11,5,8,135,43,4,6,0,3,36,14,0,2,2,0.297,0.329,0.446,0.775,148,0.149,0.313,18.0%,11.2%,4.3%,0.39,-1.4,25,8,L,Oisix Albirex,EL
,Fujiwara Daichi,56,185,163,16,39,1,0,1,43,15,5,0,12,2,23,8,0,0,1,0.239,0.272,0.264,0.536,69,0.025,0.270,17.3%,12.4%,4.3%,0.35,0.8,25,6,S,Oisix Albirex,EL
,Higa Tenyu,3,2,2,0,0,0,0,0,0,0,0,0,0,0,0,0,0,0,0,0.000,0.000,0.000,0.000,-110,0.000,0.000,0.0%,0.0%,0.0%,,0.0,24,DH,L,Oisix Albirex,EL
,Katano Yu,3,5,5,0,1,0,0,0,1,0,0,0,0,0,1,0,0,0,0,0.200,0.200,0.200,0.400,24,0.000,0.250,20.0%,20.0%,0.0%,0.00,-0.0,20,2,R,Oisix Albirex,EL
,Katayama Yu,28,71,59,4,11,2,0,0,13,4,0,0,6,1,17,4,0,1,0,0.186,0.246,0.220,0.466,46,0.034,0.256,29.6%,23.9%,5.6%,0.24,-0.0,26,2,R,Oisix Albirex,EL
,Kishikawa Kazuhiro,20,50,40,7,12,1,0,0,13,1,0,1,3,0,6,5,0,2,2,0.300,0.404,0.325,0.729,135,0.025,0.353,22.0%,12.0%,10.0%,0.83,-0.4,18,6,L,Oisix Albirex,EL
,Konishi Keiji,69,219,197,13,35,8,1,2,51,17,0,0,11,2,64,6,0,3,6,0.178,0.212,0.259,0.471,47,0.081,0.248,32.9%,29.2%,2.7%,0.09,-0.0,27,3,R,Oisix Albirex,EL
,Nagasawa Renji,36,115,95,9,17,1,0,1,21,8,0,0,5,0,21,13,0,2,2,0.179,0.291,0.221,0.512,62,0.042,0.219,30.4%,18.3%,11.3%,0.62,-0.0,27,4,R,Oisix Albirex,EL
,Nakayama Shota,51,149,132,9,35,7,1,2,50,21,0,0,0,1,33,14,0,2,3,0.265,0.342,0.379,0.721,131,0.114,0.337,32.9%,22.1%,9.4%,0.42,-0.1,28,DH,R,Oisix Albirex,EL
,Nakazawa Hideaki,50,150,132,12,29,5,0,1,37,16,0,0,3,1,13,11,0,3,3,0.220,0.293,0.280,0.573,82,0.060,0.235,16.7%,8.7%,7.3%,0.85,-0.1,23,2,R,Oisix Albirex,EL
,Okawa Yodai,71,301,275,28,79,17,3,5,117,34,0,0,0,0,57,23,0,3,8,0.287,0.349,0.425,0.774,148,0.138,0.347,28.2%,18.9%,7.6%,0.40,-0.1,25,7,R,Oisix Albirex,EL
,Rodriguez Luis,12,38,37,0,8,1,0,0,9,1,0,0,0,0,10,1,0,0,0,0.216,0.237,0.243,0.480,50,0.027,0.296,28.9%,26.3%,2.6%,0.10,-0.0,22,3,R,Oisix Albirex,EL
,Sakaguchi Daisuke,34,83,75,8,20,1,1,0,23,6,3,2,0,2,11,6,0,0,1,0.267,0.313,0.307,0.620,97,0.040,0.303,20.5%,13.3%,7.2%,0.55,-0.2,25,9,L,Oisix Albirex,EL
,Sato Kei,16,42,38,1,9,1,0,0,10,1,1,0,3,0,7,1,0,0,3,0.237,0.256,0.263,0.519,63,0.026,0.290,19.0%,16.7%,2.4%,0.14,0.2,22,6,R,Oisix Albirex,EL
,Shinoda Taisei,21,50,41,5,6,0,0,0,6,1,0,1,1,0,8,8,0,0,1,0.146,0.286,0.146,0.432,36,0.000,0.182,32.0%,16.0%,16.0%,1.00,-0.4,25,8,L,Oisix Albirex,EL
,Sonobe Keita,71,277,256,27,68,7,1,1,80,23,4,0,2,1,44,12,0,6,5,0.266,0.313,0.313,0.626,99,0.047,0.316,20.6%,15.9%,4.3%,0.27,0.6,25,5,R,Oisix Albirex,EL
,Taka Yoshihiro,24,42,33,10,7,1,1,1,13,2,4,2,4,0,5,5,0,0,1,0.212,0.316,0.394,0.710,127,0.182,0.222,26.2%,11.9%,11.9%,1.00,0.0,21,4,R,Oisix Albirex,EL
,Takayama Shun,63,254,217,17,62,6,0,0,68,26,0,0,0,2,33,35,0,0,9,0.286,0.382,0.313,0.695,123,0.027,0.333,26.8%,13.0%,13.8%,1.06,-0.1,32,DH,L,Oisix Albirex,EL
,Tanaka Shunta,34,125,104,9,23,4,0,0,27,5,4,1,9,2,19,10,0,0,2,0.221,0.284,0.260,0.544,72,0.039,0.264,23.2%,15.2%,8.0%,0.53,0.3,31,4,L,Oisix Albirex,EL
,Uehara Hiroki,20,35,35,2,9,1,1,0,12,1,0,2,0,0,7,0,0,0,1,0.257,0.257,0.343,0.600,90,0.086,0.321,20.0%,20.0%,0.0%,0.00,-0.7,23,9,L,Oisix Albirex,EL
,Urushihara Genta,41,121,105,15,25,3,0,0,28,9,2,1,5,1,22,9,0,1,1,0.238,0.302,0.267,0.569,81,0.029,0.298,25.6%,18.2%,7.4%,0.41,-0.0,22,4,L,Oisix Albirex,EL
,Yamada Ryusei,7,14,14,0,1,0,1,0,3,0,0,0,0,0,5,0,0,0,0,0.071,0.071,0.214,0.285,-17,0.143,0.111,35.7%,35.7%,0.0%,0.00,0.0,19,6,R,Oisix Albirex,EL
,Yamada Sora,18,54,52,5,16,3,1,0,21,4,0,0,2,0,6,0,0,0,1,0.308,0.308,0.404,0.712,127,0.096,0.348,11.1%,11.1%,0.0%,0.00,-0.0,23,2,L,Oisix Albirex,EL
,Yoh Daikan,35,113,100,11,21,4,0,2,31,4,0,0,0,1,33,12,0,0,3,0.210,0.292,0.310,0.602,91,0.100,0.288,41.6%,29.2%,10.6%,0.36,-0.0,38,DH,R,Oisix Albirex,EL
,Eguchi Soichiro,7,11,10,2,0,0,0,0,0,0,0,0,0,0,3,0,0,1,1,0.000,0.091,0.000,0.091,-68,0.000,0.000,27.3%,27.3%,0.0%,0.00,-0.0,21,DH,R,HAYATE Ventures,WL
,Fukakusa Yuhya,47,148,124,11,32,8,0,0,40,13,0,0,3,2,18,13,1,6,2,0.258,0.352,0.323,0.675,101,0.065,0.296,20.9%,12.2%,8.8%,0.72,-0.1,23,2,R,HAYATE Ventures,WL
,Fukatani Riki,41,128,118,8,26,3,0,0,29,8,0,0,0,1,17,9,0,0,3,0.220,0.273,0.246,0.519,55,0.026,0.255,20.3%,13.3%,7.0%,0.53,-0.0,25,2,L,HAYATE Ventures,WL
,Hirao Shuto,54,169,152,7,24,4,1,0,30,6,0,2,4,0,40,10,0,3,1,0.158,0.224,0.197,0.421,27,0.039,0.214,29.6%,23.7%,5.9%,0.25,-0.7,22,9,L,HAYATE Ventures,WL
,Inada Taiyo,17,8,6,4,1,0,0,0,1,1,0,0,0,0,3,1,0,1,0,0.167,0.375,0.167,0.542,64,0.000,0.333,50.0%,37.5%,12.5%,0.33,-0.0,19,2,R,HAYATE Ventures,WL
,Jang Hyeon-Jin,26,75,64,2,10,5,0,0,15,4,0,0,2,1,23,7,0,1,1,0.156,0.247,0.234,0.481,44,0.078,0.238,40.0%,30.7%,9.3%,0.30,-0.0,21,UTL,L,HAYATE Ventures,WL
,Kuramoto Toshihiko,75,292,269,17,76,7,2,0,87,25,2,0,0,2,36,17,0,4,7,0.283,0.332,0.323,0.655,95,0.040,0.323,18.2%,12.3%,5.8%,0.47,0.2,34,5,L,HAYATE Ventures,WL
,Masuda Shoma,61,240,213,19,54,9,0,0,63,15,7,8,6,1,35,17,0,3,3,0.254,0.316,0.296,0.612,82,0.042,0.302,21.7%,14.6%,7.1%,0.49,-1.5,27,9,R,HAYATE Ventures,WL
,Matsuda Kenshiro,41,110,103,7,17,3,0,1,23,7,1,1,2,0,32,3,0,2,3,0.165,0.204,0.223,0.427,28,0.058,0.229,32.7%,29.1%,2.7%,0.09,-0.2,25,UTL,R,HAYATE Ventures,WL
,Matsumoto Jin,15,11,10,0,1,0,0,0,1,0,0,1,0,0,5,1,0,0,0,0.100,0.182,0.100,0.282,-13,0.000,0.200,54.5%,45.5%,9.1%,0.20,-0.3,19,DH,L,HAYATE Ventures,WL
,Nakamura Raiya,80,318,285,29,64,9,2,2,83,21,0,0,3,2,54,22,0,6,7,0.225,0.292,0.291,0.583,74,0.066,0.268,24.5%,17.0%,6.9%,0.41,-0.1,25,6,L,HAYATE Ventures,WL
,Nishikawa Ryosuke,62,223,207,12,41,9,1,1,55,17,0,0,1,2,51,10,0,3,10,0.198,0.243,0.266,0.509,52,0.068,0.255,27.8%,22.9%,4.5%,0.20,-0.1,23,3,R,HAYATE Ventures,WL
,Noguchi Taishi,29,95,85,6,18,2,0,0,20,3,0,0,0,0,18,10,0,0,5,0.212,0.295,0.235,0.530,59,0.023,0.269,29.5%,18.9%,10.5%,0.56,-0.0,24,DH,R,HAYATE Ventures,WL
,Shinohara Reo,72,282,256,18,55,11,0,0,66,18,10,8,8,1,57,11,0,6,3,0.215,0.263,0.258,0.521,56,0.043,0.275,24.1%,20.2%,3.9%,0.19,-1.0,24,8,R,HAYATE Ventures,WL
,Shiozaki Eita,35,118,107,8,24,6,1,0,32,8,1,0,0,1,25,9,0,1,1,0.224,0.288,0.299,0.587,75,0.075,0.289,28.8%,21.2%,7.6%,0.36,0.1,23,DH,L,HAYATE Ventures,WL
,Suzuki Shohei,73,306,284,22,81,9,1,1,95,18,7,2,2,3,28,16,0,1,4,0.285,0.322,0.335,0.657,95,0.050,0.310,14.7%,9.2%,5.2%,0.57,0.4,27,7,L,HAYATE Ventures,WL
,Takahashi Shun,40,108,99,2,21,2,1,0,25,3,0,0,3,0,17,6,0,0,4,0.212,0.257,0.253,0.510,52,0.041,0.256,21.3%,15.7%,5.6%,0.35,-0.0,27,3,R,HAYATE Ventures,WL
,Watsuji Daiki,78,274,253,22,65,2,1,1,72,13,2,2,4,1,24,16,1,0,3,0.257,0.300,0.285,0.585,74,0.028,0.279,15.0%,8.8%,5.8%,0.67,-0.4,25,4,L,HAYATE Ventures,WL
