Player,Age,Pos,Inn,TZR,TZR/143,RngR,ARM,DPR,ErrR,Pos Adj,Framing,Blocking,Team,League
Wakabayashi Gakuto,27,7,275.0,-6.5,-30.4,-6.1,-0.4,,0.0,-2.6,,,Yomiuri Giants,CL
Wakabayashi Gakuto,27,8,68.0,-0.6,-11.4,-0.3,-0.3,,0.0,0.2,,,Yomiuri Giants,CL
Wakabayashi Gakuto,27,9,13.0,0.4,39.6,0.4,0.0,,0.0,-0.1,,,Yomiuri Giants,CL
Nishikawa Haruki,33,7,16.2,0.0,0.0,0.3,-0.2,,0.0,-0.2,,,Yakult Swallows,CL
Nishikawa Haruki,33,8,115.0,-1.5,-16.8,-0.5,-0.2,,-0.8,0.4,,,Yakult Swallows,CL
Nishikawa Haruki,33,9,77.2,1.7,28.2,0.5,1.2,,0.0,-0.3,,,Yakult Swallows,CL
Kajiwara Kouki,25,8,262.0,-5.0,-24.6,-4.7,-0.4,,0.1,0.9,,,DeNA BayStars,CL
Kajiwara Kouki,25,9,29.0,-0.4,-17.8,-0.5,0.1,,0.0,-0.1,,,DeNA BayStars,CL
Okabayashi Yuki,23,8,786.1,-9.4,-15.4,-6.9,-2.7,,0.3,2.6,,,Chunichi Dragons,CL
Futamata Shoichi,22,3,44.0,2.3,67.3,1.8,,0.2,0.3,-0.5,,,Hiroshima Carp,CL
Futamata Shoichi,22,5,33.0,0.8,31.2,1.2,,-0.1,-0.3,-0.1,,,Hiroshima Carp,CL
Futamata Shoichi,22,6,27.0,0.1,4.8,-0.2,,-0.1,0.3,0.2,,,Hiroshima Carp,CL
Futamata Shoichi,22,7,2.0,0.3,193.0,0.3,0.0,,0.0,0.0,,,Hiroshima Carp,CL
Futamata Shoichi,22,8,65.0,3.3,65.3,2.2,1.1,,0.0,0.2,,,Hiroshima Carp,CL
Futamata Shoichi,22,9,31.0,0.7,29.1,0.3,0.4,,0.0,-0.1,,,Hiroshima Carp,CL
Chikamoto Koji,30,8,824.2,9.7,15.1,8.6,0.9,,0.3,2.7,,,Hanshin Tigers,CL
Hasegawa Shinya,23,9,714.0,2.6,4.7,2.2,0.1,,0.2,-2.8,,,Seibu Lions,PL
Yazawa Kota,24,7,124.0,5.0,51.9,5.2,-0.2,,0.0,-1.2,,,Nipponham Fighters,PL
Yazawa Kota,24,8,75.0,-2.3,-39.5,-2.7,1.2,,-0.8,0.2,,,Nipponham Fighters,PL
Yazawa Kota,24,9,62.0,-0.8,-16.6,-0.4,-0.4,,0.0,-0.2,,,Nipponham Fighters,PL
Yazawa Kota,24,DH,1.0,,,,,,,0.0,,,Nipponham Fighters,PL
Nakagawa Keita,29,8,334.1,-7.0,-26.9,-6.8,-0.3,,0.1,1.1,,,ORIX Buffaloes,PL
Nakagawa Keita,29,9,255.2,-4.8,-24.2,-4.1,-0.8,,0.1,-1.0,,,ORIX Buffaloes,PL
Kobukata Hiroto,29,4,627.1,-4.3,-8.8,-3.6,,-0.9,0.2,1.7,,,Rakuten Eagles,PL
Kobukata Hiroto,29,DH,2.0,,,,,,,0.0,,,Rakuten Eagles,PL
Shuto Ukyo,29,8,527.2,10.5,25.6,7.5,2.7,,0.2,1.8,,,SoftBank Hawks,PL
Nishikawa Misho,22,7,351.0,4.0,14.7,2.8,1.1,,0.1,-3.3,,,Lotte Marines,PL
Nishikawa Misho,22,8,4.0,-0.5,-160.9,-0.5,0.0,,0.0,0.0,,,Lotte Marines,PL
Nishikawa Misho,22,9,9.0,-0.1,-14.3,-0.1,0.0,,0.0,0.0,,,Lotte Marines,PL
Nishikawa Misho,22,DH,17.0,,,,,,,-0.2,,,Lotte Marines,PL
Wada Koshiro,26,7,5.0,1.1,283.1,1.1,0.0,,0.0,0.0,,,Lotte Marines,PL
Wada Koshiro,26,9,4.0,0.0,0.0,0.0,0.0,,0.0,0.0,,,Lotte Marines,PL
Wada Koshiro,26,DH,3.0,,,,,,,0.0,,,Lotte Marines,PL
Masuda Shu,26,3,3.0,0.6,257.4,0.4,,0.2,0.1,0.0,,,Yakult Swallows,CL
Masuda Shu,26,7,2.0,0.0,0.0,0.0,0.0,,0.0,0.0,,,Yakult Swallows,CL
Masuda Shu,26,8,9.0,-0.6,-85.8,-0.6,0.0,,0.0,0.0,,,Yakult Swallows,CL
Masuda Shu,26,9,114.0,0.6,6.8,1.3,-0.7,,0.0,-0.5,,,Yakult Swallows,CL
Mannami Chusei,25,7,13.0,1.1,108.9,1.1,0.0,,0.0,-0.1,,,Nipponham Fighters,PL
Mannami Chusei,25,8,34.0,-2.0,-75.7,-1.7,-0.3,,0.0,0.1,,,Nipponham Fighters,PL
Mannami Chusei,25,9,668.0,7.1,13.7,8.8,-0.2,,-1.5,-2.6,,,Nipponham Fighters,PL
Oka Hiromi,33,3,9.0,0.4,57.2,0.3,,0.0,0.1,-0.1,,,Lotte Marines,PL
Oka Hiromi,33,7,107.2,2.5,29.9,1.6,0.9,,0.0,-1.0,,,Lotte Marines,PL
Oka Hiromi,33,8,21.0,-0.7,-42.9,-0.7,0.0,,0.0,0.1,,,Lotte Marines,PL
Oka Hiromi,33,9,81.0,-2.3,-36.5,-1.7,-0.6,,0.0,-0.3,,,Lotte Marines,PL
Oka Hiromi,33,DH,50.0,,,,,,,-0.6,,,Lotte Marines,PL
Akahane Yoshihiro,25,3,8.2,0.2,29.6,0.2,,0.0,0.0,-0.1,,,Yakult Swallows,CL
Akahane Yoshihiro,25,4,108.0,0.7,8.3,0.0,,0.2,0.4,0.3,,,Yakult Swallows,CL
Akahane Yoshihiro,25,5,134.2,-0.3,-2.9,-1.0,,0.6,0.1,-0.5,,,Yakult Swallows,CL
Akahane Yoshihiro,25,6,31.0,-2.2,-91.3,-1.6,,0.0,-0.6,0.3,,,Yakult Swallows,CL
Akahane Yoshihiro,25,7,4.0,-0.6,-193.0,-0.6,0.0,,0.0,0.0,,,Yakult Swallows,CL
Akahane Yoshihiro,25,8,106.0,-0.5,-6.1,1.0,-1.5,,0.0,0.4,,,Yakult Swallows,CL
Akahane Yoshihiro,25,9,46.1,1.9,52.8,2.1,-0.3,,0.0,-0.2,,,Yakult Swallows,CL
Okoye Louis,27,7,2.0,0.0,0.0,0.0,0.0,,0.0,0.0,,,Yomiuri Giants,CL
Okoye Louis,27,8,247.1,-1.6,-8.3,-1.7,-0.1,,0.1,0.8,,,Yomiuri Giants,CL
Matsumoto Go,31,7,43.1,-1.1,-32.7,-1.0,-0.1,,0.0,-0.4,,,Nipponham Fighters,PL
Matsumoto Go,31,8,200.1,-2.9,-18.6,-2.8,-0.1,,0.1,0.7,,,Nipponham Fighters,PL
Matsumoto Go,31,9,1.0,-0.3,-386.1,-0.3,0.0,,0.0,0.0,,,Nipponham Fighters,PL
Fukuda Shuhei,32,7,45.1,2.0,56.8,1.3,0.6,,0.0,-0.4,,,ORIX Buffaloes,PL
Fukuda Shuhei,32,8,58.2,1.1,24.1,0.3,0.7,,0.0,0.2,,,ORIX Buffaloes,PL
Fukuda Shuhei,32,DH,6.0,,,,,,,-0.1,,,ORIX Buffaloes,PL
Ogoh Yuya,28,8,2.0,0.5,321.8,0.4,0.0,,0.0,0.0,,,Rakuten Eagles,PL
Ogoh Yuya,28,9,316.1,2.2,9.0,3.0,-0.9,,0.1,-1.3,,,Rakuten Eagles,PL
Takabe Akito,27,8,403.0,5.1,16.3,6.8,-1.0,,-0.7,1.3,,,Lotte Marines,PL
Takabe Akito,27,DH,2.0,,,,,,,0.0,,,Lotte Marines,PL
Ohmori Minoru,28,8,222.2,-1.5,-8.7,-0.6,-1.0,,0.1,0.7,,,Hiroshima Carp,CL
Nakayama Raito,23,3,3.1,0.0,0.0,0.0,,0.0,0.0,0.0,,,Yomiuri Giants,CL
Nakayama Raito,23,4,2.0,-0.4,-257.4,-0.4,,0.0,0.0,0.0,,,Yomiuri Giants,CL
Nakayama Raito,23,5,99.0,-1.1,-14.3,-2.2,,0.4,0.6,-0.4,,,Yomiuri Giants,CL
Nakayama Raito,23,7,161.0,0.3,2.4,0.0,0.3,,0.0,-1.5,,,Yomiuri Giants,CL
Nakayama Raito,23,DH,17.2,,,,,,,-0.2,,,Yomiuri Giants,CL
Sakamoto Hayato,36,5,272.2,-2.8,-13.2,-2.2,,-0.2,-0.4,-1.0,,,Yomiuri Giants,CL
Sakamoto Hayato,36,DH,20.0,,,,,,,-0.2,,,Yomiuri Giants,CL
Yoshida Kengo,24,2,17.0,-0.6,-45.4,,-0.3,,-0.2,0.2,-1.0,-0.2,Nipponham Fighters,PL
Yoshida Kengo,24,3,28.0,1.2,55.2,1.1,,0.0,0.2,-0.3,,,Nipponham Fighters,PL
Yoshida Kengo,24,7,125.0,-1.2,-12.4,-1.9,0.6,,0.0,-1.2,,,Nipponham Fighters,PL
Yoshida Kengo,24,DH,27.1,,,,,,,-0.3,,,Nipponham Fighters,PL
Fushimi Torai,35,2,342.1,-0.4,-1.5,,-1.0,,0.6,4.9,-0.1,-0.2,Nipponham Fighters,PL
Fushimi Torai,35,DH,2.0,,,,,,,0.0,,,Nipponham Fighters,PL
Muneyama Rui,22,6,637.2,-4.5,-9.1,-1.8,,-0.1,-2.5,5.2,,,Rakuten Eagles,PL
Tamiya Yua,25,2,257.1,2.0,10.0,,2.1,,-0.1,3.7,-2.9,-0.2,Nipponham Fighters,PL
Tamiya Yua,25,7,28.0,-0.6,-27.6,-0.3,-0.2,,0.0,-0.3,,,Nipponham Fighters,PL
Kawamura Yuto,25,8,2.0,0.0,0.0,0.0,0.0,,0.0,0.0,,,SoftBank Hawks,PL
Kawamura Yuto,25,9,1.0,0.0,0.0,0.0,0.0,,0.0,0.0,,,SoftBank Hawks,PL
Hagio Masaya,24,7,24.0,2.4,128.7,2.8,-0.3,,0.0,-0.2,,,Yomiuri Giants,CL
Hagio Masaya,24,8,30.0,-3.0,-128.7,-2.6,-0.4,,0.0,0.1,,,Yomiuri Giants,CL
Noma Takayoshi,32,8,121.0,-3.3,-35.1,-4.6,1.3,,0.0,0.4,,,Hiroshima Carp,CL
Noma Takayoshi,32,9,93.2,-0.2,-2.7,-0.9,0.7,,0.0,-0.4,,,Hiroshima Carp,CL
Gunji Yuya,27,2,122.1,-0.6,-6.3,,-0.8,,0.2,1.8,0.5,-0.3,Nipponham Fighters,PL
Gunji Yuya,27,3,149.0,-0.8,-6.9,-0.6,,-0.1,-0.1,-1.7,,,Nipponham Fighters,PL
Gunji Yuya,27,5,82.0,1.6,25.1,1.2,,0.0,0.4,-0.3,,,Nipponham Fighters,PL
Gunji Yuya,27,7,59.0,1.6,34.9,0.5,1.1,,0.0,-0.6,,,Nipponham Fighters,PL
Gunji Yuya,27,8,2.0,0.0,0.0,0.0,0.0,,0.0,0.0,,,Nipponham Fighters,PL
Gunji Yuya,27,DH,9.0,,,,,,,-0.1,,,Nipponham Fighters,PL
Mune Yuma,29,5,400.0,-5.3,-17.1,-4.9,,-0.2,-0.2,-1.5,,,ORIX Buffaloes,PL
Murabayashi Itsuki,27,4,37.0,0.7,24.3,0.8,,-0.3,0.2,0.1,,,Rakuten Eagles,PL
Murabayashi Itsuki,27,5,524.0,-4.6,-11.3,-2.1,,-1.3,-1.1,-2.0,,,Rakuten Eagles,PL
Murabayashi Itsuki,27,6,116.0,0.6,6.7,0.4,,0.1,0.1,0.9,,,Rakuten Eagles,PL
Murabayashi Itsuki,27,DH,2.0,,,,,,,0.0,,,Rakuten Eagles,PL
Yamanobe Kakeru,31,4,9.0,0.1,14.3,0.1,,0.0,0.1,0.0,,,Seibu Lions,PL
Yamanobe Kakeru,31,DH,4.0,,,,,,,0.0,,,Seibu Lions,PL
Maruyama Kazuya,25,9,49.2,0.5,12.9,-0.4,0.9,,0.0,-0.2,,,Yakult Swallows,CL
Fujioka Yudai,31,4,542.1,-3.5,-8.3,-2.8,,0.1,-0.8,1.5,,,Lotte Marines,PL
Fujioka Yudai,31,DH,17.0,,,,,,,-0.2,,,Lotte Marines,PL
Tamura Shunsuke,21,3,100.0,2.4,30.9,2.2,,-0.1,0.4,-1.1,,,Hiroshima Carp,CL
Tamura Shunsuke,21,7,4.0,0.0,0.0,0.0,0.0,,0.0,0.0,,,Hiroshima Carp,CL
Tamura Shunsuke,21,8,8.0,0.4,64.4,0.4,-0.1,,0.0,0.0,,,Hiroshima Carp,CL
Tamura Shunsuke,21,9,10.0,-0.9,-115.8,-0.7,-0.2,,0.0,0.0,,,Hiroshima Carp,CL
Mizuno Tatsuki,24,6,463.1,-1.9,-5.3,-0.9,,1.5,-2.5,3.8,,,Nipponham Fighters,PL
Chatani Kenta,27,3,19.0,-0.5,-33.9,-0.5,,0.0,0.0,-0.2,,,Lotte Marines,PL
Chatani Kenta,27,4,12.0,0.0,0.0,0.0,,0.0,0.0,0.0,,,Lotte Marines,PL
Chatani Kenta,27,5,3.0,0.0,0.0,0.0,,0.0,0.0,0.0,,,Lotte Marines,PL
Chatani Kenta,27,6,72.0,-1.8,-32.2,-1.3,,0.0,-0.5,0.6,,,Lotte Marines,PL
Isobata Ryota,26,7,7.0,0.8,147.1,0.8,0.0,,0.0,-0.1,,,Nipponham Fighters,PL
Isobata Ryota,26,8,402.2,2.6,8.3,0.2,2.2,,0.1,1.3,,,Nipponham Fighters,PL
Isobata Ryota,26,9,7.0,0.3,55.2,0.2,0.0,,0.0,0.0,,,Nipponham Fighters,PL
Isobata Ryota,26,DH,2.0,,,,,,,0.0,,,Nipponham Fighters,PL
Itoh Yukiya,28,3,29.0,-1.0,-44.4,-1.0,,0.0,0.0,-0.3,,,Rakuten Eagles,PL
Itoh Yukiya,28,4,1.0,0.0,0.0,0.0,,0.0,0.0,0.0,,,Rakuten Eagles,PL
Itoh Yukiya,28,5,54.0,-1.2,-28.6,-1.6,,0.1,0.3,-0.2,,,Rakuten Eagles,PL
Itoh Yukiya,28,7,113.0,3.3,37.6,3.3,0.0,,0.0,-1.1,,,Rakuten Eagles,PL
Itoh Yukiya,28,9,10.0,0.3,38.6,0.2,0.0,,0.0,0.0,,,Rakuten Eagles,PL
Itoh Yukiya,28,DH,26.2,,,,,,,-0.3,,,Rakuten Eagles,PL
Fujiwara Kyota,25,8,316.0,-3.8,-15.5,-3.8,-0.1,,0.1,1.0,,,Lotte Marines,PL
Fujiwara Kyota,25,9,290.0,7.5,33.3,6.6,0.8,,0.1,-1.1,,,Lotte Marines,PL
Fujiwara Kyota,25,DH,9.0,,,,,,,-0.1,,,Lotte Marines,PL
Dohbayashi Shota,33,3,157.1,0.0,0.0,0.3,,0.0,-0.2,-1.8,,,Hiroshima Carp,CL
Watanabe Yoshiaki,28,3,54.0,-0.3,-7.2,0.2,,0.0,-0.5,-0.6,,,Rakuten Eagles,PL
Watanabe Yoshiaki,28,4,5.1,-0.3,-72.8,-0.3,,0.0,0.0,0.0,,,Rakuten Eagles,PL
Watanabe Yoshiaki,28,5,0.2,-0.5,-919.3,-0.5,,0.0,0.0,0.0,,,Rakuten Eagles,PL
Watanabe Yoshiaki,28,7,99.0,-2.3,-29.9,-1.6,-0.8,,0.0,-0.9,,,Rakuten Eagles,PL
Watanabe Yoshiaki,28,9,80.0,1.3,20.9,1.0,0.3,,0.0,-0.3,,,Rakuten Eagles,PL
Horiuchi Kengo,28,2,259.2,0.7,3.5,,1.2,,-0.5,3.7,-0.6,0.5,Rakuten Eagles,PL
Izuguchi Yuta,26,6,688.0,4.3,8.0,0.8,,1.4,2.0,5.6,,,Yomiuri Giants,CL
Nishikawa Manaya,26,8,790.1,-1.1,-1.8,-1.8,0.5,,0.3,2.6,,,Seibu Lions,PL
Mugitani Yusuke,22,8,188.0,1.1,7.5,0.5,0.6,,0.1,0.6,,,ORIX Buffaloes,PL
Yamanaka Ryoma,24,3,9.0,0.8,114.4,0.8,,0.0,0.1,-0.1,,,ORIX Buffaloes,PL
Yamanaka Ryoma,24,7,45.0,0.1,2.9,-0.9,1.0,,0.0,-0.4,,,ORIX Buffaloes,PL
Yamanaka Ryoma,24,9,45.2,0.3,8.4,0.4,-0.1,,0.0,-0.2,,,ORIX Buffaloes,PL
Mogi Eigoro,31,5,348.2,6.4,23.6,4.6,,0.0,1.8,-1.3,,,Yakult Swallows,CL
Kawase Hikaru,27,3,8.0,0.4,64.4,0.4,,0.0,0.1,-0.1,,,SoftBank Hawks,PL
Kawase Hikaru,27,4,70.0,0.4,7.4,0.4,,0.3,-0.4,0.2,,,SoftBank Hawks,PL
Kawase Hikaru,27,5,20.0,-0.4,-25.7,-0.3,,-0.1,0.0,-0.1,,,SoftBank Hawks,PL
Kawase Hikaru,27,6,189.1,1.2,8.2,2.0,,-1.1,0.4,1.5,,,SoftBank Hawks,PL
Kawase Hikaru,27,DH,4.0,,,,,,,0.0,,,SoftBank Hawks,PL
Nishikawa Ryoma,30,7,519.1,-2.9,-7.2,-2.5,-0.4,,0.1,-4.9,,,ORIX Buffaloes,PL
Nishikawa Ryoma,30,DH,33.0,,,,,,,-0.4,,,ORIX Buffaloes,PL
Yano Masaya,26,6,654.0,0.9,1.8,0.7,,-0.4,0.6,5.3,,,Hiroshima Carp,CL
Komori Kohtaro,22,7,76.1,4.4,74.2,3.7,0.7,,0.0,-0.7,,,Rakuten Eagles,PL
Komori Kohtaro,22,8,5.0,0.0,0.0,0.2,-0.2,,0.0,0.0,,,Rakuten Eagles,PL
Komori Kohtaro,22,9,72.0,1.0,17.9,0.7,0.3,,0.0,-0.3,,,Rakuten Eagles,PL
Komori Kohtaro,22,DH,3.0,,,,,,,0.0,,,Rakuten Eagles,PL
Tatsumi Ryosuke,28,8,603.2,11.4,24.3,8.5,2.6,,0.3,2.0,,,Rakuten Eagles,PL
Ogata Riku,26,7,176.1,4.8,35.0,2.8,2.0,,0.0,-1.7,,,SoftBank Hawks,PL
Ogata Riku,26,8,15.0,-0.4,-34.3,-0.2,-0.2,,0.0,0.0,,,SoftBank Hawks,PL
Ogata Riku,26,DH,1.0,,,,,,,0.0,,,SoftBank Hawks,PL
Mizutani Shun,24,7,171.1,2.0,15.0,3.0,-1.0,,0.0,-1.6,,,Nipponham Fighters,PL
Mizutani Shun,24,8,21.0,-0.7,-42.9,-0.6,-0.2,,0.0,0.1,,,Nipponham Fighters,PL
Mizutani Shun,24,9,50.0,-2.7,-69.5,-3.8,1.1,,0.0,-0.2,,,Nipponham Fighters,PL
Tomosugi Atsuki,24,6,492.1,6.3,16.5,8.1,,0.0,-1.8,4.0,,,Lotte Marines,PL
Asama Daiki,29,3,8.0,0.0,0.0,0.0,,0.0,0.0,-0.1,,,Nipponham Fighters,PL
Asama Daiki,29,7,109.1,4.1,48.3,3.6,0.5,,0.0,-1.0,,,Nipponham Fighters,PL
Asama Daiki,29,8,39.0,1.2,39.6,1.2,0.0,,0.0,0.1,,,Nipponham Fighters,PL
Asama Daiki,29,9,12.0,-0.9,-96.5,-0.9,0.0,,0.0,0.0,,,Nipponham Fighters,PL
Asama Daiki,29,DH,1.0,,,,,,,0.0,,,Nipponham Fighters,PL
Yamagata Shu,23,4,78.1,4.0,65.7,3.1,,0.6,0.4,0.2,,,Nipponham Fighters,PL
Yamagata Shu,23,6,267.2,-2.9,-13.9,-2.8,,-1.1,1.0,2.2,,,Nipponham Fighters,PL
Hirooka Taishi,28,3,18.0,-0.5,-35.8,-0.5,,0.0,0.0,-0.2,,,ORIX Buffaloes,PL
Hirooka Taishi,28,5,282.2,-6.1,-27.8,-3.8,,-0.7,-1.7,-1.1,,,ORIX Buffaloes,PL
Hirooka Taishi,28,6,6.0,-0.7,-150.1,0.1,,-0.1,-0.7,0.0,,,ORIX Buffaloes,PL
Hirooka Taishi,28,7,22.0,-0.9,-52.6,-0.1,-0.8,,0.0,-0.2,,,ORIX Buffaloes,PL
Hirooka Taishi,28,8,91.2,-1.1,-15.4,-2.4,1.3,,0.0,0.3,,,ORIX Buffaloes,PL
Hirooka Taishi,28,9,10.1,-0.9,-112.5,-0.8,-0.1,,0.0,0.0,,,ORIX Buffaloes,PL
Mimori Masaki,26,3,117.0,-0.5,-5.5,0.5,,-0.1,-0.9,-1.3,,,DeNA BayStars,CL
Mimori Masaki,26,4,1.0,-0.3,-386.1,-0.3,,0.0,0.0,0.0,,,DeNA BayStars,CL
Mimori Masaki,26,5,170.0,0.6,4.5,0.9,,-0.3,0.0,-0.6,,,DeNA BayStars,CL
Mimori Masaki,26,9,34.0,-1.7,-64.4,-1.7,-0.1,,0.0,-0.1,,,DeNA BayStars,CL
Mimori Masaki,26,DH,1.0,,,,,,,0.0,,,DeNA BayStars,CL
Nakamura Shosei,26,7,26.2,0.1,4.8,-0.6,0.7,,0.0,-0.3,,,Hiroshima Carp,CL
Nakamura Shosei,26,8,263.0,-1.6,-7.8,0.6,-2.3,,0.1,0.9,,,Hiroshima Carp,CL
Nakamura Shosei,26,9,7.2,0.6,100.3,0.4,0.2,,0.0,0.0,,,Hiroshima Carp,CL
Suzuki Daichi,35,3,111.0,-0.6,-7.0,-0.1,,0.0,-0.5,-1.2,,,Rakuten Eagles,PL
Suzuki Daichi,35,5,74.0,-1.1,-19.1,-1.5,,0.0,0.4,-0.3,,,Rakuten Eagles,PL
Suzuki Daichi,35,7,12.0,-0.6,-64.4,-0.6,0.0,,0.0,-0.1,,,Rakuten Eagles,PL
Suzuki Daichi,35,DH,17.0,,,,,,,-0.2,,,Rakuten Eagles,PL
Makihara Taisei,32,4,463.1,2.7,7.5,3.0,,0.8,-1.1,1.2,,,SoftBank Hawks,PL
Makihara Taisei,32,8,68.0,-2.3,-43.5,-2.0,-0.4,,0.0,0.2,,,SoftBank Hawks,PL
Makihara Taisei,32,9,7.0,-1.2,-220.6,-1.3,0.1,,0.0,0.0,,,SoftBank Hawks,PL
Uchiyama Souma,23,2,7.0,0.0,0.0,,0.0,,0.0,0.1,-0.3,0.0,Yakult Swallows,CL
Uchiyama Souma,23,5,3.0,0.0,0.0,0.0,,0.0,0.0,0.0,,,Yakult Swallows,CL
Uchiyama Souma,23,7,263.1,1.3,6.4,3.1,-1.9,,0.1,-2.5,,,Yakult Swallows,CL
Uchiyama Souma,23,8,4.0,-1.1,-353.9,-0.9,-0.2,,0.0,0.0,,,Yakult Swallows,CL
Uchiyama Souma,23,9,166.0,-5.0,-38.8,-6.4,1.4,,0.0,-0.7,,,Yakult Swallows,CL
Kiyomiya Kotaro,26,3,96.1,2.3,30.7,2.6,,-0.1,-0.2,-1.1,,,Nipponham Fighters,PL
Kiyomiya Kotaro,26,5,619.1,0.9,1.9,4.0,,0.3,-3.5,-2.4,,,Nipponham Fighters,PL
Kiyomiya Kotaro,26,DH,9.0,,,,,,,-0.1,,,Nipponham Fighters,PL
Narama Taiki,25,4,110.0,-2.1,-24.6,-2.7,,0.2,0.3,0.3,,,Nipponham Fighters,PL
Narama Taiki,25,5,79.2,0.3,4.8,0.1,,-0.2,0.4,-0.3,,,Nipponham Fighters,PL
Narama Taiki,25,6,34.0,-1.2,-45.4,-1.1,,-0.2,0.2,0.3,,,Nipponham Fighters,PL
Narama Taiki,25,DH,2.0,,,,,,,0.0,,,Nipponham Fighters,PL
Mutoh Atsuki,24,7,33.2,2.3,87.8,0.7,1.6,,0.0,-0.3,,,Rakuten Eagles,PL
Mutoh Atsuki,24,8,43.0,1.8,53.9,1.9,-0.1,,0.0,0.1,,,Rakuten Eagles,PL
Mutoh Atsuki,24,9,41.0,-1.4,-43.9,-1.4,0.0,,0.0,-0.2,,,Rakuten Eagles,PL
Aizawa Tsubasa,37,2,108.1,-0.7,-8.3,,-0.7,,0.1,1.6,-1.1,-0.1,Hiroshima Carp,CL
Namiki Hidetaka,26,7,20.0,0.9,57.9,0.8,0.0,,0.0,-0.2,,,Yakult Swallows,CL
Namiki Hidetaka,26,8,113.2,1.4,15.8,0.8,0.6,,0.0,0.4,,,Yakult Swallows,CL
Namiki Hidetaka,26,9,61.1,-2.0,-42.0,-1.5,-0.5,,0.0,-0.2,,,Yakult Swallows,CL
Tanaka Kazuki,30,7,14.0,0.3,27.6,0.3,0.0,,0.0,-0.1,,,Rakuten Eagles,PL
Tanaka Kazuki,30,8,24.0,0.6,32.2,0.1,0.4,,0.0,0.1,,,Rakuten Eagles,PL
Tanaka Kazuki,30,9,9.0,0.8,114.4,0.7,0.1,,0.0,0.0,,,Rakuten Eagles,PL
Kamizato Kazuki,31,7,17.0,2.3,174.1,2.2,0.0,,0.0,-0.2,,,DeNA BayStars,CL
Kamizato Kazuki,31,8,4.0,0.9,289.6,0.9,0.0,,0.0,0.0,,,DeNA BayStars,CL
Kamizato Kazuki,31,9,17.0,-1.0,-75.7,-0.8,-0.2,,0.0,-0.1,,,DeNA BayStars,CL
Reyes Franmil,29,3,61.0,1.3,27.4,1.1,,0.0,0.3,-0.7,,,Nipponham Fighters,PL
Reyes Franmil,29,DH,628.0,,,,,,,-7.5,,,Nipponham Fighters,PL
Sasagawa Yoshiyasu,23,7,1.0,0.0,0.0,0.0,0.0,,0.0,0.0,,,SoftBank Hawks,PL
Sasagawa Yoshiyasu,23,8,85.0,1.4,21.2,0.6,0.7,,0.0,0.3,,,SoftBank Hawks,PL
Kozono Kaito,25,4,176.2,0.0,0.0,1.1,,-1.1,0.0,0.5,,,Hiroshima Carp,CL
Kozono Kaito,25,5,477.0,-1.6,-4.3,-2.7,,-0.1,1.2,-1.8,,,Hiroshima Carp,CL
Kozono Kaito,25,6,106.2,-2.2,-26.5,-2.1,,0.2,-0.3,0.9,,,Hiroshima Carp,CL
Ohta Hikaru,28,2,427.0,1.4,4.2,,1.6,,-0.2,6.1,-5.5,0.5,Rakuten Eagles,PL
Nomura Isami,28,3,3.0,0.0,0.0,0.0,,0.0,0.0,0.0,,,SoftBank Hawks,PL
Nomura Isami,28,4,62.1,0.0,0.0,-0.4,,0.2,0.2,0.2,,,SoftBank Hawks,PL
Nomura Isami,28,5,86.0,1.2,18.0,0.1,,0.4,0.7,-0.3,,,SoftBank Hawks,PL
Nomura Isami,28,6,328.0,-6.3,-24.7,-4.9,,-0.3,-1.0,2.7,,,SoftBank Hawks,PL
Nomura Isami,28,DH,3.0,,,,,,,0.0,,,SoftBank Hawks,PL
Iwata Yukihiro,27,7,12.0,1.1,118.0,1.1,0.0,,0.0,-0.1,,,Yakult Swallows,CL
Iwata Yukihiro,27,8,401.1,-1.1,-3.5,0.1,-0.5,,-0.7,1.3,,,Yakult Swallows,CL
Iwata Yukihiro,27,9,28.0,-1.2,-55.2,-2.2,1.0,,0.0,-0.1,,,Yakult Swallows,CL
Katsumata Atsushi,25,7,9.0,-0.6,-85.8,-0.6,0.0,,0.0,-0.1,,,DeNA BayStars,CL
Katsumata Atsushi,25,9,1.0,0.0,0.0,0.0,0.0,,0.0,0.0,,,DeNA BayStars,CL
Satoh Naoki,26,8,105.0,2.5,30.6,1.9,0.6,,0.0,0.3,,,SoftBank Hawks,PL
Satoh Naoki,26,9,246.1,3.3,17.2,2.8,0.4,,0.1,-1.0,,,SoftBank Hawks,PL
Kuwahara Masayuki,31,7,22.0,-1.0,-58.5,-0.6,-0.5,,0.0,-0.2,,,DeNA BayStars,CL
Kuwahara Masayuki,31,8,449.1,1.8,5.2,2.6,-1.0,,0.1,1.5,,,DeNA BayStars,CL
Itoh Ryui,22,4,5.0,-0.1,-25.7,-0.1,,0.0,0.0,0.0,,,Yakult Swallows,CL
Itoh Ryui,22,5,6.0,0.1,21.4,0.2,,-0.1,0.0,0.0,,,Yakult Swallows,CL
Itoh Ryui,22,6,342.1,0.9,3.4,-1.5,,0.2,2.1,2.8,,,Yakult Swallows,CL
Yamamoto Daito,22,7,201.1,-1.9,-12.1,-2.8,0.8,,0.0,-1.9,,,Lotte Marines,PL
Yamamoto Daito,22,9,343.0,-2.7,-10.1,-0.1,-2.7,,0.1,-1.4,,,Lotte Marines,PL
Yamamoto Daito,22,DH,9.0,,,,,,,-0.1,,,Lotte Marines,PL
Hosokawa Ryohei,23,3,19.1,0.6,40.0,0.6,,0.0,0.1,-0.2,,,Nipponham Fighters,PL
Hosokawa Ryohei,23,4,1.0,0.0,0.0,0.0,,0.0,0.0,0.0,,,Nipponham Fighters,PL
Hosokawa Ryohei,23,7,8.1,-0.3,-46.5,-0.1,-0.3,,0.0,-0.1,,,Nipponham Fighters,PL
Hosokawa Ryohei,23,8,3.0,0.0,0.0,0.0,0.0,,0.0,0.0,,,Nipponham Fighters,PL
Imagawa Yuma,28,7,33.2,0.2,7.6,0.1,0.1,,0.0,-0.3,,,Nipponham Fighters,PL
Imagawa Yuma,28,8,26.0,1.1,54.4,1.2,-0.1,,0.0,0.1,,,Nipponham Fighters,PL
Imagawa Yuma,28,DH,1.1,,,,,,,0.0,,,Nipponham Fighters,PL
Yamaguchi Koki,24,7,23.0,1.9,106.3,2.2,-0.3,,0.0,-0.2,,,Lotte Marines,PL
Yamaguchi Koki,24,DH,9.0,,,,,,,-0.1,,,Lotte Marines,PL
Asano Shogo,20,7,63.0,-1.6,-32.7,-2.1,0.5,,0.0,-0.6,,,Yomiuri Giants,CL
Asano Shogo,20,8,58.1,-1.6,-35.3,-1.0,-0.6,,0.0,0.2,,,Yomiuri Giants,CL
Asano Shogo,20,9,10.0,-0.9,-115.8,-0.9,0.0,,0.0,0.0,,,Yomiuri Giants,CL
Shigenobu Shinnosuke,32,7,4.0,0.0,0.0,0.0,0.0,,0.0,0.0,,,Yomiuri Giants,CL
Shigenobu Shinnosuke,32,8,8.0,-0.5,-80.4,-0.4,-0.2,,0.0,0.0,,,Yomiuri Giants,CL
Shigenobu Shinnosuke,32,9,6.1,0.3,61.3,0.2,0.0,,0.0,0.0,,,Yomiuri Giants,CL
Akiyama Shogo,37,7,25.0,-1.2,-61.8,-1.5,0.3,,0.0,-0.2,,,Hiroshima Carp,CL
Akiyama Shogo,37,8,102.0,0.3,3.8,0.8,-0.5,,0.0,0.3,,,Hiroshima Carp,CL
Akiyama Shogo,37,9,9.0,-0.1,-14.3,-0.1,0.0,,0.0,0.0,,,Hiroshima Carp,CL
Nakashima Daisuke,24,7,176.2,8.3,60.5,7.5,0.8,,0.0,-1.7,,,Rakuten Eagles,PL
Nakashima Daisuke,24,8,102.0,0.7,8.8,1.0,-0.4,,0.1,0.3,,,Rakuten Eagles,PL
Nakashima Daisuke,24,9,250.1,4.2,21.6,3.1,1.0,,0.1,-1.0,,,Rakuten Eagles,PL
Masuda Riku,25,3,508.1,3.2,8.1,1.8,,0.8,0.6,-5.7,,,Yomiuri Giants,CL
Shintoh Yuya,23,2,69.0,0.3,5.6,,0.2,,0.1,1.0,1.5,-0.1,Nipponham Fighters,PL
Uebayashi Seiji,29,7,159.0,-1.1,-8.9,-0.3,-0.8,,0.0,-1.5,,,Chunichi Dragons,CL
Uebayashi Seiji,29,9,502.1,2.4,6.1,4.2,-1.8,,0.1,-2.0,,,Chunichi Dragons,CL
Ohshima Yohei,39,7,73.0,0.0,0.0,-0.3,0.3,,0.0,-0.7,,,Chunichi Dragons,CL
Ohshima Yohei,39,DH,8.0,,,,,,,-0.1,,,Chunichi Dragons,CL
Bright Kenta,26,7,94.0,3.2,43.8,1.2,2.0,,0.0,-0.9,,,Chunichi Dragons,CL
Bright Kenta,26,9,37.0,0.7,24.3,0.7,0.0,,0.0,-0.1,,,Chunichi Dragons,CL
Oda Gouki,24,7,31.0,-0.2,-8.3,-0.6,0.4,,0.0,-0.3,,,Chunichi Dragons,CL
Tanaka Takaya,32,2,18.1,0.0,0.0,,0.0,,0.0,0.3,-0.4,-0.4,Rakuten Eagles,PL
Kitamura Takumi,29,4,7.1,0.1,17.6,0.2,,-0.1,0.0,0.0,,,Yakult Swallows,CL
Kitamura Takumi,29,5,112.0,0.7,8.0,1.9,,-0.5,-0.7,-0.4,,,Yakult Swallows,CL
Kitamura Takumi,29,6,123.0,-1.5,-15.7,-1.4,,-0.2,0.1,1.0,,,Yakult Swallows,CL
Maru Yoshihiro,36,7,119.0,2.9,31.4,2.6,0.3,,0.0,-1.1,,,Yomiuri Giants,CL
Maru Yoshihiro,36,8,32.0,1.4,56.3,1.6,-0.2,,0.0,0.1,,,Yomiuri Giants,CL
Maru Yoshihiro,36,9,163.1,-4.8,-37.8,-3.6,-1.2,,0.0,-0.6,,,Yomiuri Giants,CL
Sasaki Tai,22,5,85.2,1.5,22.5,1.0,,-0.2,0.6,-0.3,,,Hiroshima Carp,CL
Sasaki Tai,22,8,11.0,0.3,35.1,0.3,0.0,,0.0,0.0,,,Hiroshima Carp,CL
Noguchi Tomoya,25,4,55.0,0.9,21.1,0.8,,-0.2,0.2,0.1,,,ORIX Buffaloes,PL
Noguchi Tomoya,25,5,39.0,0.2,6.6,0.7,,-0.1,-0.3,-0.1,,,ORIX Buffaloes,PL
Noguchi Tomoya,25,6,59.0,-0.3,-6.5,0.8,,-0.1,-1.0,0.5,,,ORIX Buffaloes,PL
Noguchi Tomoya,25,DH,4.0,,,,,,,0.0,,,ORIX Buffaloes,PL
Ishii Kazunari,31,4,408.0,3.5,11.0,4.7,,0.0,-1.2,1.1,,,Nipponham Fighters,PL
Ishii Kazunari,31,DH,3.0,,,,,,,0.0,,,Nipponham Fighters,PL
Hatsuki Ryutaro,25,4,9.0,0.6,85.8,0.4,,0.1,0.1,0.0,,,Hiroshima Carp,CL
Hatsuki Ryutaro,25,5,77.0,0.5,8.4,0.9,,-0.2,-0.2,-0.3,,,Hiroshima Carp,CL
Yoshikawa Naoki,30,4,772.0,12.7,21.2,10.6,,1.6,0.4,2.1,,,Yomiuri Giants,CL
Ohshiro Koji,32,3,3.0,0.0,0.0,0.0,,0.0,0.0,0.0,,,ORIX Buffaloes,PL
Ohshiro Koji,32,4,98.0,3.0,39.4,2.8,,-0.3,0.5,0.3,,,ORIX Buffaloes,PL
Ohshiro Koji,32,5,2.0,-0.2,-128.7,-0.4,,0.1,0.0,0.0,,,ORIX Buffaloes,PL
Ohshiro Koji,32,6,49.0,2.1,55.2,1.2,,0.3,0.5,0.4,,,ORIX Buffaloes,PL
Uemoto Takashi,34,4,1.0,0.0,0.0,0.0,,0.0,0.0,0.0,,,Hiroshima Carp,CL
Uemoto Takashi,34,5,34.0,-1.4,-53.0,-1.4,,-0.2,0.2,-0.1,,,Hiroshima Carp,CL
Uemoto Takashi,34,7,13.0,0.7,69.3,0.6,0.1,,0.0,-0.1,,,Hiroshima Carp,CL
Uemoto Takashi,34,8,2.0,-0.2,-128.7,-0.2,0.0,,0.0,0.0,,,Hiroshima Carp,CL
Kadowaki Makoto,24,4,25.0,0.3,15.4,-0.1,,0.4,0.1,0.1,,,Yomiuri Giants,CL
Kadowaki Makoto,24,5,181.2,1.9,13.5,1.0,,0.5,0.4,-0.7,,,Yomiuri Giants,CL
Kadowaki Makoto,24,6,112.1,1.1,12.6,0.0,,0.5,0.6,0.9,,,Yomiuri Giants,CL
Miyazaki Kazuki,23,7,3.0,0.0,0.0,0.0,0.0,,0.0,0.0,,,Nipponham Fighters,PL
Miyazaki Kazuki,23,8,3.0,-0.1,-42.9,-0.2,0.1,,0.0,0.0,,,Nipponham Fighters,PL
Miyazaki Kazuki,23,9,8.0,-0.3,-48.3,-0.1,-0.2,,0.0,0.0,,,Nipponham Fighters,PL
Kamikawabata Daigo,28,4,190.2,-4.6,-31.0,-5.4,,0.3,0.5,0.5,,,Nipponham Fighters,PL
Kamikawabata Daigo,28,6,24.0,-0.1,-5.4,-0.2,,0.0,0.1,0.2,,,Nipponham Fighters,PL
Gen Kendai,23,7,33.0,1.4,54.6,1.0,0.4,,0.0,-0.3,,,ORIX Buffaloes,PL
Gen Kendai,23,8,10.0,0.2,25.7,0.3,0.0,,0.0,0.0,,,ORIX Buffaloes,PL
Gen Kendai,23,9,1.2,0.9,681.4,0.0,0.9,,0.0,0.0,,,ORIX Buffaloes,PL
Gen Kendai,23,DH,1.0,,,,,,,0.0,,,ORIX Buffaloes,PL
Watarai Ryuki,22,7,115.1,3.1,34.6,2.0,1.1,,0.0,-1.1,,,DeNA BayStars,CL
Watarai Ryuki,22,9,411.0,-11.8,-37.0,-8.8,-3.1,,0.1,-1.6,,,DeNA BayStars,CL
Masuda Daiki,31,4,5.1,-0.4,-97.1,-0.3,,-0.1,0.0,0.0,,,Yomiuri Giants,CL
Masuda Daiki,31,5,16.1,-0.2,-15.8,-0.4,,0.1,0.1,-0.1,,,Yomiuri Giants,CL
Masuda Daiki,31,7,3.0,0.9,386.1,0.8,0.0,,0.0,0.0,,,Yomiuri Giants,CL
Masuda Daiki,31,8,8.0,0.0,0.0,0.2,-0.2,,0.0,0.0,,,Yomiuri Giants,CL
Masuda Daiki,31,9,13.0,0.5,49.5,0.7,-0.3,,0.0,-0.1,,,Yomiuri Giants,CL
Sano Keita,30,3,405.1,3.0,9.5,1.3,,0.3,1.3,-4.5,,,DeNA BayStars,CL
Sano Keita,30,7,297.0,-4.5,-19.5,-4.5,0.0,,0.0,-2.8,,,DeNA BayStars,CL
Kita Ryoto,22,7,80.0,-5.4,-86.9,-4.1,-1.3,,0.0,-0.8,,,ORIX Buffaloes,PL
Kita Ryoto,22,8,31.0,-0.5,-20.8,0.0,-0.4,,0.0,0.1,,,ORIX Buffaloes,PL
Kita Ryoto,22,9,91.0,-1.1,-15.6,-1.4,0.2,,0.0,-0.4,,,ORIX Buffaloes,PL
Kita Ryoto,22,DH,10.0,,,,,,,-0.1,,,ORIX Buffaloes,PL
Takizawa Natsuo,21,4,297.0,8.6,37.3,7.3,,0.5,0.7,0.8,,,Seibu Lions,PL
Takizawa Natsuo,21,5,21.0,-0.2,-12.3,-0.3,,0.0,0.1,-0.1,,,Seibu Lions,PL
Takizawa Natsuo,21,6,222.1,4.9,28.4,4.1,,0.0,0.9,1.8,,,Seibu Lions,PL
Suekane Shota,29,7,40.2,-1.0,-31.6,-1.1,0.2,,0.0,-0.4,,,Hiroshima Carp,CL
Suekane Shota,29,9,630.2,6.6,13.5,6.4,0.1,,0.2,-2.5,,,Hiroshima Carp,CL
Chano Tokumasa,25,7,20.0,-0.7,-45.0,-0.3,-0.4,,0.0,-0.2,,,ORIX Buffaloes,PL
Chano Tokumasa,25,9,2.0,0.0,0.0,0.0,0.0,,0.0,0.0,,,ORIX Buffaloes,PL
Ishizuka Soichiro,24,3,8.0,0.6,96.5,0.4,,0.2,0.1,-0.1,,,SoftBank Hawks,PL
Ishizuka Soichiro,24,7,88.0,-0.4,-5.9,-0.4,0.0,,0.0,-0.8,,,SoftBank Hawks,PL
Takeda Aito,28,7,2.0,0.3,193.0,0.3,0.0,,0.0,0.0,,,Lotte Marines,PL
Takeda Aito,28,8,5.0,-0.9,-231.7,-0.9,-0.1,,0.0,0.0,,,Lotte Marines,PL
Takeda Aito,28,9,22.0,0.2,11.7,0.2,0.0,,0.0,-0.1,,,Lotte Marines,PL
Takeda Aito,28,DH,3.0,,,,,,,0.0,,,Lotte Marines,PL
Sekine Taiki,30,9,40.0,1.8,57.9,1.7,0.0,,0.0,-0.2,,,DeNA BayStars,CL
Yanagimachi Tatsuru,28,7,283.0,-1.7,-7.7,-3.5,1.8,,0.0,-2.7,,,SoftBank Hawks,PL
Yanagimachi Tatsuru,28,9,312.1,0.7,2.9,0.3,0.4,,0.1,-1.2,,,SoftBank Hawks,PL
Ishihara Tsuyoshi,26,2,74.2,0.3,5.2,,0.1,,0.2,1.1,-0.7,0.2,Rakuten Eagles,PL
Ohsato Kosei,25,3,2.0,-0.2,-128.7,-0.2,,0.0,0.0,0.0,,,ORIX Buffaloes,PL
Ohsato Kosei,25,4,27.0,1.5,71.5,1.4,,0.0,0.2,0.1,,,ORIX Buffaloes,PL
Ohsato Kosei,25,6,32.0,-2.1,-84.5,-2.2,,0.0,0.1,0.3,,,ORIX Buffaloes,PL
Cabbage Trey,28,7,40.1,0.0,0.0,-0.1,0.0,,0.0,-0.4,,,Yomiuri Giants,CL
Cabbage Trey,28,9,504.2,-7.8,-19.9,-7.0,-0.9,,0.1,-2.0,,,Yomiuri Giants,CL
Cabbage Trey,28,DH,7.0,,,,,,,-0.1,,,Yomiuri Giants,CL
Maki Shugo,27,3,3.0,-0.2,-85.8,-0.2,,0.0,0.0,0.0,,,DeNA BayStars,CL
Maki Shugo,27,4,782.1,2.0,3.3,3.1,,-1.4,0.3,2.1,,,DeNA BayStars,CL
Yamamoto Yasuhiro,31,4,182.0,0.0,0.0,-0.8,,0.2,0.7,0.5,,,Chunichi Dragons,CL
Yamamoto Yasuhiro,31,5,12.1,0.7,73.2,0.3,,0.1,0.2,0.0,,,Chunichi Dragons,CL
Yamamoto Yasuhiro,31,6,257.0,2.5,12.5,1.7,,-0.3,1.1,2.1,,,Chunichi Dragons,CL
Nakano Takumu,29,4,814.2,2.4,3.8,0.9,,-1.1,2.6,2.2,,,Hanshin Tigers,CL
Kondoh Kensuke,31,9,117.0,1.8,19.8,1.6,0.2,,0.0,-0.5,,,SoftBank Hawks,PL
Kondoh Kensuke,31,DH,150.0,,,,,,,-1.8,,,SoftBank Hawks,PL
Muramatsu Kaito,24,6,403.1,6.7,21.4,5.4,,1.4,0.0,3.3,,,Chunichi Dragons,CL
Yasuda Hisanori,26,3,3.0,0.2,85.8,0.2,,0.0,0.0,0.0,,,Lotte Marines,PL
Yasuda Hisanori,26,5,414.2,-0.4,-1.2,-2.4,,0.2,1.8,-1.6,,,Lotte Marines,PL
Gotoh Shunta,32,7,9.0,0.3,42.9,0.3,0.0,,0.0,-0.1,,,Chunichi Dragons,CL
Gotoh Shunta,32,9,14.0,0.6,55.2,0.6,0.0,,0.0,-0.1,,,Chunichi Dragons,CL
Higuchi Seishu,26,4,35.0,-0.1,-3.7,0.5,,0.0,-0.6,0.1,,,Chunichi Dragons,CL
Higuchi Seishu,26,6,1.0,0.1,128.7,0.0,,0.1,0.0,0.0,,,Chunichi Dragons,CL
Ohta Ryo,24,3,54.2,-0.1,-2.4,-0.6,,0.2,0.2,-0.6,,,ORIX Buffaloes,PL
Ohta Ryo,24,4,513.2,-7.7,-19.3,-6.5,,-0.2,-1.0,1.4,,,ORIX Buffaloes,PL
Nakamura Akira,35,3,532.2,1.7,4.1,2.3,,-0.4,-0.2,-5.9,,,SoftBank Hawks,PL
Nakamura Akira,35,DH,107.0,,,,,,,-1.3,,,SoftBank Hawks,PL
Nagaoka Hideki,23,6,164.2,2.0,15.6,1.6,,-0.6,1.0,1.3,,,Yakult Swallows,CL
Katoh Takuma,33,2,93.0,0.8,11.1,,0.9,,-0.1,1.3,-1.0,-0.6,Chunichi Dragons,CL
Downs Jeter,26,4,75.0,-2.4,-41.2,-2.1,,0.2,-0.5,0.2,,,SoftBank Hawks,PL
Downs Jeter,26,5,111.0,0.9,10.4,0.5,,0.3,0.0,-0.4,,,SoftBank Hawks,PL
Downs Jeter,26,DH,3.0,,,,,,,0.0,,,SoftBank Hawks,PL
Kakunaka Katsuya,38,7,51.0,1.6,40.4,1.9,-0.3,,0.0,-0.5,,,Lotte Marines,PL
Kakunaka Katsuya,38,DH,17.2,,,,,,,-0.2,,,Lotte Marines,PL
Calixte Orlando,33,3,227.0,0.0,0.0,-0.5,,-0.1,0.7,-2.5,,,Chunichi Dragons,CL
Calixte Orlando,33,5,19.0,0.1,6.8,-0.1,,0.1,0.1,-0.1,,,Chunichi Dragons,CL
Calixte Orlando,33,7,96.0,0.8,10.7,1.3,-0.6,,0.0,-0.9,,,Chunichi Dragons,CL
Calixte Orlando,33,DH,35.0,,,,,,,-0.4,,,Chunichi Dragons,CL
Tsujimoto Rintaro,23,4,42.0,-0.9,-27.6,-1.2,,0.1,0.2,0.1,,,Chunichi Dragons,CL
Tsujimoto Rintaro,23,5,8.0,-0.5,-80.4,0.2,,0.0,-0.7,0.0,,,Chunichi Dragons,CL
Tsujimoto Rintaro,23,6,5.0,-0.1,-25.7,-0.2,,0.0,0.0,0.0,,,Chunichi Dragons,CL
Franco Maikel,32,5,95.0,0.8,10.8,1.4,,-0.6,0.0,-0.4,,,Rakuten Eagles,PL
Franco Maikel,32,DH,263.0,,,,,,,-3.1,,,Rakuten Eagles,PL
Hirose Ryuta,24,3,21.0,0.4,24.5,0.4,,0.0,0.1,-0.2,,,SoftBank Hawks,PL
Hirose Ryuta,24,4,121.0,-4.3,-45.7,-1.5,,-0.3,-2.5,0.3,,,SoftBank Hawks,PL
Hirose Ryuta,24,5,70.0,2.1,38.6,0.8,,0.7,0.6,-0.3,,,SoftBank Hawks,PL
Hirose Ryuta,24,DH,1.0,,,,,,,0.0,,,SoftBank Hawks,PL
Imamiya Kenta,33,6,281.1,-1.8,-8.2,-3.3,,0.8,0.7,2.3,,,SoftBank Hawks,PL
Itayama Yutaro,31,3,5.0,0.0,0.0,0.0,,0.0,0.0,-0.1,,,Chunichi Dragons,CL
Itayama Yutaro,31,4,176.0,0.1,0.7,-0.1,,-0.5,0.6,0.5,,,Chunichi Dragons,CL
Itayama Yutaro,31,5,75.0,1.5,25.7,1.1,,-0.1,0.4,-0.3,,,Chunichi Dragons,CL
Itayama Yutaro,31,7,29.0,-4.4,-195.3,-3.3,-1.2,,0.0,-0.3,,,Chunichi Dragons,CL
Chono Hisayoshi,40,7,17.0,-2.0,-151.4,-1.2,0.0,,-0.8,-0.2,,,Yomiuri Giants,CL
Genda Sosuke,32,6,553.0,2.2,5.1,0.1,,-0.4,2.5,4.5,,,Seibu Lions,PL
Kai Takuya,32,2,490.0,-0.1,-0.3,,-0.6,,0.6,7.0,9.3,1.2,Yomiuri Giants,CL
Yamamoto Keita,25,7,5.0,0.6,154.4,0.6,0.0,,0.0,0.0,,,SoftBank Hawks,PL
Yamamoto Keita,25,9,76.0,-3.8,-64.4,-4.1,0.3,,0.0,-0.3,,,SoftBank Hawks,PL
Yamamoto Keita,25,DH,2.0,,,,,,,0.0,,,SoftBank Hawks,PL
Kishida Yukinori,28,2,243.1,2.4,12.7,,2.1,,0.2,3.5,2.4,-0.2,Yomiuri Giants,CL
Obata Ryuhei,24,6,459.0,-3.1,-8.7,-2.5,,0.1,-0.7,3.7,,,Hanshin Tigers,CL
Motoyama Hiyu,26,3,6.0,0.4,85.8,0.4,,0.0,0.1,-0.1,,,Seibu Lions,PL
Motoyama Hiyu,26,4,194.0,3.3,21.9,2.0,,0.4,0.9,0.5,,,Seibu Lions,PL
Motoyama Hiyu,26,5,5.0,0.0,0.0,0.0,,0.0,0.0,0.0,,,Seibu Lions,PL
Motoyama Hiyu,26,6,3.0,0.0,0.0,0.0,,0.0,0.0,0.0,,,Seibu Lions,PL
Motoyama Hiyu,26,DH,2.0,,,,,,,0.0,,,Seibu Lions,PL
Santana Domingo,32,7,382.0,-20.5,-69.1,-14.0,-5.7,,-0.8,-3.6,,,Yakult Swallows,CL
Santana Domingo,32,DH,77.1,,,,,,,-0.9,,,Yakult Swallows,CL
Kodama Ryosuke,26,4,116.2,-1.1,-12.1,-0.9,,-0.7,0.4,0.3,,,Seibu Lions,PL
Kodama Ryosuke,26,5,30.0,0.6,25.7,0.3,,0.1,0.1,-0.1,,,Seibu Lions,PL
Kodama Ryosuke,26,6,3.0,0.0,0.0,0.0,,0.0,0.0,0.0,,,Seibu Lions,PL
Kodama Ryosuke,26,DH,2.0,,,,,,,0.0,,,Seibu Lions,PL
Kohri Takuya,27,7,3.0,0.0,0.0,0.0,0.0,,0.0,0.0,,,Yomiuri Giants,CL
Hiranuma Shota,27,3,50.0,0.0,0.0,-0.1,,0.0,0.2,-0.6,,,Seibu Lions,PL
Hiranuma Shota,27,7,86.0,4.3,64.4,4.1,0.1,,0.0,-0.8,,,Seibu Lions,PL
Hiranuma Shota,27,DH,29.2,,,,,,,-0.4,,,Seibu Lions,PL
Matsubara Seiya,30,7,42.0,0.6,18.4,0.7,0.0,,0.0,-0.4,,,Seibu Lions,PL
Matsubara Seiya,30,9,17.1,0.1,7.4,0.1,0.0,,0.0,-0.1,,,Seibu Lions,PL
Vosler Jason,31,3,409.1,1.5,4.7,0.5,,0.0,1.0,-4.6,,,Chunichi Dragons,CL
Vosler Jason,31,5,139.0,2.9,26.9,1.5,,0.4,1.0,-0.5,,,Chunichi Dragons,CL
Vosler Jason,31,7,9.0,0.3,42.9,0.3,0.0,,0.0,-0.1,,,Chunichi Dragons,CL
Kyoda Yota,31,3,3.0,0.0,0.0,0.0,,0.0,0.0,0.0,,,DeNA BayStars,CL
Kyoda Yota,31,5,27.0,-1.0,-47.7,-1.0,,-0.1,0.1,-0.1,,,DeNA BayStars,CL
Kyoda Yota,31,6,197.0,2.0,13.1,2.1,,-0.5,0.4,1.6,,,DeNA BayStars,CL
Ebina Tatsuo,27,7,32.0,0.0,0.0,0.0,0.0,,0.0,-0.3,,,DeNA BayStars,CL
Ebina Tatsuo,27,8,72.0,-0.1,-1.8,-0.2,0.1,,0.0,0.2,,,DeNA BayStars,CL
Ebina Tatsuo,27,9,249.1,-3.1,-16.0,-3.7,0.5,,0.1,-1.0,,,DeNA BayStars,CL
Takeoka Ryusei,24,4,84.0,0.5,7.7,0.3,,-0.2,0.4,0.2,,,Yakult Swallows,CL
Takeoka Ryusei,24,5,117.2,1.7,18.6,1.5,,0.0,0.3,-0.4,,,Yakult Swallows,CL
Takeoka Ryusei,24,6,88.0,-0.7,-10.2,-0.2,,0.3,-0.8,0.7,,,Yakult Swallows,CL
Kurebayashi Kotaro,23,6,630.2,-3.3,-6.7,-4.2,,-0.3,1.2,5.1,,,ORIX Buffaloes,PL
Takahashi Shuhei,31,5,194.1,-2.6,-17.2,-2.2,,0.1,-0.5,-0.7,,,Chunichi Dragons,CL
Abe Toshiki,35,3,30.0,-0.2,-8.6,0.4,,0.0,-0.5,-0.3,,,Rakuten Eagles,PL
Abe Toshiki,35,5,1.0,0.0,0.0,0.0,,0.0,0.0,0.0,,,Rakuten Eagles,PL
Abe Toshiki,35,7,145.0,0.1,0.9,0.7,-0.6,,0.0,-1.4,,,Rakuten Eagles,PL
Abe Toshiki,35,DH,63.0,,,,,,,-0.8,,,Rakuten Eagles,PL
Minei Hiroki,34,2,232.1,-0.2,-1.1,,-0.1,,0.0,3.3,-4.2,0.7,SoftBank Hawks,PL
Kikuchi Ryosuke,35,4,606.0,-3.2,-6.8,-2.5,,-0.8,0.1,1.6,,,Hiroshima Carp,CL
Hernandez Elier,30,7,26.0,0.3,14.8,-0.1,0.4,,0.0,-0.2,,,Yomiuri Giants,CL
Hernandez Elier,30,8,299.2,0.6,2.6,1.9,-1.4,,0.1,1.0,,,Yomiuri Giants,CL
Hernandez Elier,30,DH,8.0,,,,,,,-0.1,,,Yomiuri Giants,CL
Tanaka Mikiya,24,4,351.1,6.0,22.0,3.1,,1.9,1.0,0.9,,,Chunichi Dragons,CL
Tanaka Mikiya,24,6,8.0,-0.4,-64.4,-0.2,,-0.2,0.1,0.1,,,Chunichi Dragons,CL
Ogawa Ryusei,27,4,80.2,1.1,17.5,0.4,,0.5,0.3,0.2,,,Lotte Marines,PL
Ogawa Ryusei,27,6,181.2,-0.3,-2.1,1.1,,-0.3,-1.0,1.5,,,Lotte Marines,PL
Ogawa Ryusei,27,DH,3.0,,,,,,,0.0,,,Lotte Marines,PL
Ukai Kosuke,26,7,67.0,-2.1,-40.3,-1.9,-0.3,,0.0,-0.6,,,Chunichi Dragons,CL
Mori Tomoya,29,2,89.0,0.8,11.6,,0.8,,0.0,1.3,1.9,0.0,ORIX Buffaloes,PL
Mori Tomoya,29,DH,193.2,,,,,,,-2.3,,,ORIX Buffaloes,PL
Hirasawa Taiga,27,3,2.0,0.0,0.0,0.0,,0.0,0.0,0.0,,,Seibu Lions,PL
Hirasawa Taiga,27,4,9.0,-1.1,-157.3,-0.3,,-0.1,-0.7,0.0,,,Seibu Lions,PL
Hirasawa Taiga,27,7,19.0,-1.4,-94.8,-0.9,-0.5,,0.0,-0.2,,,Seibu Lions,PL
Hirasawa Taiga,27,9,3.0,0.3,128.7,0.2,0.0,,0.0,0.0,,,Seibu Lions,PL
Shoji Yudai,22,4,11.0,0.2,23.4,0.9,,0.0,-0.7,0.0,,,SoftBank Hawks,PL
Shoji Yudai,22,6,4.0,-0.5,-160.9,-0.5,,0.0,0.0,0.0,,,SoftBank Hawks,PL
Shoji Yudai,22,DH,10.0,,,,,,,-0.1,,,SoftBank Hawks,PL
Austin Tyler,33,3,236.0,1.1,6.0,0.2,,0.0,0.9,-2.6,,,DeNA BayStars,CL
Terachi Ryusei,19,2,505.2,-5.0,-12.7,,-4.4,,-0.7,7.2,-2.9,-0.7,Lotte Marines,PL
Terachi Ryusei,19,3,4.0,0.0,0.0,0.0,,0.0,0.0,0.0,,,Lotte Marines,PL
Terachi Ryusei,19,DH,35.0,,,,,,,-0.4,,,Lotte Marines,PL
Yamamoto Yuudai,26,2,445.0,0.3,0.9,,1.6,,-1.3,6.4,7.2,0.6,DeNA BayStars,CL
Miyamoto Takeshi,30,3,0.1,0.0,0.0,0.0,,0.0,0.0,0.0,,,Yakult Swallows,CL
Miyamoto Takeshi,30,4,1.0,0.4,514.8,0.4,,0.0,0.0,0.0,,,Yakult Swallows,CL
Miyamoto Takeshi,30,7,47.0,2.1,57.5,1.2,0.8,,0.0,-0.4,,,Yakult Swallows,CL
Miyamoto Takeshi,30,9,27.0,-0.4,-19.1,-0.2,-0.2,,0.0,-0.1,,,Yakult Swallows,CL
Ishikawa Shingo,32,DH,72.2,,,,,,,-0.9,,,Lotte Marines,PL
Matsuo Shion,20,2,223.1,1.6,9.2,,1.0,,0.6,3.2,0.0,0.4,DeNA BayStars,CL
Matsuo Shion,20,DH,32.0,,,,,,,-0.4,,,DeNA BayStars,CL
Nakamura Yuhei,35,2,325.0,-2.6,-10.3,,-2.4,,-0.2,4.7,-2.4,-1.0,Yakult Swallows,CL
Nakata Keisuke,25,4,75.2,-1.0,-17.0,-1.0,,0.5,-0.5,0.2,,,Seibu Lions,PL
Nakata Keisuke,25,5,5.0,0.5,128.7,0.4,,0.0,0.1,0.0,,,Seibu Lions,PL
Nakata Keisuke,25,6,9.0,-0.9,-128.7,-0.2,,0.0,-0.7,0.1,,,Seibu Lions,PL
Nakata Keisuke,25,7,62.1,-0.2,-4.1,0.1,-0.3,,0.0,-0.6,,,Seibu Lions,PL
Nakata Keisuke,25,9,8.0,0.3,48.3,0.2,0.0,,0.0,0.0,,,Seibu Lions,PL
Nakata Keisuke,25,DH,7.0,,,,,,,-0.1,,,Seibu Lions,PL
Yamada Tetsuto,32,4,536.1,-8.6,-20.6,-6.6,,-0.4,-1.6,1.4,,,Yakult Swallows,CL
Tanaka Kosuke,35,3,2.0,-0.2,-128.7,-0.2,,0.0,0.0,0.0,,,Hiroshima Carp,CL
Tanaka Kosuke,35,5,74.0,1.0,17.4,0.5,,0.0,0.5,-0.3,,,Hiroshima Carp,CL
Nakashima Takuya,34,3,3.0,0.4,171.6,0.4,,0.0,0.1,0.0,,,Nipponham Fighters,PL
Nakashima Takuya,34,4,11.0,-0.1,-11.7,-0.1,,0.0,0.0,0.0,,,Nipponham Fighters,PL
Nakashima Takuya,34,5,1.0,0.0,0.0,0.0,,0.0,0.0,0.0,,,Nipponham Fighters,PL
Nakashima Takuya,34,6,19.0,0.1,6.8,1.0,,-0.4,-0.5,0.2,,,Nipponham Fighters,PL
Nakashima Takuya,34,7,2.0,-0.3,-193.0,-0.3,0.0,,0.0,0.0,,,Nipponham Fighters,PL
Nakashima Takuya,34,8,2.0,0.0,0.0,0.0,0.0,,0.0,0.0,,,Nipponham Fighters,PL
Nakashima Takuya,34,DH,2.0,,,,,,,0.0,,,Nipponham Fighters,PL
Fabian Sandro,27,7,683.1,-5.2,-9.8,-4.4,-0.9,,0.1,-6.5,,,Hiroshima Carp,CL
Fabian Sandro,27,DH,53.0,,,,,,,-0.6,,,Hiroshima Carp,CL
Yamanobe Kakeru,31,4,7.1,-0.2,-35.3,-0.2,,0.0,0.0,0.0,,,Yakult Swallows,CL
Yamanobe Kakeru,31,5,27.0,-0.8,-38.1,-0.4,,0.1,-0.5,-0.1,,,Yakult Swallows,CL
Ueda Kai,29,4,3.0,0.1,42.9,0.1,,0.0,0.0,0.0,,,Hanshin Tigers,CL
Ueda Kai,29,7,16.1,-0.3,-23.7,-0.3,0.0,,0.0,-0.2,,,Hanshin Tigers,CL
Ueda Kai,29,9,3.0,-0.3,-128.7,-0.3,0.0,,0.0,0.0,,,Hanshin Tigers,CL
Martinez Ariel,29,3,62.0,0.8,16.6,0.6,,0.0,0.3,-0.7,,,Nipponham Fighters,PL
Martinez Ariel,29,DH,24.0,,,,,,,-0.3,,,Nipponham Fighters,PL
Kurokawa Fumiya,24,3,55.0,-0.3,-7.0,-0.4,,-0.1,0.2,-0.6,,,Rakuten Eagles,PL
Kurokawa Fumiya,24,4,109.0,-2.8,-33.1,-1.7,,-0.1,-1.0,0.3,,,Rakuten Eagles,PL
Kurokawa Fumiya,24,5,31.0,-0.9,-37.4,-1.0,,0.0,0.1,-0.1,,,Rakuten Eagles,PL
Shibata Tatsuhiro,31,5,55.0,0.9,21.1,0.6,,0.0,0.2,-0.2,,,DeNA BayStars,CL
Shibata Tatsuhiro,31,6,23.0,-0.1,-5.6,-0.3,,0.0,0.2,0.2,,,DeNA BayStars,CL
Kishi Junichiro,28,7,46.0,-0.7,-19.6,-0.9,0.2,,0.0,-0.4,,,Seibu Lions,PL
Kishi Junichiro,28,9,2.0,0.3,193.0,0.2,0.0,,0.0,0.0,,,Seibu Lions,PL
Gonzalez Oscar,27,7,110.0,-6.1,-71.4,-5.0,-1.1,,0.0,-1.0,,,Rakuten Eagles,PL
Gonzalez Oscar,27,9,1.0,0.0,0.0,0.0,0.0,,0.0,0.0,,,Rakuten Eagles,PL
Gonzalez Oscar,27,DH,83.0,,,,,,,-1.0,,,Rakuten Eagles,PL
Ohta Kengo,28,9,17.0,-1.3,-98.4,-1.0,-0.3,,0.0,-0.1,,,Yakult Swallows,CL
Tamura Tatsuhiro,31,2,79.1,-0.7,-11.4,,-0.9,,0.2,1.1,1.5,-0.3,Lotte Marines,PL
Makino Shoya,24,2,119.0,-0.5,-5.4,,-0.5,,0.0,1.7,-0.9,0.3,Seibu Lions,PL
Makino Shoya,24,DH,18.2,,,,,,,-0.2,,,Seibu Lions,PL
Sasaki Shunsuke,25,7,36.0,2.5,89.4,2.2,0.3,,0.0,-0.3,,,Yomiuri Giants,CL
Sasaki Shunsuke,25,8,51.0,-1.1,-27.8,-1.2,0.0,,0.0,0.2,,,Yomiuri Giants,CL
Sasaki Shunsuke,25,9,26.0,0.8,39.6,0.7,0.1,,0.0,-0.1,,,Yomiuri Giants,CL
Nakamura Kento,28,3,8.0,0.2,32.2,0.2,,0.0,0.0,-0.1,,,Hiroshima Carp,CL
Nakamura Kento,28,9,8.0,0.7,112.6,0.7,0.0,,0.0,0.0,,,Hiroshima Carp,CL
Tonosaki Shuta,32,5,542.1,0.4,0.9,4.7,,-1.2,-3.1,-2.1,,,Seibu Lions,PL
Tonosaki Shuta,32,DH,18.0,,,,,,,-0.2,,,Seibu Lions,PL
Koga Yudai,26,2,362.0,4.6,16.4,,4.5,,0.1,5.2,-5.0,-0.1,Yakult Swallows,CL
Hayashi Takuma,24,4,4.0,-0.1,-32.2,-0.1,,0.0,0.0,0.0,,,DeNA BayStars,CL
Hayashi Takuma,24,5,25.0,-0.8,-41.2,-0.9,,0.0,0.1,-0.1,,,DeNA BayStars,CL
Hayashi Takuma,24,6,202.1,1.3,8.3,0.2,,0.5,0.6,1.6,,,DeNA BayStars,CL
Yamamura Takayoshi,22,3,12.0,0.0,0.0,0.0,,0.0,0.0,-0.1,,,Seibu Lions,PL
Yamamura Takayoshi,22,4,33.0,1.2,46.8,1.3,,-0.3,0.2,0.1,,,Seibu Lions,PL
Yamamura Takayoshi,22,5,158.0,-2.7,-22.0,-1.6,,0.2,-1.3,-0.6,,,Seibu Lions,PL
Ueda Shota,27,2,2.0,0.0,0.0,,0.0,,0.0,0.0,0.0,0.0,Lotte Marines,PL
Watanabe Seiya,22,7,427.1,-0.8,-2.4,-3.4,2.6,,0.1,-4.1,,,Seibu Lions,PL
Watanabe Seiya,22,DH,54.0,,,,,,,-0.6,,,Seibu Lions,PL
Kubo Shu,24,9,4.2,0.3,82.1,0.2,0.0,,0.0,0.0,,,Hiroshima Carp,CL
Tsutsugoh Yoshitomo,33,7,235.0,-1.9,-10.4,-0.1,-1.9,,0.0,-2.2,,,DeNA BayStars,CL
Tsutsugoh Yoshitomo,33,DH,24.0,,,,,,,-0.3,,,DeNA BayStars,CL
Sato Teruaki,26,5,561.1,1.6,3.7,-0.8,,0.3,2.1,-2.1,,,Hanshin Tigers,CL
Sato Teruaki,26,7,9.0,0.0,0.0,-0.3,0.3,,0.0,-0.1,,,Hanshin Tigers,CL
Sato Teruaki,26,9,236.1,5.2,28.3,3.5,1.6,,0.1,-0.9,,,Hanshin Tigers,CL
Nevin Tyler,28,3,711.1,6.5,11.8,6.6,,-0.6,0.5,-7.9,,,Seibu Lions,PL
Nevin Tyler,28,DH,60.0,,,,,,,-0.7,,,Seibu Lions,PL
Yanagita Yuki,36,7,39.0,0.5,16.5,0.5,0.0,,0.0,-0.4,,,SoftBank Hawks,PL
Yanagita Yuki,36,DH,35.0,,,,,,,-0.4,,,SoftBank Hawks,PL
Hosokawa Seiya,26,7,195.1,-1.6,-10.5,-1.4,-0.3,,0.0,-1.9,,,Chunichi Dragons,CL
Hosokawa Seiya,26,9,230.0,-3.6,-20.1,-1.0,-2.7,,0.1,-0.9,,,Chunichi Dragons,CL
Olivares Edward,29,9,9.0,0.0,0.0,0.2,-0.2,,0.0,0.0,,,ORIX Buffaloes,PL
Olivares Edward,29,DH,30.0,,,,,,,-0.4,,,ORIX Buffaloes,PL
Watanabe Ryo,30,5,9.0,0.2,28.6,0.1,,0.0,0.1,0.0,,,Hanshin Tigers,CL
Watanabe Ryo,30,DH,1.0,,,,,,,0.0,,,Hanshin Tigers,CL
Morishita Shota,24,7,225.0,6.0,34.3,7.0,-1.0,,0.1,-2.1,,,Hanshin Tigers,CL
Morishita Shota,24,9,584.1,8.8,19.4,5.8,3.6,,-0.7,-2.3,,,Hanshin Tigers,CL
Morishita Shota,24,DH,11.1,,,,,,,-0.1,,,Hanshin Tigers,CL
Soto Neftali,36,3,380.2,-2.8,-9.5,-2.7,,-0.2,0.0,-4.2,,,Lotte Marines,PL
Soto Neftali,36,DH,89.1,,,,,,,-1.1,,,Lotte Marines,PL
Polanco Gregory,33,7,8.0,0.6,96.5,0.8,-0.2,,0.0,-0.1,,,Lotte Marines,PL
Polanco Gregory,33,DH,319.2,,,,,,,-3.8,,,Lotte Marines,PL
Asamura Hideto,34,3,473.2,-7.5,-20.4,-3.4,,-0.2,-3.9,-5.3,,,Rakuten Eagles,PL
Asamura Hideto,34,DH,127.1,,,,,,,-1.5,,,Rakuten Eagles,PL
Kurihara Ryoya,28,5,464.2,-2.0,-5.5,-1.9,,0.8,-0.9,-1.8,,,SoftBank Hawks,PL
Nishino Masahiro,34,4,83.0,-1.4,-21.7,-1.5,,-0.2,0.3,0.2,,,ORIX Buffaloes,PL
Nishino Masahiro,34,5,53.0,0.1,2.4,0.6,,-0.3,-0.2,-0.2,,,ORIX Buffaloes,PL
Nishino Masahiro,34,DH,61.0,,,,,,,-0.7,,,ORIX Buffaloes,PL
Diaz Jordan,24,3,18.0,-1.7,-121.6,-1.8,,0.0,0.1,-0.2,,,ORIX Buffaloes,PL
Diaz Jordan,24,DH,164.0,,,,,,,-2.0,,,ORIX Buffaloes,PL
Nakamura Shogo,33,4,18.0,-1.3,-93.0,-1.4,,0.1,0.0,0.0,,,Lotte Marines,PL
Nakamura Shogo,33,5,121.0,1.9,20.2,1.3,,0.0,0.6,-0.5,,,Lotte Marines,PL
Fukunaga Sho,25,2,161.0,-0.3,-2.4,,-0.1,,-0.2,2.3,-2.4,0.2,ORIX Buffaloes,PL
Satoh Toshiya,27,2,162.0,-3.1,-24.6,,-3.2,,0.0,2.3,0.4,0.0,Lotte Marines,PL
Satoh Toshiya,27,3,15.0,-0.3,-25.7,-0.3,,0.0,0.0,-0.2,,,Lotte Marines,PL
Satoh Toshiya,27,DH,11.0,,,,,,,-0.1,,,Lotte Marines,PL
Hama Shonosuke,25,9,3.0,0.4,171.6,0.2,0.1,,0.0,0.0,,,Chunichi Dragons,CL
Ikeda Raito,25,3,260.1,-1.3,-6.4,-2.2,,0.1,0.9,-2.9,,,Lotte Marines,PL
Ikeda Raito,25,4,15.0,-0.4,-34.3,-0.2,,-0.3,0.1,0.0,,,Lotte Marines,PL
Ikeda Raito,25,5,85.0,1.6,24.2,1.6,,-0.1,0.0,-0.3,,,Lotte Marines,PL
Ikeda Raito,25,DH,5.0,,,,,,,-0.1,,,Lotte Marines,PL
Sawai Ren,25,9,122.0,0.6,6.3,0.3,0.3,,0.0,-0.5,,,Yakult Swallows,CL
Nakamura Takeya,41,DH,187.2,,,,,,,-2.2,,,Seibu Lions,PL
Cedeno Leandro,26,DH,245.1,,,,,,,-2.9,,,Seibu Lions,PL
Osuna Jose,32,3,736.0,-6.7,-11.7,-6.9,,0.0,0.2,-8.2,,,Yakult Swallows,CL
Tongu Yuma,28,3,672.0,-2.6,-5.0,-2.1,,-0.2,-0.4,-7.5,,,ORIX Buffaloes,PL
Koga Yuto,25,2,499.0,-1.1,-2.8,,-0.9,,-0.2,7.1,-1.1,0.1,Seibu Lions,PL
Satoh Ryusei,28,5,174.0,-0.8,-5.9,-1.3,,0.9,-0.4,-0.7,,,Chunichi Dragons,CL
Miyazaki Toshiro,36,5,473.1,1.1,3.0,1.5,,0.0,-0.3,-1.8,,,DeNA BayStars,CL
Miyazaki Toshiro,36,DH,8.0,,,,,,,-0.1,,,DeNA BayStars,CL
Watanabe Haruto,25,7,9.0,0.6,85.8,0.6,0.0,,0.0,-0.1,,,ORIX Buffaloes,PL
Watanabe Haruto,25,8,19.0,0.9,61.0,0.9,0.0,,0.0,0.1,,,ORIX Buffaloes,PL
Watanabe Haruto,25,9,2.0,0.3,193.0,0.2,0.0,,0.0,0.0,,,ORIX Buffaloes,PL
Watanabe Haruto,25,DH,1.0,,,,,,,0.0,,,ORIX Buffaloes,PL
Wakatsuki Kenya,29,2,524.2,-1.6,-3.9,,-1.6,,0.1,7.5,-1.5,0.7,ORIX Buffaloes,PL
Ishikami Taiki,24,5,37.0,1.7,59.1,1.0,,0.3,0.3,-0.1,,,DeNA BayStars,CL
Ishikami Taiki,24,6,171.0,1.2,9.0,1.3,,0.2,-0.3,1.4,,,DeNA BayStars,CL
Ishikami Taiki,24,DH,1.0,,,,,,,0.0,,,DeNA BayStars,CL
Nakamigawa Yuta,22,DH,18.0,,,,,,,-0.2,,,Seibu Lions,PL
Tanigawara Kenta,28,2,55.0,-0.4,-9.4,,-0.5,,0.1,0.8,0.1,0.2,SoftBank Hawks,PL
Tanigawara Kenta,28,DH,6.0,,,,,,,-0.1,,,SoftBank Hawks,PL
Ishihara Tomoki,27,2,206.1,1.1,6.9,,1.0,,0.1,3.0,-0.6,-0.1,Hiroshima Carp,CL
Kumagai Takahiro,29,3,5.0,-0.5,-128.7,-0.5,,0.0,0.0,-0.1,,,Hanshin Tigers,CL
Kumagai Takahiro,29,4,2.0,-0.3,-193.0,-0.4,,0.0,0.0,0.0,,,Hanshin Tigers,CL
Kumagai Takahiro,29,5,75.1,-0.3,-5.1,-0.7,,0.0,0.4,-0.3,,,Hanshin Tigers,CL
Kumagai Takahiro,29,6,39.0,0.5,16.5,0.2,,0.0,0.3,0.3,,,Hanshin Tigers,CL
Kumagai Takahiro,29,7,24.2,1.7,88.6,1.7,0.0,,0.0,-0.2,,,Hanshin Tigers,CL
フォード,フォード,3,23.0,0.1,5.6,0.0,,0.0,0.1,-0.3,,,DeNA BayStars,CL
Davis JD,32,5,18.0,-0.6,-42.9,-0.7,,0.0,0.1,-0.1,,,Seibu Lions,PL
Davis JD,32,DH,9.0,,,,,,,-0.1,,,Seibu Lions,PL
Okamoto Kazuma,29,3,157.1,1.4,11.5,2.1,,-0.1,-0.6,-1.8,,,Yomiuri Giants,CL
Okamoto Kazuma,29,5,122.2,3.1,32.5,2.1,,0.1,1.0,-0.5,,,Yomiuri Giants,CL
Ishikawa Takaya,24,5,157.2,0.5,4.1,0.5,,-0.5,0.6,-0.6,,,Chunichi Dragons,CL
Montero Elehuris,26,3,456.0,-3.9,-11.0,-4.7,,0.0,0.7,-5.1,,,Hiroshima Carp,CL
Nomura Yuki,25,3,374.1,-0.1,-0.3,-0.4,,-0.2,0.5,-4.2,,,Nipponham Fighters,PL
Nomura Yuki,25,5,4.0,0.2,64.4,0.2,,0.0,0.0,0.0,,,Nipponham Fighters,PL
Nomura Yuki,25,7,81.0,4.1,65.1,3.8,0.3,,0.0,-0.8,,,Nipponham Fighters,PL
Nomura Yuki,25,DH,18.0,,,,,,,-0.2,,,Nipponham Fighters,PL
Sugimoto Yutaro,34,9,358.1,1.6,5.7,1.4,0.1,,0.1,-1.4,,,ORIX Buffaloes,PL
Sugimoto Yutaro,34,DH,193.2,,,,,,,-2.3,,,ORIX Buffaloes,PL
Yamakawa Hotaka,33,3,227.0,-0.2,-1.1,1.6,,0.2,-2.0,-2.5,,,SoftBank Hawks,PL
Yamakawa Hotaka,33,DH,399.1,,,,,,,-4.8,,,SoftBank Hawks,PL
Yamaashi Tatsuya,31,3,7.2,0.0,0.0,-0.1,,0.0,0.0,-0.1,,,Hiroshima Carp,CL
Yamaashi Tatsuya,31,4,2.0,0.0,0.0,0.0,,0.0,0.0,0.0,,,Hiroshima Carp,CL
Yamaashi Tatsuya,31,5,9.0,-0.4,-57.2,-0.4,,-0.1,0.0,0.0,,,Hiroshima Carp,CL
Yamaashi Tatsuya,31,6,7.0,-0.5,-91.9,-0.4,,-0.1,0.0,0.1,,,Hiroshima Carp,CL
Ohyama Yusuke,30,3,812.2,0.8,1.3,0.4,,0.6,-0.2,-9.1,,,Hanshin Tigers,CL
Wakabayashi Akihiro,31,3,7.0,0.2,36.8,0.2,,0.0,0.0,-0.1,,,Nipponham Fighters,PL
Wakabayashi Akihiro,31,4,9.0,-1.1,-157.3,-0.1,,-0.3,-0.7,0.0,,,Nipponham Fighters,PL
Murakami Munetaka,25,3,1.0,0.0,0.0,0.0,,0.0,0.0,0.0,,,Yakult Swallows,CL
Murakami Munetaka,25,9,8.0,0.9,144.8,0.4,0.4,,0.0,0.0,,,Yakult Swallows,CL
Kuriyama Takumi,41,DH,35.0,,,,,,,-0.4,,,Seibu Lions,PL
Akihiro Yuto,22,3,2.2,0.0,0.0,0.0,,0.0,0.0,0.0,,,Yomiuri Giants,CL
Akihiro Yuto,22,7,9.0,1.2,171.6,1.4,-0.2,,0.0,-0.1,,,Yomiuri Giants,CL
Tatematsu Yu,26,3,11.0,-0.3,-35.1,0.3,,0.0,-0.6,-0.1,,,Lotte Marines,PL
Tatematsu Yu,26,DH,1.0,,,,,,,0.0,,,Lotte Marines,PL
Nakata Sho,36,3,144.0,0.2,1.8,-0.3,,0.0,0.5,-1.6,,,Chunichi Dragons,CL
Ohshiro Takumi,32,2,25.0,-0.7,-36.0,,-0.1,,-0.6,0.4,0.1,0.1,Yomiuri Giants,CL
Ohshiro Takumi,32,3,55.0,-1.2,-28.1,-0.6,,0.0,-0.5,-0.6,,,Yomiuri Giants,CL
Ohshiro Takumi,32,DH,16.0,,,,,,,-0.2,,,Yomiuri Giants,CL
Shimauchi Hiroaki,35,DH,18.0,,,,,,,-0.2,,,Rakuten Eagles,PL
Sasahara Misaki,21,7,9.0,0.0,0.0,0.0,0.0,,0.0,-0.1,,,Yomiuri Giants,CL
Sasahara Misaki,21,9,36.0,-5.5,-196.6,-5.0,-0.5,,0.0,-0.1,,,Yomiuri Giants,CL
Fukunaga Hiroki,28,5,7.0,-0.3,-55.2,-0.4,,0.0,0.0,0.0,,,Chunichi Dragons,CL
Usami Shingo,32,2,66.0,0.5,9.8,,0.2,,0.4,0.9,2.0,-0.3,Chunichi Dragons,CL
Usami Shingo,32,3,1.0,0.0,0.0,0.0,,0.0,0.0,0.0,,,Chunichi Dragons,CL
Sugisawa Ryu,25,7,3.0,0.3,128.7,0.2,0.1,,0.0,0.0,,,ORIX Buffaloes,PL
Sugisawa Ryu,25,8,44.0,-2.1,-61.4,-2.0,-0.1,,0.0,0.1,,,ORIX Buffaloes,PL
Sugisawa Ryu,25,9,1.0,0.0,0.0,0.0,0.0,,0.0,0.0,,,ORIX Buffaloes,PL
Voit Luke,34,3,27.0,0.5,23.8,0.5,,-0.1,0.1,-0.3,,,Rakuten Eagles,PL
Voit Luke,34,DH,94.2,,,,,,,-1.1,,,Rakuten Eagles,PL
Masaki Tomoya,25,7,97.0,0.4,5.3,-1.1,1.4,,0.0,-0.9,,,SoftBank Hawks,PL
Masaki Tomoya,25,9,43.0,0.7,21.0,0.5,0.1,,0.0,-0.2,,,SoftBank Hawks,PL
Tobashira Yasutaka,35,2,110.0,-0.3,-3.5,,0.1,,-0.4,1.6,-0.3,-0.4,DeNA BayStars,CL
Tobashira Yasutaka,35,DH,8.0,,,,,,,-0.1,,,DeNA BayStars,CL
Maegawa Ukyo,22,7,349.1,-9.0,-33.2,-8.0,-1.0,,0.1,-3.3,,,Hanshin Tigers,CL
Sakakura Shogo,27,2,477.0,-1.5,-4.0,,-2.1,,0.6,6.8,-2.1,-0.6,Hiroshima Carp,CL
Sakakura Shogo,27,DH,26.0,,,,,,,-0.3,,,Hiroshima Carp,CL
Sunagawa Richard,26,3,16.0,-1.2,-96.5,-1.2,,0.0,0.1,-0.2,,,Yomiuri Giants,CL
Sunagawa Richard,26,5,74.0,-2.3,-40.0,-2.7,,-0.1,0.5,-0.3,,,Yomiuri Giants,CL
Sunagawa Richard,26,DH,2.0,,,,,,,0.0,,,Yomiuri Giants,CL
Umino Takashi,27,2,394.1,-1.0,-3.3,,-1.1,,0.1,5.6,-0.5,0.3,SoftBank Hawks,PL
Kinoshita Takuya,33,2,290.2,1.3,5.8,,0.9,,0.5,4.2,-1.9,-0.3,Chunichi Dragons,CL
Kawagoe Seiji,32,7,24.0,-0.1,-5.4,0.0,-0.1,,0.0,-0.2,,,Chunichi Dragons,CL
Kawagoe Seiji,32,DH,25.0,,,,,,,-0.3,,,Chunichi Dragons,CL
Ishigaki Masami,26,3,8.0,0.0,0.0,0.0,,0.0,0.0,-0.1,,,Lotte Marines,PL
Ishigaki Masami,26,4,15.0,-1.0,-85.8,-0.9,,-0.1,0.0,0.0,,,Lotte Marines,PL
Ishigaki Masami,26,5,21.2,1.3,77.1,1.0,,0.1,0.2,-0.1,,,Lotte Marines,PL
Ishigaki Masami,26,6,3.0,0.4,171.6,0.4,,0.0,0.0,0.0,,,Lotte Marines,PL
Hiruma Takuya,24,7,76.2,-2.2,-36.9,-1.7,-0.5,,0.0,-0.7,,,Seibu Lions,PL
Hiruma Takuya,24,9,21.0,-0.2,-12.3,0.1,-0.3,,0.0,-0.1,,,Seibu Lions,PL
Ishibashi Kota,24,2,9.0,0.0,0.0,,0.0,,0.0,0.1,-0.6,0.1,Chunichi Dragons,CL
Ishibashi Kota,24,DH,8.0,,,,,,,-0.1,,,Chunichi Dragons,CL
Inoue Kento,25,7,53.0,0.1,2.4,0.1,0.0,,0.0,-0.5,,,DeNA BayStars,CL
Inoue Kento,25,9,6.0,-0.6,-128.7,-0.3,-0.3,,0.0,0.0,,,DeNA BayStars,CL
Hernandez Ramon,29,3,7.0,-0.2,-36.8,-0.2,,0.0,0.0,-0.1,,,Hanshin Tigers,CL
Hernandez Ramon,29,5,103.0,-1.3,-16.2,-0.2,,-0.3,-0.8,-0.4,,,Hanshin Tigers,CL
Hernandez Ramon,29,DH,31.2,,,,,,,-0.4,,,Hanshin Tigers,CL
Murata Reon,23,3,8.0,0.4,64.4,0.4,,0.0,0.1,-0.1,,,Seibu Lions,PL
Murata Reon,23,DH,18.0,,,,,,,-0.2,,,Seibu Lions,PL
Aramaki Yu,22,3,61.2,0.1,2.1,-0.1,,0.0,0.2,-0.7,,,Yomiuri Giants,CL
Aramaki Yu,22,5,26.0,0.6,29.7,0.2,,0.1,0.2,-0.1,,,Yomiuri Giants,CL
Hamada Taiki,24,7,2.0,0.0,0.0,0.0,0.0,,0.0,0.0,,,Yakult Swallows,CL
Hamada Taiki,24,9,31.0,0.1,4.2,0.0,0.1,,0.0,-0.1,,,Yakult Swallows,CL
Inoue Kouta,23,7,9.0,-1.4,-200.2,-1.7,0.3,,0.0,-0.1,,,Hanshin Tigers,CL
Nomura Daiju,24,3,1.0,0.0,0.0,0.0,,0.0,0.0,0.0,,,Seibu Lions,PL
Nomura Daiju,24,4,56.0,-0.9,-20.7,-1.2,,0.1,0.2,0.2,,,Seibu Lions,PL
Nomura Daiju,24,5,11.0,-0.5,-58.5,-0.6,,0.0,0.0,0.0,,,Seibu Lions,PL
Sumitani Ginjiro,37,2,166.1,-2.9,-22.4,,-2.1,,-0.8,2.4,-3.3,0.0,Seibu Lions,PL
Shimada Kairi,29,7,64.1,-2.0,-40.0,-2.1,0.1,,0.0,-0.6,,,Hanshin Tigers,CL
Shimada Kairi,29,9,1.0,0.0,0.0,0.0,0.0,,0.0,0.0,,,Hanshin Tigers,CL
Shimada Kairi,29,DH,1.0,,,,,,,0.0,,,Hanshin Tigers,CL
Kinami Seiya,31,5,27.0,-0.8,-38.1,-0.3,,0.0,-0.5,-0.1,,,Hanshin Tigers,CL
Kinami Seiya,31,6,303.2,-1.3,-5.5,1.7,,-0.8,-2.2,2.5,,,Hanshin Tigers,CL
Onodera Dan,27,7,2.0,-0.3,-193.0,-0.3,0.0,,0.0,0.0,,,Hanshin Tigers,CL
Kusumoto Taishi,29,7,1.2,0.3,227.1,0.3,0.0,,0.0,0.0,,,Hanshin Tigers,CL
Nakagawa Hayato,21,7,24.0,0.0,0.0,0.0,0.0,,0.0,-0.2,,,Hanshin Tigers,CL
Miyazaki Ryusei,24,4,66.0,-1.0,-19.5,-1.5,,0.2,0.2,0.2,,,Lotte Marines,PL
Miyazaki Ryusei,24,5,17.2,-0.3,-21.8,-0.4,,0.0,0.0,-0.1,,,Lotte Marines,PL
Takatera Nozomu,22,4,5.0,-0.3,-77.2,-0.3,,0.0,0.0,0.0,,,Hanshin Tigers,CL
Takatera Nozomu,22,5,14.2,0.2,17.5,0.8,,0.0,-0.5,-0.1,,,Hanshin Tigers,CL
Takatera Nozomu,22,6,23.0,-0.8,-44.8,-1.2,,0.3,0.1,0.2,,,Hanshin Tigers,CL
Takatera Nozomu,22,7,42.1,-0.6,-18.3,-0.3,-0.3,,0.0,-0.4,,,Hanshin Tigers,CL
Takatera Nozomu,22,DH,2.0,,,,,,,0.0,,,Hanshin Tigers,CL
Akihiro Yuto,22,3,3.0,-0.1,-42.9,-0.1,,0.0,0.0,0.0,,,SoftBank Hawks,PL
Akihiro Yuto,22,7,113.1,-0.5,-5.7,0.9,-1.4,,0.0,-1.1,,,SoftBank Hawks,PL
Sakamoto Seishiro,31,2,569.2,3.0,6.8,,2.4,,0.6,8.2,12.9,0.1,Hanshin Tigers,CL
Itohara Kento,32,5,34.1,1.3,48.8,1.0,,0.0,0.3,-0.1,,,Hanshin Tigers,CL
Itohara Kento,32,DH,8.0,,,,,,,-0.1,,,Hanshin Tigers,CL
Okada Yuki,25,7,4.0,0.3,96.5,0.3,0.0,,0.0,0.0,,,Yomiuri Giants,CL
Okada Yuki,25,8,2.0,0.0,0.0,0.0,0.0,,0.0,0.0,,,Yomiuri Giants,CL
Okada Yuki,25,9,23.0,-0.1,-5.6,-0.5,0.4,,0.0,-0.1,,,Yomiuri Giants,CL
Itoh Hikaru,36,2,9.0,-0.1,-14.3,,-0.2,,0.0,0.1,0.0,0.0,DeNA BayStars,CL
Toyoda Hiroshi,28,7,57.0,-2.1,-47.4,-3.1,1.0,,0.0,-0.5,,,Hanshin Tigers,CL
Toyoda Hiroshi,28,DH,24.2,,,,,,,-0.3,,,Hanshin Tigers,CL
Ueda Kyuto,23,3,39.0,-0.4,-13.2,-0.5,,0.0,0.1,-0.4,,,Lotte Marines,PL
Ueda Kyuto,23,5,86.0,-1.4,-21.0,0.0,,0.0,-1.4,-0.3,,,Lotte Marines,PL
Watanabe Riku,24,2,121.0,-0.6,-6.4,,-0.5,,-0.1,1.7,-2.5,0.0,SoftBank Hawks,PL
Yuasa Dai,25,5,3.0,0.5,214.5,0.4,,0.0,0.1,0.0,,,Yomiuri Giants,CL
Yuasa Dai,25,6,2.0,0.3,193.0,0.4,,-0.1,0.0,0.0,,,Yomiuri Giants,CL
Umeno Ryutaro,34,2,243.1,1.7,9.0,,1.2,,0.4,3.5,2.4,0.0,Hanshin Tigers,CL
Sakaeda Yuki,27,2,11.2,0.0,0.0,,0.0,,0.0,0.2,0.7,0.0,Hanshin Tigers,CL
Tsuchida Ryuku,22,6,96.0,1.3,17.4,1.0,,0.1,0.2,0.8,,,Chunichi Dragons,CL
Hayashi Kota,24,3,19.2,-0.2,-13.1,-0.2,,0.0,0.0,-0.2,,,Hiroshima Carp,CL
Hayashi Kota,24,5,5.0,-0.6,-154.4,-0.6,,0.0,0.0,0.0,,,Hiroshima Carp,CL
Arizono Naoki,22,5,22.0,2.0,117.0,1.7,,0.0,0.3,-0.1,,,Nipponham Fighters,PL
Higuma Montell,25,9,25.0,1.5,77.2,1.0,0.5,,0.0,-0.1,,,Seibu Lions,PL
Ikhine Itua,20,DH,2.0,,,,,,,0.0,,,SoftBank Hawks,PL
Mori Keito,23,6,194.0,-1.9,-12.6,-0.7,,-0.2,-1.0,1.6,,,DeNA BayStars,CL
Ishii Yuta,24,2,327.2,1.0,3.9,,1.1,,-0.1,4.7,-0.4,0.1,Chunichi Dragons,CL
Kobayashi Seiji,36,2,46.0,0.0,0.0,,-0.1,,0.1,0.7,3.5,0.0,Yomiuri Giants,CL
Matsumoto Naoki,31,2,55.0,1.1,25.7,,1.3,,-0.2,0.8,-0.7,-0.2,Yakult Swallows,CL
Takamatsu Wataru,25,7,31.0,0.7,29.1,0.7,0.0,,0.0,-0.3,,,Seibu Lions,PL
Takamatsu Wataru,25,DH,7.0,,,,,,,-0.1,,,Seibu Lions,PL
Irie Daiki,23,6,26.0,0.3,14.8,-0.3,,0.4,0.2,0.2,,,Rakuten Eagles,PL
Chlup Marek,26,9,9.0,0.5,71.5,0.5,0.0,,0.0,0.0,,,Yomiuri Giants,CL
Sunagawa Richard,26,5,51.0,-0.1,-2.5,0.5,,0.0,-0.5,-0.2,,,SoftBank Hawks,PL
Urata Shunsuke,22,5,9.0,-0.3,-42.9,-0.4,,0.0,0.1,0.0,,,Yomiuri Giants,CL
Urata Shunsuke,22,6,2.0,0.0,0.0,0.0,,0.0,0.0,0.0,,,Yomiuri Giants,CL
Rodriguez Christian,23,6,15.0,-0.2,-17.2,0.0,,-0.2,0.1,0.1,,,Chunichi Dragons,CL
Hashimoto Seiya,24,9,1.0,0.0,0.0,0.0,0.0,,0.0,0.0,,,Yakult Swallows,CL
Ishikawa Ryo,29,2,2.0,0.0,0.0,,0.0,,0.0,0.0,-0.2,0.0,ORIX Buffaloes,PL
Azuma Junpei,23,7,7.0,1.3,239.0,0.8,0.5,,0.0,-0.1,,,DeNA BayStars,CL
Mitsuka Rui,21,7,9.0,1.7,243.1,1.7,0.0,,0.0,-0.1,,,Yomiuri Giants,CL
Mitsuka Rui,21,DH,10.1,,,,,,,-0.1,,,Yomiuri Giants,CL
Tsuge Sena,28,2,6.0,-0.2,-42.9,,-0.2,,0.0,0.1,0.4,0.0,Seibu Lions,PL
Isomura Yoshitaka,32,2,3.0,0.1,42.9,,0.0,,0.1,0.0,0.0,0.0,Hiroshima Carp,CL
Tsuda Keishi,22,6,1.0,0.2,257.4,0.2,,0.0,0.0,0.0,,,Chunichi Dragons,CL
