Pitcher,G,W,L,SV,CG,SHO,BF,IP,H,HR,SO,BB,IBB,HB,WP,R,ER,ERA,FIP,kwERA,WHIP,ERA+,FIP-,kwERA-,Diff,HR%,K%,BB%,K-BB%,Age,T,Team,League
Beasley Jeremy,11,5,2,0,0,0,251,64.0,43,1,76,22,0,4,3,13,8,1.13,2.64,2.65,1.02,269,73,69,-1.51,0.4%,30.3%,8.8%,21.5%,29,R,Hanshin Tigers,WL
Betances Jose,18,2,1,0,0,0,133,28.1,23,1,25,23,0,7,5,18,16,5.08,5.46,4.65,1.62,60,150,121,-0.38,0.8%,18.8%,17.3%,1.5%,25,R,Hanshin Tigers,WL
Dolis Rafael,2,0,0,0,0,0,8,2.0,1,0,2,0,0,0,0,0,0,0.00,1.59,2.30,0.50,999,44,60,-1.59,0.0%,25.0%,0.0%,25.0%,27,R,Hanshin Tigers,WL
Duplantier Jon,3,1,0,0,0,0,41,10.2,6,0,15,4,0,0,0,0,0,0.00,1.91,2.12,0.94,999,52,55,-1.91,0.0%,36.6%,9.8%,26.8%,30,R,Hanshin Tigers,WL
Guerra Javy,29,1,3,3,0,0,130,28.2,30,0,32,12,0,2,6,14,7,2.20,2.83,3.26,1.47,138,78,85,-0.63,0.0%,24.6%,9.2%,15.4%,29,R,Hanshin Tigers,WL
Hartwig Grant,1,0,0,0,0,0,3,1.0,0,0,3,0,0,0,0,0,0,0.00,-2.41,-5.20,0.00,999,-66,-135,2.41,0.0%,100.0%,0.0%,100.0%,28,R,Hanshin Tigers,WL
Hatake Seishu,5,0,0,0,0,0,21,3.2,8,1,2,3,1,0,2,5,4,9.82,8.50,5.28,3.00,31,234,137,1.32,4.8%,9.5%,14.3%,-4.8%,31,R,Hanshin Tigers,WL
Hayakawa Daiki,14,8,1,0,0,0,295,71.2,62,5,48,18,0,3,1,24,22,2.76,4.04,3.78,1.12,110,111,98,-1.28,1.7%,16.3%,6.1%,10.2%,25,R,Hanshin Tigers,WL
Ibaragi Hidetoshi,3,0,1,0,0,0,36,8.2,6,1,8,5,0,1,1,6,6,6.23,5.32,3.97,1.27,49,146,103,0.91,2.8%,22.2%,13.9%,8.3%,21,R,Hanshin Tigers,WL
Ihara Takato,1,0,0,0,0,0,3,1.0,0,0,1,0,0,0,0,0,0,0.00,1.59,1.47,0.00,999,44,38,-1.59,0.0%,33.3%,0.0%,33.3%,24,L,Hanshin Tigers,WL
Ishiguro Yuya,8,1,0,3,0,0,32,8.0,4,0,9,3,0,0,0,1,0,0.00,2.47,2.92,0.88,999,68,76,-2.47,0.0%,28.1%,9.4%,18.8%,24,R,Hanshin Tigers,WL
Ishii Daichi,1,0,0,0,0,0,3,1.0,0,0,3,0,0,0,0,0,0,0.00,-2.41,-5.20,0.00,999,-66,-135,2.41,0.0%,100.0%,0.0%,100.0%,27,R,Hanshin Tigers,WL
Itoh Masashi,8,3,1,0,0,0,182,44.0,47,1,33,8,0,2,0,16,15,3.07,3.07,3.43,1.25,99,84,89,-0.00,0.5%,18.1%,4.4%,13.7%,29,L,Hanshin Tigers,WL
Itoh Ryo,16,3,7,0,0,0,318,72.0,73,3,44,35,0,3,4,29,28,3.50,4.50,4.52,1.50,87,124,117,-1.00,0.9%,13.8%,11.0%,2.8%,25,L,Hanshin Tigers,WL
Iwasada Yuta,16,1,0,0,0,0,61,16.0,9,0,13,4,0,0,1,1,0,0.00,2.72,3.32,0.81,999,75,86,-2.72,0.0%,21.3%,6.6%,14.8%,33,L,Hanshin Tigers,WL
Kawahara Riku,14,1,3,0,0,0,99,20.1,22,2,10,16,0,1,2,20,17,7.52,6.40,5.41,1.87,40,176,140,1.12,2.0%,10.1%,16.2%,-6.1%,24,L,Hanshin Tigers,WL
Kesamaru Yuki,9,4,0,0,0,0,143,32.2,29,2,23,19,0,0,3,17,15,4.13,4.73,4.52,1.47,74,130,117,-0.60,1.4%,16.1%,13.3%,2.8%,19,R,Hanshin Tigers,WL
Kinoshita Rito,22,1,3,0,0,0,97,22.2,21,0,20,9,0,1,2,8,7,2.78,3.15,3.67,1.32,110,87,95,-0.37,0.0%,20.6%,9.3%,11.3%,24,R,Hanshin Tigers,WL
Kudo Taisei,18,1,2,0,0,0,96,19.1,18,1,26,18,0,1,1,14,11,5.12,4.52,3.97,1.86,59,124,103,0.60,1.0%,27.1%,18.8%,8.3%,23,R,Hanshin Tigers,WL
Martinez Anthony,5,0,1,0,0,0,93,21.2,20,2,11,7,0,1,1,10,9,3.74,4.89,4.37,1.25,81,134,113,-1.15,2.2%,11.8%,7.5%,4.3%,25,R,Hanshin Tigers,WL
Matsubara Kai,32,0,1,0,0,0,170,38.2,37,3,24,21,0,4,6,21,20,4.66,5.30,4.62,1.50,65,146,120,-0.64,1.8%,14.1%,12.4%,1.8%,25,R,Hanshin Tigers,WL
Mombetsu Keito,6,2,1,0,0,0,135,36.0,28,1,26,4,0,1,0,6,5,1.25,2.93,3.17,0.89,244,80,82,-1.68,0.7%,19.3%,3.0%,16.3%,20,L,Hanshin Tigers,WL
Moriki Daichi,13,0,0,0,0,0,83,13.1,24,1,14,15,0,5,5,21,20,13.50,6.97,4.92,2.93,23,192,128,6.53,1.2%,16.9%,18.1%,-1.2%,22,R,Hanshin Tigers,WL
Murakami Shoki,1,0,0,0,0,0,18,5.0,3,0,2,0,0,0,0,0,0,0.00,2.79,3.69,0.60,999,77,96,-2.79,0.0%,11.1%,0.0%,11.1%,27,R,Hanshin Tigers,WL
Nelson Nick,5,0,0,0,0,0,18,5.0,1,0,6,1,0,0,0,0,0,0.00,1.79,2.02,0.40,999,49,53,-1.79,0.0%,33.3%,5.6%,27.8%,29,R,Hanshin Tigers,WL
Nishi Yuki,10,3,2,0,0,0,177,45.0,35,0,32,5,0,2,0,14,14,2.80,2.64,3.27,0.89,109,73,85,0.16,0.0%,18.1%,2.8%,15.3%,34,R,Hanshin Tigers,WL
Ogawa Ippei,2,0,0,0,0,0,10,2.0,2,0,2,2,0,0,0,1,1,4.50,4.59,4.80,2.00,68,126,125,-0.09,0.0%,20.0%,20.0%,0.0%,28,R,Hanshin Tigers,WL
Ohtake Koutaro,5,2,2,0,0,0,84,21.0,20,0,11,2,0,1,0,8,7,3.00,2.97,3.73,1.05,101,82,97,0.03,0.0%,13.1%,2.4%,10.7%,30,L,Hanshin Tigers,WL
Okadome Hidetaka,21,1,1,9,0,0,79,21.0,16,2,12,1,0,2,0,6,3,1.29,4.12,3.41,0.81,236,113,88,-2.83,2.5%,15.2%,1.3%,13.9%,25,R,Hanshin Tigers,WL
Saiki Hiroto,1,0,1,0,0,0,21,5.0,6,0,3,0,0,0,0,1,1,1.80,2.39,3.37,1.20,169,66,88,-0.59,0.0%,14.3%,0.0%,14.3%,26,R,Hanshin Tigers,WL
Satoh Ren,19,1,1,0,0,0,107,21.0,16,0,23,28,0,2,8,15,15,6.43,5.69,5.27,2.10,47,156,137,0.74,0.0%,21.5%,26.2%,-4.7%,27,R,Hanshin Tigers,WL
Shiiba Tsuyoshi,30,2,2,0,0,0,146,37.0,28,2,44,12,0,2,5,10,9,2.19,3.05,2.61,1.08,139,84,68,-0.86,1.4%,30.1%,8.2%,21.9%,23,R,Hanshin Tigers,WL
Shimamoto Hiroya,19,0,0,0,0,0,67,18.1,10,0,14,2,0,0,1,0,0,0.00,2.39,3.01,0.65,999,66,78,-2.39,0.0%,20.9%,3.0%,17.9%,32,L,Hanshin Tigers,WL
Suzuki Yuto,1,0,0,0,0,0,4,0.2,0,0,1,1,0,0,0,0,0,0.00,5.09,4.80,1.50,999,140,125,-5.09,0.0%,25.0%,25.0%,0.0%,25,L,Hanshin Tigers,WL
Takahashi Haruto,3,1,0,0,0,0,36,9.0,8,0,7,2,0,0,0,0,0,0.00,2.70,3.41,1.11,999,74,89,-2.70,0.0%,19.4%,5.6%,13.9%,29,L,Hanshin Tigers,WL
Tomida Ren,21,1,1,0,0,0,125,30.0,28,0,30,6,0,1,1,14,14,4.20,2.29,2.88,1.13,72,63,75,1.91,0.0%,24.0%,4.8%,19.2%,23,L,Hanshin Tigers,WL
Tsuda Junya,12,2,1,1,0,0,103,24.1,22,1,16,12,0,0,2,15,13,4.81,4.29,4.41,1.40,63,118,115,0.52,1.0%,15.5%,11.7%,3.9%,23,R,Hanshin Tigers,WL
Urushihara Taisei,19,1,0,4,0,0,77,19.0,12,0,14,7,0,1,0,5,3,1.42,3.38,3.89,1.00,214,93,101,-1.96,0.0%,18.2%,9.1%,9.1%,28,R,Hanshin Tigers,WL
Yuasa Atsuki,10,0,1,1,0,0,43,10.0,8,0,6,4,0,0,0,4,2,1.80,3.59,4.33,1.20,169,99,113,-1.79,0.0%,14.0%,9.3%,4.7%,25,R,Hanshin Tigers,WL
Aduwa Makoto,12,5,6,0,0,0,260,59.2,66,1,43,13,0,3,3,33,27,4.07,3.17,3.65,1.32,78,84,95,0.90,0.4%,16.5%,5.0%,11.5%,26,R,Hiroshima Carp,WL
Akatsuka Kento,18,0,0,0,0,0,86,15.2,23,1,4,18,0,1,2,17,16,9.19,7.55,6.43,2.62,34,200,167,1.64,1.2%,4.7%,20.9%,-16.3%,23,R,Hiroshima Carp,WL
Dominguez Johan,8,2,4,0,0,0,171,39.2,36,2,43,12,0,1,0,21,17,3.86,3.06,2.99,1.21,82,81,78,0.80,1.2%,25.1%,7.0%,18.1%,29,R,Hiroshima Carp,WL
Endoh Atsushi,20,1,2,1,0,0,129,32.1,25,1,28,10,0,0,0,10,9,2.51,3.19,3.40,1.08,126,85,88,-0.68,0.8%,21.7%,7.8%,14.0%,26,R,Hiroshima Carp,WL
Hasebe Ginji,28,1,0,2,0,0,110,26.0,23,1,21,7,0,2,2,8,6,2.08,3.52,3.53,1.15,152,93,92,-1.44,0.9%,19.1%,6.4%,12.7%,26,L,Hiroshima Carp,WL
Hidaka Atsumi,15,3,6,0,0,0,303,64.1,78,1,39,28,0,8,1,42,37,5.18,4.26,4.44,1.65,61,113,115,0.92,0.3%,12.9%,9.2%,3.6%,20,R,Hiroshima Carp,WL
Horie Atsuya,12,1,0,2,0,0,51,12.2,8,0,18,3,0,1,2,4,2,1.42,1.70,1.86,0.87,222,45,48,-0.28,0.0%,35.3%,5.9%,29.4%,28,L,Hiroshima Carp,WL
Kawano Kei,22,0,0,2,0,0,101,22.0,30,1,14,6,0,3,1,14,11,4.50,4.14,4.01,1.64,70,110,104,0.36,1.0%,13.9%,5.9%,7.9%,23,R,Hiroshima Carp,WL
Kemna Makoto,16,1,1,1,0,0,95,19.2,25,1,12,11,0,2,2,17,11,5.03,5.02,4.69,1.83,63,133,122,0.01,1.1%,12.6%,11.6%,1.1%,30,R,Hiroshima Carp,WL
Kikuchi Harun,7,0,0,0,0,0,30,7.0,8,0,4,4,0,0,0,3,3,3.86,4.16,4.80,1.71,82,110,125,-0.30,0.0%,13.3%,13.3%,0.0%,18,R,Hiroshima Carp,WL
Kobayashi Tatsuto,26,0,0,1,0,0,128,25.1,34,0,28,13,0,5,0,15,14,4.97,3.51,3.63,1.86,64,93,94,1.46,0.0%,21.9%,10.2%,11.7%,22,R,Hiroshima Carp,WL
Kobune Tsubasa,6,0,1,0,0,0,28,5.1,9,1,1,4,0,0,0,6,6,10.13,7.91,5.87,2.44,31,210,152,2.22,3.6%,3.6%,14.3%,-10.7%,19,R,Hiroshima Carp,WL
Masuda Takehisa,29,2,0,1,0,0,126,29.2,29,1,26,9,0,3,3,16,15,4.55,3.49,3.45,1.28,69,93,90,1.06,0.8%,20.6%,7.1%,13.5%,26,R,Hiroshima Carp,WL
Matsumoto Ryuya,25,1,1,2,0,0,115,27.2,20,0,28,9,0,0,2,11,4,1.30,2.54,3.15,1.05,243,67,82,-1.24,0.0%,24.3%,7.8%,16.5%,25,R,Hiroshima Carp,WL
Ohmichi Haruki,29,0,2,4,0,0,131,29.2,29,2,24,15,0,0,4,15,15,4.55,4.37,4.11,1.48,69,116,107,0.18,1.5%,18.3%,11.5%,6.9%,26,R,Hiroshima Carp,WL
Ohsera Daichi,1,0,1,0,0,0,24,4.1,10,1,5,0,0,0,0,8,8,16.62,4.29,2.72,2.31,19,114,71,12.33,4.2%,20.8%,0.0%,20.8%,34,R,Hiroshima Carp,WL
Okamoto Shun,3,0,0,0,0,0,13,3.0,2,0,3,1,0,1,0,0,0,0.00,3.59,3.26,1.00,999,95,85,-3.59,0.0%,23.1%,7.7%,15.4%,23,R,Hiroshima Carp,WL
Saitoh Yuta,26,3,2,2,0,0,164,35.2,32,1,32,19,0,5,9,13,9,2.27,4.18,4.01,1.43,139,111,104,-1.91,0.6%,19.5%,11.6%,7.9%,21,R,Hiroshima Carp,WL
Sato Ryunosuke,11,2,2,0,0,0,267,63.0,55,1,37,30,0,1,4,23,22,3.14,4.10,4.54,1.35,101,109,118,-0.96,0.4%,13.9%,11.2%,2.6%,22,L,Hiroshima Carp,WL
Sugihara Mirai,14,1,1,0,0,0,65,15.0,14,0,8,5,0,2,1,9,8,4.80,3.93,4.34,1.27,66,104,113,0.87,0.0%,12.3%,7.7%,4.6%,19,L,Hiroshima Carp,WL
Sugita Takeru,13,1,4,0,0,0,180,39.2,48,1,17,14,0,2,4,22,18,4.08,4.27,4.63,1.56,77,113,120,-0.19,0.6%,9.4%,7.8%,1.7%,23,R,Hiroshima Carp,WL
Suzuki Kenya,10,0,0,0,0,0,93,22.2,16,1,18,8,0,3,1,3,3,1.19,4.03,3.72,1.06,265,107,97,-2.84,1.1%,19.4%,8.6%,10.8%,27,R,Hiroshima Carp,WL
Taka Taichi,14,2,4,0,0,0,225,49.2,55,4,38,15,1,3,3,26,23,4.17,4.20,3.78,1.41,76,111,98,-0.03,1.8%,16.9%,6.7%,10.2%,23,L,Hiroshima Carp,WL
Takahashi Kouya,10,0,1,0,0,0,98,23.0,24,2,13,8,0,1,1,11,11,4.30,4.77,4.29,1.39,73,126,111,-0.47,2.0%,13.3%,8.2%,5.1%,26,L,Hiroshima Carp,WL
Takeshita Kaito,6,2,0,1,0,0,27,6.0,4,0,6,4,0,0,1,1,1,1.50,3.59,4.06,1.33,211,95,105,-2.09,0.0%,22.2%,14.8%,7.4%,18,L,Hiroshima Carp,WL
Takita Kazuki,19,4,1,0,0,0,163,39.1,22,1,37,26,0,1,3,12,8,1.83,4.10,4.13,1.22,173,109,107,-2.27,0.6%,22.7%,16.0%,6.7%,23,L,Hiroshima Carp,WL
Tamamura Shogo,3,1,2,0,1,1,79,19.0,19,1,17,1,0,1,2,9,5,2.37,2.80,2.77,1.05,133,74,72,-0.43,1.3%,21.5%,1.3%,20.3%,24,L,Hiroshima Carp,WL
Tsuji Taiga,23,1,1,1,0,0,106,23.2,22,1,24,11,0,2,0,10,10,3.80,3.76,3.57,1.39,83,100,93,0.04,0.9%,22.6%,10.4%,12.3%,20,L,Hiroshima Carp,WL
Tsunehiro Hayato,15,3,9,0,0,0,346,76.1,84,2,52,32,0,3,10,49,39,4.60,3.95,4.22,1.52,69,105,110,0.65,0.6%,15.0%,9.2%,5.8%,23,R,Hiroshima Carp,WL
Bauer Trevor,1,0,0,0,0,0,18,5.0,3,0,7,0,0,0,0,1,1,1.80,0.79,0.91,0.60,182,20,24,1.01,0.0%,38.9%,0.0%,38.9%,34,R,DeNA BayStars,EL
Diaz Yofrec,14,1,0,0,0,0,61,12.2,13,2,18,12,0,0,1,10,10,7.11,5.65,3.82,1.97,46,144,99,1.46,3.3%,29.5%,19.7%,9.8%,26,L,DeNA BayStars,EL
Fujinami Shintaro,3,0,1,0,0,0,34,7.1,3,0,2,7,0,2,1,5,3,3.68,6.73,6.27,1.36,89,172,163,-3.05,0.0%,5.9%,20.6%,-14.7%,31,R,DeNA BayStars,EL
Fukazawa Osuke,2,0,0,0,0,0,20,4.0,6,0,3,2,0,0,0,3,1,2.25,3.59,4.30,2.00,145,92,112,-1.34,0.0%,15.0%,10.0%,5.0%,21,R,DeNA BayStars,EL
Hamachi Masumi,10,0,0,0,0,0,38,10.0,6,0,7,2,0,0,0,2,2,1.80,2.79,3.48,0.80,182,71,90,-0.99,0.0%,18.4%,5.3%,13.2%,27,R,DeNA BayStars,EL
Hashimoto Tatsuya,26,0,2,0,0,0,113,24.2,24,1,28,12,0,1,3,17,14,5.11,3.43,3.38,1.46,64,88,88,1.68,0.9%,24.8%,10.6%,14.2%,24,R,DeNA BayStars,EL
Horioka Hayato,21,1,3,1,0,0,90,20.0,17,1,20,11,1,1,2,10,5,2.25,4.04,3.80,1.40,145,103,99,-1.79,1.1%,22.2%,12.2%,10.0%,26,R,DeNA BayStars,EL
Irie Taisei,4,0,1,0,0,0,19,4.0,6,1,6,0,0,1,0,4,4,9.00,4.59,1.64,1.50,36,118,43,4.41,5.3%,31.6%,0.0%,31.6%,26,R,DeNA BayStars,EL
Ishida Kenta,15,2,0,0,0,0,81,19.2,20,0,14,3,0,0,0,6,6,2.75,2.63,3.44,1.17,119,67,89,0.12,0.0%,17.3%,3.7%,13.6%,32,L,DeNA BayStars,EL
Ishida Yutaro,2,1,1,0,0,0,42,11.0,9,0,8,1,0,0,0,3,1,0.82,2.41,3.13,0.91,399,62,81,-1.59,0.0%,19.0%,2.4%,16.7%,23,R,DeNA BayStars,EL
Iwata Masaki,27,2,1,1,0,0,97,23.2,17,2,20,7,0,5,0,11,11,4.18,4.52,3.46,1.01,78,116,90,-0.34,2.1%,20.6%,7.2%,13.4%,27,L,DeNA BayStars,EL
Jackson Andre,1,0,1,0,0,0,20,5.0,3,0,2,3,0,0,0,2,2,3.60,4.59,5.30,1.20,91,118,138,-0.99,0.0%,10.0%,15.0%,-5.0%,29,R,DeNA BayStars,EL
Kanabuchi Koki,2,0,0,0,0,0,10,2.0,3,0,2,0,0,0,0,1,0,0.00,1.59,2.80,1.50,999,41,73,-1.59,0.0%,20.0%,0.0%,20.0%,18,L,DeNA BayStars,EL
Kasaya Shunsuke,1,0,0,0,0,0,2,0.1,0,0,0,0,0,1,0,0,0,0.00,12.59,4.80,0.00,999,322,125,-12.59,0.0%,0.0%,0.0%,0.0%,28,L,DeNA BayStars,EL
Konno Ryuto,7,0,1,0,0,0,34,7.1,9,0,3,5,0,0,1,5,5,6.14,4.82,5.39,1.91,53,123,140,1.32,0.0%,8.8%,14.7%,-5.9%,20,R,DeNA BayStars,EL
Kozono Kenta,14,6,3,0,0,0,321,79.0,58,5,57,30,0,2,2,23,17,1.94,4.19,3.96,1.11,169,107,103,-2.25,1.6%,17.8%,9.3%,8.4%,22,R,DeNA BayStars,EL
Kusano Haruto,2,0,0,0,0,0,12,1.0,5,0,0,4,0,0,1,7,7,63.00,15.59,8.13,9.00,5,399,211,47.41,0.0%,0.0%,33.3%,-33.3%,21,R,DeNA BayStars,EL
Kyoyama Masaya,17,1,1,0,0,0,83,14.2,16,0,8,17,0,4,2,15,13,7.98,6.80,5.88,2.25,41,174,153,1.18,0.0%,9.6%,20.5%,-10.8%,26,R,DeNA BayStars,EL
Marcelino Hansel,34,4,2,9,0,0,138,34.1,17,0,55,16,0,0,2,8,7,1.83,1.79,1.97,0.96,179,46,51,0.04,0.0%,39.9%,11.6%,28.3%,23,R,DeNA BayStars,EL
Matsumoto Ryoto,35,2,1,1,0,0,136,30.2,22,1,30,15,1,5,0,16,13,3.82,4.02,3.70,1.21,86,103,96,-0.20,0.7%,22.1%,11.0%,11.0%,23,R,DeNA BayStars,EL
Matsumoto Ryunosuke,2,0,0,0,0,0,28,7.2,4,1,9,1,0,0,0,3,1,1.17,3.33,1.94,0.65,280,85,50,-2.16,3.6%,32.1%,3.6%,28.6%,22,L,DeNA BayStars,EL
Mishima Kazuki,24,1,0,1,0,0,106,27.0,18,2,23,7,0,1,1,7,7,2.33,3.74,3.29,0.93,140,96,85,-1.41,1.9%,21.7%,6.6%,15.1%,35,R,DeNA BayStars,EL
Miyagi Daita,1,0,0,0,0,0,3,1.0,0,0,0,0,0,0,0,0,0,0.00,3.59,4.80,0.00,999,92,125,-3.59,0.0%,0.0%,0.0%,0.0%,24,R,DeNA BayStars,EL
Mori Yuito,29,2,3,0,0,0,167,37.2,41,3,26,10,0,1,1,20,17,4.06,4.12,3.84,1.35,81,106,100,-0.06,1.8%,15.6%,6.0%,9.6%,33,R,DeNA BayStars,EL
Morihara Kohei,17,0,2,1,0,0,75,18.0,16,1,11,3,0,0,0,5,3,1.50,3.59,3.73,1.06,218,92,97,-2.09,1.3%,14.7%,4.0%,10.7%,33,R,DeNA BayStars,EL
Morishita Ryudai,3,0,1,0,0,0,44,9.0,11,0,6,6,0,2,0,7,7,7.00,4.93,4.80,1.89,47,126,125,2.07,0.0%,13.6%,13.6%,0.0%,20,L,DeNA BayStars,EL
Nakagawa Hayate,1,0,0,0,0,0,3,1.0,0,0,2,0,0,0,0,0,0,0.00,-0.41,-1.87,0.00,999,-10,-48,0.41,0.0%,66.7%,0.0%,66.7%,26,R,DeNA BayStars,EL
Nakagawa Koh,10,0,0,0,0,0,45,10.0,12,0,13,2,0,0,1,4,1,0.90,1.59,2.36,1.40,363,41,61,-0.69,0.0%,28.9%,4.4%,24.4%,25,R,DeNA BayStars,EL
Ohnuki Shinichi,2,0,1,0,0,0,34,8.0,10,0,5,0,0,0,0,3,2,2.25,2.34,3.33,1.25,145,60,86,-0.09,0.0%,14.7%,0.0%,14.7%,31,R,DeNA BayStars,EL
Sakamoto Yuya,12,3,1,0,0,0,55,12.0,14,1,11,3,0,2,0,10,8,6.00,4.09,3.35,1.42,55,105,87,1.91,1.8%,20.0%,5.5%,14.5%,27,L,DeNA BayStars,EL
Sasaki Chihaya,25,3,0,0,0,0,136,32.0,38,0,24,6,0,0,0,9,7,1.97,2.66,3.48,1.38,166,68,90,-0.69,0.0%,17.6%,4.4%,13.2%,31,R,DeNA BayStars,EL
Shimizu Manato,2,0,0,0,0,0,10,1.1,5,0,1,1,0,0,0,3,3,20.25,4.34,4.80,4.50,16,111,125,15.91,0.0%,10.0%,10.0%,0.0%,19,R,DeNA BayStars,EL
Shinogi Kentaro,25,0,3,2,0,0,143,31.1,26,3,32,22,0,2,1,18,16,4.60,5.09,4.10,1.53,71,130,106,-0.49,2.1%,22.4%,15.4%,7.0%,23,R,DeNA BayStars,EL
Shoji Haruto,17,2,7,0,0,0,340,75.0,83,11,45,32,0,6,2,49,40,4.80,5.82,4.42,1.53,68,149,115,-1.02,3.2%,13.2%,9.4%,3.8%,24,L,DeNA BayStars,EL
Taira Kentaro,6,1,3,0,0,0,120,28.0,33,2,23,4,0,1,0,13,9,2.89,3.41,3.22,1.32,113,87,84,-0.52,1.7%,19.2%,3.3%,15.8%,29,R,DeNA BayStars,EL
Takeda Riku,11,0,0,0,0,0,106,25.0,22,2,18,10,0,1,0,13,10,3.60,4.51,4.05,1.28,91,115,105,-0.91,1.9%,17.0%,9.4%,7.5%,20,L,DeNA BayStars,EL
Takeda Yu,14,2,5,0,0,0,275,61.1,73,4,42,17,0,1,3,37,22,3.23,3.95,3.89,1.47,101,101,101,-0.72,1.5%,15.3%,6.2%,9.1%,25,R,DeNA BayStars,EL
Tokuyama Souma,24,0,1,0,0,0,109,23.2,19,0,14,23,0,3,1,7,7,2.66,5.71,5.63,1.77,123,146,146,-3.05,0.0%,12.8%,21.1%,-8.3%,26,R,DeNA BayStars,EL
Wakamatsu Naoki,22,1,1,0,0,0,130,32.0,31,2,28,6,0,1,0,10,10,2.81,3.31,3.11,1.16,116,85,81,-0.50,1.5%,21.5%,4.6%,16.9%,25,R,DeNA BayStars,EL
Wick Rowan,4,0,1,0,0,0,18,4.0,4,0,7,2,0,0,0,3,2,4.50,1.59,2.02,1.50,73,41,53,2.91,0.0%,38.9%,11.1%,27.8%,32,R,DeNA BayStars,EL
Yamasaki Yasuaki,20,1,3,4,0,0,105,23.2,27,3,23,6,0,2,0,14,13,4.94,4.31,3.18,1.39,66,110,83,0.63,2.9%,21.9%,5.7%,16.2%,32,R,DeNA BayStars,EL
Yoshino Teruki,12,4,4,0,1,1,257,61.0,58,3,47,15,0,3,2,33,29,4.28,3.58,3.55,1.20,76,92,92,0.70,1.2%,18.3%,5.8%,12.5%,26,R,DeNA BayStars,EL
Yoshioka Haru,1,0,1,0,0,0,6,0.1,4,0,1,1,0,0,2,3,3,81.00,6.59,4.80,15.00,4,169,125,74.41,0.0%,16.7%,16.7%,0.0%,18,R,DeNA BayStars,EL
Akahoshi Yuji,2,1,0,0,0,0,11,3.0,1,0,2,1,0,0,0,0,0,0.00,3.26,3.89,0.67,999,82,101,-3.26,0.0%,18.2%,9.1%,9.1%,25,R,Yomiuri Giants,EL
Baba Kosuke,24,0,0,11,0,0,94,24.2,13,2,18,8,0,0,2,5,5,1.82,4.16,3.74,0.85,183,104,97,-2.34,2.1%,19.1%,8.5%,10.6%,30,R,Yomiuri Giants,EL
Baldonado Alberto,16,2,0,1,0,0,67,15.0,13,0,17,9,0,0,1,6,5,3.00,3.13,3.61,1.47,111,78,94,-0.13,0.0%,25.4%,13.4%,11.9%,32,L,Yomiuri Giants,EL
Griffin Foster,1,0,0,0,0,0,11,3.0,3,0,3,0,0,0,0,0,0,0.00,1.59,2.07,1.00,999,40,54,-1.59,0.0%,27.3%,0.0%,27.3%,29,L,Yomiuri Giants,EL
Heinai Ryuta,14,1,0,3,0,0,55,14.2,10,0,9,0,0,0,1,2,2,1.23,2.37,3.16,0.68,271,59,82,-1.14,0.0%,16.4%,0.0%,16.4%,26,R,Yomiuri Giants,EL
Hotta Kenshin,12,3,0,3,0,0,150,40.0,27,1,23,5,0,0,0,7,7,1.58,3.14,3.60,0.80,211,79,93,-1.56,0.7%,15.3%,3.3%,12.0%,24,R,Yomiuri Giants,EL
Imamura Nobutaka,28,3,1,3,0,0,121,30.1,25,1,33,6,0,3,0,5,4,1.19,2.74,2.57,1.02,280,69,67,-1.55,0.8%,27.3%,5.0%,22.3%,31,L,Yomiuri Giants,EL
Inoue Haruto,2,1,0,0,0,0,25,8.0,3,0,6,0,0,0,0,0,0,0.00,2.09,2.40,0.38,999,53,62,-2.09,0.0%,24.0%,0.0%,24.0%,24,L,Yomiuri Giants,EL
Izumi Keisuke,13,4,0,1,0,0,54,12.2,9,0,12,7,1,0,0,3,3,2.13,3.36,3.87,1.26,157,84,101,-1.23,0.0%,22.2%,13.0%,9.3%,28,R,Yomiuri Giants,EL
Keller Kyle,5,0,0,0,0,0,17,5.0,2,0,6,0,0,0,0,0,0,0.00,1.19,1.27,0.40,999,30,33,-1.19,0.0%,35.3%,0.0%,35.3%,32,R,Yomiuri Giants,EL
Kikuchi Taiki,11,4,2,1,0,0,155,37.0,31,2,39,9,0,0,1,15,10,2.43,2.92,2.86,1.08,137,73,74,-0.49,1.3%,25.2%,5.8%,19.4%,26,R,Yomiuri Giants,EL
Kyomoto Makoto,5,0,4,0,0,0,96,21.2,27,4,13,9,0,0,1,17,16,6.65,6.04,4.38,1.66,50,152,114,0.61,4.2%,13.5%,9.4%,4.2%,21,R,Yomiuri Giants,EL
Mataki Teppei,12,4,2,0,1,0,273,70.1,61,4,50,13,0,2,0,19,18,2.30,3.55,3.44,1.05,145,89,89,-1.25,1.5%,18.3%,4.8%,13.6%,26,L,Yomiuri Giants,EL
Matsui Hayate,10,2,2,0,0,0,99,24.2,18,1,20,6,0,3,2,7,7,2.55,3.59,3.39,0.97,131,90,88,-1.04,1.0%,20.2%,6.1%,14.1%,24,R,Yomiuri Giants,EL
Miyahara Shunsuke,24,0,0,0,0,0,108,26.1,25,0,19,10,0,2,2,6,5,1.71,3.52,3.97,1.33,195,88,103,-1.81,0.0%,17.6%,9.3%,8.3%,22,L,Yomiuri Giants,EL
Morita Shunya,14,6,5,0,0,0,308,72.2,74,2,52,20,0,7,1,33,29,3.59,3.63,3.76,1.29,93,91,98,-0.04,0.6%,16.9%,6.5%,10.4%,28,L,Yomiuri Giants,EL
Nakagawa Kota,6,0,1,0,0,0,21,6.0,3,1,5,0,0,0,0,2,2,3.00,4.09,2.42,0.50,111,103,63,-1.09,4.8%,23.8%,0.0%,23.8%,31,L,Yomiuri Giants,EL
Nishidate Yuhi,8,3,0,0,0,0,133,34.0,25,0,40,7,0,0,2,5,4,1.06,1.86,2.32,0.94,315,47,60,-0.80,0.0%,30.1%,5.3%,24.8%,23,R,Yomiuri Giants,EL
Ohe Ryusei,11,0,0,0,0,0,63,14.1,15,1,16,4,0,1,1,8,7,4.40,3.31,2.90,1.33,76,83,75,1.09,1.6%,25.4%,6.3%,19.0%,26,L,Yomiuri Giants,EL
Shiroki Yamato,1,0,0,0,0,0,3,1.0,0,0,1,1,0,0,0,0,0,0.00,4.59,4.80,1.00,999,115,125,-4.59,0.0%,33.3%,33.3%,0.0%,21,L,Yomiuri Giants,EL
Sonoda Atsuki,7,4,0,0,0,0,152,40.0,28,2,26,9,0,0,0,10,6,1.35,3.62,3.68,0.93,247,91,96,-2.27,1.3%,17.1%,5.9%,11.2%,19,R,Yomiuri Giants,EL
Takahashi Rei,22,2,6,0,0,0,224,49.2,54,4,33,19,0,7,0,33,30,5.44,4.88,4.17,1.47,61,122,108,0.56,1.8%,14.7%,8.5%,6.2%,29,R,Yomiuri Giants,EL
Takanashi Yuhei,16,0,2,1,0,0,62,16.0,13,2,15,3,0,0,0,4,4,2.25,3.91,2.86,1.00,148,98,74,-1.66,3.2%,24.2%,4.8%,19.4%,32,L,Yomiuri Giants,EL
Tamura Tomoki,2,1,1,0,0,0,19,4.0,3,0,4,3,0,0,0,2,0,0.00,3.84,4.27,1.50,999,96,111,-3.84,0.0%,21.1%,15.8%,5.3%,21,R,Yomiuri Giants,EL
Tanaka Chiharu,21,1,1,2,0,0,91,21.0,12,0,16,13,0,1,1,7,4,1.71,4.07,4.47,1.19,195,102,116,-2.36,0.0%,17.6%,14.3%,3.3%,24,R,Yomiuri Giants,EL
Tanaka Masahiro,12,4,2,0,1,0,243,54.2,65,1,34,12,0,1,1,22,21,3.46,3.30,3.89,1.41,96,83,101,0.16,0.4%,14.0%,4.9%,9.1%,36,R,Yomiuri Giants,EL
Toda Natsuki,23,1,2,0,0,0,219,55.2,47,4,49,8,0,2,2,19,13,2.10,3.31,2.93,0.99,159,83,76,-1.21,1.8%,22.4%,3.7%,18.7%,24,R,Yomiuri Giants,EL
Togo Shosei,3,2,0,0,0,0,52,15.0,7,1,4,0,0,1,1,1,1,0.60,4.13,4.03,0.47,556,104,105,-3.53,1.9%,7.7%,0.0%,7.7%,25,R,Yomiuri Giants,EL
Tomida Ryu,8,0,0,0,0,0,31,7.0,5,1,6,6,0,0,0,3,3,3.86,6.31,4.80,1.57,86,158,125,-2.45,3.2%,19.4%,19.4%,0.0%,25,L,Yomiuri Giants,EL
Yamada Ryusei,5,1,1,0,0,0,79,17.0,15,1,13,10,0,2,2,8,7,3.71,4.95,4.42,1.47,90,124,115,-1.24,1.3%,16.5%,12.7%,3.8%,24,R,Yomiuri Giants,EL
Yamasaki Iori,1,0,0,0,0,0,16,4.0,5,0,3,0,0,0,0,1,1,2.25,2.09,2.92,1.25,148,53,76,0.16,0.0%,18.8%,0.0%,18.8%,26,R,Yomiuri Giants,EL
Yokogawa Kai,7,4,1,0,0,0,131,33.0,32,2,23,8,0,1,1,8,8,2.18,3.81,3.65,1.21,153,95,95,-1.63,1.5%,17.6%,6.1%,11.5%,24,L,Yomiuri Giants,EL
Avila Pedro,5,0,1,0,0,0,68,15.1,9,0,11,12,0,2,1,3,1,0.59,4.90,4.95,1.37,538,129,128,-4.31,0.0%,16.2%,17.6%,-1.5%,28,R,Yakult Swallows,EL
Baumann Mike,11,0,1,0,0,0,43,11.0,7,1,9,5,0,0,0,5,5,4.09,4.50,3.87,1.09,78,119,100,-0.41,2.3%,20.9%,11.6%,9.3%,29,R,Yakult Swallows,EL
Hara Juri,22,0,5,1,0,0,127,25.1,43,3,23,9,0,2,1,31,27,9.59,4.62,3.70,2.05,33,122,96,4.97,2.4%,18.1%,7.1%,11.0%,31,R,Yakult Swallows,EL
Hasegawa Hiroki,24,0,1,0,0,0,102,22.2,19,1,19,14,0,1,2,8,5,1.99,4.48,4.31,1.46,160,118,112,-2.49,1.0%,18.6%,13.7%,4.9%,26,L,Yakult Swallows,EL
Hirosawa Yu,14,0,2,0,0,0,63,14.1,14,0,12,7,0,0,2,9,9,5.65,3.38,4.01,1.47,56,89,104,2.27,0.0%,19.0%,11.1%,7.9%,24,R,Yakult Swallows,EL
Hoshi Tomoya,10,0,0,0,0,0,41,11.0,6,0,8,3,0,1,0,0,0,0.00,3.23,3.58,0.82,999,85,93,-3.23,0.0%,19.5%,7.3%,12.2%,31,R,Yakult Swallows,EL
Ishihara Yuki,18,0,1,0,0,0,88,21.0,20,1,9,8,0,1,1,8,8,3.43,4.64,4.69,1.33,93,122,122,-1.21,1.1%,10.2%,9.1%,1.1%,23,L,Yakult Swallows,EL
Ishikawa Masanori,7,1,3,0,0,0,135,32.0,34,4,24,6,0,0,1,13,12,3.38,4.28,3.47,1.25,94,113,90,-0.90,3.0%,17.8%,4.4%,13.3%,45,L,Yakult Swallows,EL
Ishiyama Taichi,1,0,0,0,0,0,5,1.0,2,0,1,0,0,0,0,0,0,0.00,1.59,2.80,2.00,999,42,73,-1.59,0.0%,20.0%,0.0%,20.0%,36,R,Yakult Swallows,EL
Kanakubo Yuto,18,1,2,2,0,0,104,20.1,30,0,22,10,1,1,2,14,9,3.98,3.05,3.65,1.97,80,80,95,0.93,0.0%,21.2%,9.6%,11.5%,25,R,Yakult Swallows,EL
Kizawa Naofumi,5,0,0,0,0,0,16,5.0,2,0,0,1,0,0,0,0,0,0.00,4.19,5.42,0.60,999,111,141,-4.19,0.0%,0.0%,6.2%,-6.2%,27,R,Yakult Swallows,EL
Kozawa Reiji,15,1,1,2,0,0,53,15.0,7,1,8,3,0,0,0,3,3,1.80,3.99,3.86,0.67,176,105,100,-2.19,1.9%,15.1%,5.7%,9.4%,27,R,Yakult Swallows,EL
Lambert Peter,2,0,1,1,0,0,28,8.0,2,0,7,2,0,0,1,1,0,0.00,2.59,3.01,0.50,999,68,78,-2.59,0.0%,25.0%,7.1%,17.9%,28,R,Yakult Swallows,EL
Maruyama Shota,27,2,2,1,0,0,117,26.1,28,2,22,8,1,1,2,14,12,4.10,3.93,3.60,1.37,77,104,94,0.17,1.7%,18.8%,6.8%,12.0%,26,R,Yakult Swallows,EL
Matsumoto Kengo,8,0,3,0,0,0,131,30.0,39,2,16,5,0,2,4,20,18,5.40,4.09,3.96,1.47,59,108,103,1.31,1.5%,12.2%,3.8%,8.4%,26,R,Yakult Swallows,EL
Miyagawa Tetsu,28,1,1,3,0,0,133,30.0,32,4,29,17,0,1,3,15,15,4.50,5.19,3.90,1.63,71,137,101,-0.69,3.0%,21.8%,12.8%,9.0%,29,R,Yakult Swallows,EL
Nakamura Yuto,9,0,1,0,0,0,158,38.1,32,3,35,9,0,1,1,15,14,3.29,3.57,3.15,1.07,96,94,82,-0.28,1.9%,22.2%,5.7%,16.5%,22,R,Yakult Swallows,EL
Nishihama Yuusei,17,1,4,0,0,0,92,17.1,22,2,15,12,0,3,2,16,12,6.23,5.96,4.47,1.96,51,157,116,0.27,2.2%,16.3%,13.0%,3.3%,22,R,Yakult Swallows,EL
Numata Shohei,24,1,0,3,0,0,111,29.1,23,1,22,1,0,0,0,4,4,1.23,2.64,2.91,0.82,258,70,76,-1.41,0.9%,19.8%,0.9%,18.9%,25,R,Yakult Swallows,EL
Ogawa Yasuhiro,7,2,1,0,0,0,113,32.0,18,0,20,0,0,0,0,2,1,0.28,2.34,3.03,0.56,1134,62,79,-2.06,0.0%,17.7%,0.0%,17.7%,35,R,Yakult Swallows,EL
Ohnishi Hiroki,12,0,0,2,0,0,48,12.0,13,3,5,4,0,0,0,5,5,3.75,7.01,4.59,1.42,85,185,119,-3.26,6.2%,10.4%,8.3%,2.1%,27,R,Yakult Swallows,EL
Okugawa Yasunobu,4,1,2,0,0,0,90,21.0,21,3,13,6,0,2,1,12,10,4.29,5.35,4.02,1.29,74,141,104,-1.06,3.3%,14.4%,6.7%,7.8%,24,R,Yakult Swallows,EL
Sakaguchi Kousuke,13,1,2,0,0,0,52,12.1,12,1,3,4,0,1,2,11,6,4.38,5.38,4.99,1.30,72,142,130,-1.00,1.9%,5.8%,7.7%,-1.9%,25,R,Yakult Swallows,EL
Sakamoto Takumi,12,1,4,0,0,0,177,37.1,43,2,24,26,0,1,4,16,15,3.62,5.17,4.91,1.85,88,136,128,-1.55,1.1%,13.6%,14.7%,-1.1%,20,L,Yakult Swallows,EL
Satoh Takuma,26,1,4,1,0,0,111,25.0,23,2,19,13,0,2,5,16,15,5.40,4.91,4.26,1.44,59,130,111,0.49,1.8%,17.1%,11.7%,5.4%,25,L,Yakult Swallows,EL
Shimizu Noboru,7,0,0,3,0,0,30,8.0,6,1,11,0,0,0,0,2,2,2.25,2.47,1.13,0.75,141,65,29,-0.22,3.3%,36.7%,0.0%,36.7%,28,R,Yakult Swallows,EL
Shimokawa Shunsuke,14,4,5,0,0,0,292,69.0,63,8,43,31,0,5,1,32,27,3.52,5.42,4.39,1.36,90,143,114,-1.90,2.7%,14.7%,10.6%,4.1%,25,R,Yakult Swallows,EL
Shoji Kota,2,0,0,0,0,0,9,2.0,2,0,3,1,0,0,0,0,0,0.00,2.09,2.58,1.50,999,55,67,-2.09,0.0%,33.3%,11.1%,22.2%,25,L,Yakult Swallows,EL
Suzuki Kohei,18,2,3,0,0,0,159,35.2,36,2,25,16,0,2,4,21,16,4.04,4.43,4.23,1.46,79,117,110,-0.39,1.3%,15.7%,10.1%,5.7%,31,R,Yakult Swallows,EL
Taguchi Kazuto,2,0,0,0,0,0,10,2.0,3,2,1,1,0,0,0,4,4,18.00,17.09,4.80,2.00,18,451,125,0.91,20.0%,10.0%,10.0%,0.0%,29,L,Yakult Swallows,EL
Takahashi Keiji,3,0,1,0,0,0,41,11.0,10,0,9,0,0,0,0,3,3,2.45,1.96,2.60,0.91,130,52,68,0.49,0.0%,22.0%,0.0%,22.0%,28,L,Yakult Swallows,EL
Takahashi Shosei,2,0,0,0,0,0,10,2.0,2,0,0,1,0,1,0,0,0,0.00,6.59,5.80,1.50,999,174,151,-6.59,0.0%,0.0%,10.0%,-10.0%,19,R,Yakult Swallows,EL
Takanashi Hirotoshi,8,3,3,0,0,0,133,31.0,30,1,29,12,0,1,2,13,13,3.77,3.40,3.52,1.35,84,90,91,0.37,0.8%,21.8%,9.0%,12.8%,34,R,Yakult Swallows,EL
Takeyama Hyuga,19,0,3,0,0,0,105,20.0,26,0,11,16,0,3,14,20,16,7.20,5.34,5.28,2.10,44,141,137,1.86,0.0%,10.5%,15.2%,-4.8%,21,R,Yakult Swallows,EL
Yamamoto Daiki,6,1,0,0,0,0,28,6.0,9,0,6,2,0,0,0,5,4,6.00,2.59,3.37,1.83,53,68,88,3.41,0.0%,21.4%,7.1%,14.3%,29,L,Yakult Swallows,EL
Yamano Taichi,4,1,0,0,0,0,45,12.0,6,0,11,5,0,1,1,1,1,0.75,3.26,3.47,0.92,423,86,90,-2.51,0.0%,24.4%,11.1%,13.3%,26,L,Yakult Swallows,EL
Yamashita Hikaru,14,2,3,0,0,0,229,53.0,65,2,26,10,0,3,1,27,23,3.91,3.84,4.10,1.42,81,101,106,0.07,0.9%,11.4%,4.4%,7.0%,25,L,Yakult Swallows,EL
Yasaki Takuya,6,0,0,3,0,0,28,6.0,6,0,5,4,0,0,1,4,4,6.00,3.93,4.44,1.67,53,104,115,2.07,0.0%,17.9%,14.3%,3.6%,30,R,Yakult Swallows,EL
Fujishima Kento,3,0,0,0,0,0,11,2.1,1,0,2,1,0,0,1,3,0,0.00,3.16,3.89,0.86,999,80,101,-3.16,0.0%,18.2%,9.1%,9.1%,27,R,Chunichi Dragons,WL
Fuku Hiroto,13,2,1,1,0,0,51,12.0,12,0,6,3,0,1,1,6,5,3.75,3.59,4.21,1.25,88,91,109,0.16,0.0%,11.8%,5.9%,5.9%,33,L,Chunichi Dragons,WL
Fukuda Konosuke,14,0,1,1,0,0,102,21.0,17,0,15,24,0,0,1,9,7,3.00,5.59,5.68,1.95,110,142,148,-2.59,0.0%,14.7%,23.5%,-8.8%,19,L,Chunichi Dragons,WL
Habu Shohta,16,3,1,0,0,0,197,45.1,39,2,31,21,0,2,5,27,26,5.16,4.32,4.29,1.32,64,109,111,0.84,1.0%,15.7%,10.7%,5.1%,24,R,Chunichi Dragons,WL
Hashimoto Yuki,1,0,0,0,0,0,3,1.0,0,0,1,0,0,0,0,0,0,0.00,1.59,1.47,0.00,999,40,38,-1.59,0.0%,33.3%,0.0%,33.3%,27,L,Chunichi Dragons,WL
Ishikawa Sho,17,0,1,0,0,0,79,16.2,19,0,14,13,0,2,2,13,13,7.02,4.61,4.67,1.92,47,117,121,2.41,0.0%,17.7%,16.5%,1.3%,25,R,Chunichi Dragons,WL
Itoh Mao,20,1,2,1,0,0,91,21.0,12,0,22,17,0,0,1,6,6,2.57,3.93,4.25,1.38,129,99,110,-1.36,0.0%,24.2%,18.7%,5.5%,24,R,Chunichi Dragons,WL
Iwasaki Sho,6,1,0,3,0,0,21,5.1,5,0,7,0,0,0,0,0,0,0.00,0.97,1.47,0.94,999,25,38,-0.97,0.0%,33.3%,0.0%,33.3%,35,R,Chunichi Dragons,WL
Kanemaru Yumeto,5,2,0,0,0,0,75,19.0,12,0,11,3,0,2,0,3,2,0.95,3.22,3.73,0.79,348,82,97,-2.27,0.0%,14.7%,4.0%,10.7%,22,L,Chunichi Dragons,WL
Katsuno Akiyoshi,10,0,1,1,0,0,40,9.2,7,0,7,3,0,0,1,4,2,1.86,3.08,3.80,1.03,178,78,99,-1.22,0.0%,17.5%,7.5%,10.0%,28,R,Chunichi Dragons,WL
Kikuta Towa,5,1,0,0,0,0,23,5.2,5,0,3,4,0,0,1,1,1,1.59,4.65,5.23,1.59,208,118,136,-3.06,0.0%,13.0%,17.4%,-4.3%,21,R,Chunichi Dragons,WL
Kondo Ren,25,2,0,3,0,0,89,24.0,10,0,23,7,0,0,2,3,2,0.75,2.55,3.00,0.71,441,65,78,-1.80,0.0%,25.8%,7.9%,18.0%,26,L,Chunichi Dragons,WL
Kusaka Sho,8,0,0,0,0,0,113,26.1,29,1,17,6,0,3,0,8,5,1.71,3.82,3.83,1.33,193,97,99,-2.11,0.9%,15.0%,5.3%,9.7%,23,R,Chunichi Dragons,WL
Marte Yunior,4,0,0,1,0,0,17,4.0,5,0,6,0,0,0,0,0,0,0.00,0.59,1.27,1.25,999,15,33,-0.59,0.0%,35.3%,0.0%,35.3%,30,R,Chunichi Dragons,WL
Martinez Randy,2,0,1,0,0,0,23,4.1,4,1,2,5,0,2,0,4,4,8.31,10.52,6.10,2.08,40,266,158,-2.21,4.3%,8.7%,21.7%,-13.0%,21,L,Chunichi Dragons,WL
Matsuba Takahiro,1,0,0,0,0,0,7,2.0,3,0,0,0,0,0,0,0,0,0.00,3.59,4.80,1.50,999,91,125,-3.59,0.0%,0.0%,0.0%,0.0%,34,L,Chunichi Dragons,WL
Matsukihira Yuta,11,4,3,0,0,0,283,69.0,67,5,44,15,0,3,3,29,27,3.52,4.04,3.78,1.19,94,102,98,-0.52,1.8%,15.5%,5.3%,10.2%,22,R,Chunichi Dragons,WL
Matsuyama Shinya,1,0,0,0,0,0,3,1.0,0,0,3,0,0,0,0,0,0,0.00,-2.41,-5.20,0.00,999,-61,-135,2.41,0.0%,100.0%,0.0%,100.0%,25,R,Chunichi Dragons,WL
Mejia Humberto,14,6,5,0,0,0,309,78.0,62,2,50,19,0,5,5,23,21,2.42,3.57,3.80,1.04,137,90,99,-1.15,0.6%,16.2%,6.1%,10.0%,28,R,Chunichi Dragons,WL
Miura Mizuki,10,3,0,0,0,0,193,48.2,35,3,29,12,0,2,4,16,15,2.77,4.07,3.92,0.97,119,103,102,-1.30,1.6%,15.0%,6.2%,8.8%,25,L,Chunichi Dragons,WL
Moriyama Akio,22,1,1,0,0,0,99,22.1,22,0,20,8,0,2,2,8,8,3.22,3.15,3.59,1.34,103,80,93,0.07,0.0%,20.2%,8.1%,12.1%,20,L,Chunichi Dragons,WL
Muller Kyle,3,1,0,0,0,0,76,17.2,18,0,18,4,0,0,0,6,5,2.55,2.23,2.96,1.25,130,57,77,0.32,0.0%,23.7%,5.3%,18.4%,27,L,Chunichi Dragons,WL
Nakachi Reia,11,7,4,0,0,0,274,66.1,53,2,44,20,0,4,2,19,16,2.17,3.74,3.92,1.10,152,95,102,-1.57,0.7%,16.1%,7.3%,8.8%,24,R,Chunichi Dragons,WL
Neo Akira,27,2,2,1,0,0,112,26.0,18,1,18,16,1,3,0,8,7,2.42,4.90,4.62,1.31,137,124,120,-2.48,0.9%,16.1%,14.3%,1.8%,25,R,Chunichi Dragons,WL
Nonaka Tento,6,0,0,0,0,0,29,6.1,8,0,4,3,0,0,0,2,2,2.84,3.75,4.46,1.74,116,95,116,-0.91,0.0%,13.8%,10.3%,3.4%,20,L,Chunichi Dragons,WL
Ohno Yudai,2,1,1,0,0,0,48,12.0,11,2,4,3,0,0,0,5,5,3.75,5.84,4.59,1.17,88,148,119,-2.09,4.2%,8.3%,6.2%,2.1%,36,L,Chunichi Dragons,WL
Okada Toshiya,10,2,1,0,0,0,159,38.0,45,3,28,4,0,1,2,13,10,2.37,3.54,3.29,1.29,139,90,85,-1.17,1.9%,17.6%,2.5%,15.1%,33,L,Chunichi Dragons,WL
Saitoh Kohki,4,1,0,0,0,0,13,3.1,3,0,2,0,0,1,0,0,0,0.00,3.29,3.26,0.90,999,83,85,-3.29,0.0%,15.4%,0.0%,15.4%,28,L,Chunichi Dragons,WL
Sobue Daisuke,7,0,0,0,0,0,25,7.0,8,0,5,0,0,0,0,0,0,0.00,2.16,2.80,1.14,999,55,73,-2.16,0.0%,20.0%,0.0%,20.0%,37,R,Chunichi Dragons,WL
Takahashi Kosuke,6,1,1,0,0,0,28,6.0,5,2,2,5,0,0,0,4,4,6.00,9.76,5.87,1.67,55,247,152,-3.76,7.1%,7.1%,17.9%,-10.7%,18,L,Chunichi Dragons,WL
Umeno Yugo,27,0,1,9,0,0,110,26.2,18,0,24,16,0,0,3,9,7,2.36,3.59,4.07,1.28,140,91,106,-1.23,0.0%,21.8%,14.5%,7.3%,26,R,Chunichi Dragons,WL
Wakui Hideaki,5,2,1,0,0,0,114,29.0,23,0,18,7,0,0,1,7,6,1.86,3.08,3.84,1.03,178,78,100,-1.22,0.0%,15.8%,6.1%,9.6%,39,R,Chunichi Dragons,WL
Walters Nash,21,0,2,7,0,0,87,20.0,17,0,14,9,0,1,0,9,6,2.70,3.69,4.23,1.30,122,94,110,-0.99,0.0%,16.1%,10.3%,5.7%,28,R,Chunichi Dragons,WL
Yanagi Yuya,5,3,1,0,0,0,108,29.0,20,1,22,5,0,0,0,3,2,0.62,3.04,3.23,0.86,533,77,84,-2.42,0.9%,20.4%,4.6%,15.7%,31,R,Chunichi Dragons,WL
Yoshida Seiya,13,3,4,0,0,0,258,60.2,60,2,42,17,0,2,3,30,29,4.30,3.58,3.83,1.27,77,91,99,0.72,0.8%,16.3%,6.6%,9.7%,23,L,Chunichi Dragons,WL
Abe Shota,22,0,0,3,0,0,87,21.0,23,3,17,2,0,1,3,8,8,3.43,4.26,3.08,1.19,88,118,80,-0.83,3.4%,19.5%,2.3%,17.2%,32,R,ORIX Buffaloes,WL
Ashida Taketo,15,2,3,0,0,0,310,70.1,80,3,41,15,0,9,3,33,24,3.07,4.01,3.96,1.35,98,111,103,-0.94,1.0%,13.2%,4.8%,8.4%,25,R,ORIX Buffaloes,WL
Azuma Kohei,7,1,0,0,0,0,92,19.2,26,1,19,7,0,1,0,12,10,4.58,3.54,3.50,1.68,66,98,91,1.04,1.1%,20.7%,7.6%,13.0%,25,R,ORIX Buffaloes,WL
Chen Mu-Heng,3,0,0,0,0,0,31,7.0,6,0,6,3,0,0,0,2,1,1.29,3.16,3.83,1.29,234,88,100,-1.87,0.0%,19.4%,9.7%,9.7%,19,R,ORIX Buffaloes,WL
Espinoza Anderson,1,0,0,0,0,0,17,4.0,4,0,3,2,0,0,0,0,0,0.00,3.59,4.21,1.50,999,100,109,-3.59,0.0%,17.6%,11.8%,5.9%,27,R,ORIX Buffaloes,WL
Gonda Ryusei,29,3,0,0,0,0,127,33.0,20,1,28,8,0,3,1,8,7,1.91,3.29,3.23,0.85,158,91,84,-1.38,0.8%,22.0%,6.3%,15.7%,25,R,ORIX Buffaloes,WL
Hirano Yoshihisa,12,0,0,0,0,0,47,12.0,7,0,5,3,0,2,0,3,3,2.25,4.01,4.37,0.83,134,111,114,-1.76,0.0%,10.6%,6.4%,4.3%,41,R,ORIX Buffaloes,WL
Honda Hitomi,13,1,0,0,0,0,66,13.0,19,0,13,7,0,0,2,14,10,6.92,3.21,3.89,2.00,44,89,101,3.71,0.0%,19.7%,10.6%,9.1%,25,R,ORIX Buffaloes,WL
Honda Keisuke,18,1,1,0,0,0,102,26.0,19,0,17,5,0,2,1,6,5,1.73,3.09,3.62,0.92,174,86,94,-1.36,0.0%,16.7%,4.9%,11.8%,32,R,ORIX Buffaloes,WL
Iguchi Kazutomo,25,3,0,0,0,0,76,21.0,6,0,9,3,1,3,0,4,1,0.43,3.59,4.01,0.43,701,100,104,-3.16,0.0%,11.8%,3.9%,7.9%,31,R,ORIX Buffaloes,WL
Iriyama Kaito,14,0,1,0,0,0,72,15.0,17,1,15,12,0,0,2,8,6,3.60,4.86,4.38,1.93,84,135,114,-1.26,1.4%,20.8%,16.7%,4.2%,25,R,ORIX Buffaloes,WL
Iwasaki Sho,1,1,0,0,0,0,5,1.0,1,0,1,1,0,0,0,0,0,0.00,4.59,4.80,2.00,999,128,125,-4.59,0.0%,20.0%,20.0%,0.0%,35,R,ORIX Buffaloes,WL
Katayama Raiku,9,1,0,0,0,0,145,36.1,29,2,16,4,0,2,0,11,11,2.72,3.92,3.97,0.91,111,109,103,-1.20,1.4%,11.0%,2.8%,8.3%,22,R,ORIX Buffaloes,WL
Kawase Kento,17,0,3,0,0,0,93,19.2,25,0,15,10,0,0,1,13,8,3.66,3.59,4.26,1.78,82,100,111,0.07,0.0%,16.1%,10.8%,5.4%,23,R,ORIX Buffaloes,WL
Kotajima Seiryu,7,0,0,2,0,0,25,7.0,4,0,4,1,0,0,0,0,0,0.00,2.88,3.60,0.71,999,80,93,-2.88,0.0%,16.0%,4.0%,12.0%,26,R,ORIX Buffaloes,WL
Mae Yuito,2,0,0,0,0,0,6,1.1,1,0,0,2,0,0,1,0,0,0.00,8.09,8.13,2.25,999,225,211,-8.09,0.0%,0.0%,33.3%,-33.3%,23,R,ORIX Buffaloes,WL
Miyaguni Riku,13,3,3,0,0,0,190,45.0,40,2,28,24,0,0,0,14,11,2.20,4.53,4.59,1.42,137,126,119,-2.33,1.1%,14.7%,12.6%,2.1%,19,R,ORIX Buffaloes,WL
Mukunoki Ren,13,3,2,0,0,0,176,44.1,41,3,44,5,0,1,2,15,13,2.64,2.89,2.58,1.04,114,80,67,-0.25,1.7%,25.0%,2.8%,22.2%,25,R,ORIX Buffaloes,WL
Muranishi Ryota,12,1,0,0,0,0,67,15.0,14,0,15,10,0,0,1,3,3,1.80,3.59,4.05,1.60,167,100,105,-1.79,0.0%,22.4%,14.9%,7.5%,28,R,ORIX Buffaloes,WL
Ohe Kaito,20,1,0,1,0,0,85,20.1,20,0,13,6,0,2,1,6,5,2.21,3.49,3.98,1.28,136,97,103,-1.28,0.0%,15.3%,7.1%,8.2%,25,L,ORIX Buffaloes,WL
Ono Taiki,12,1,1,0,0,0,65,13.1,13,0,15,11,0,1,1,10,9,6.08,4.04,4.18,1.80,50,112,109,2.04,0.0%,23.1%,16.9%,6.2%,31,R,ORIX Buffaloes,WL
Saiki Kaito,23,0,3,5,0,0,105,22.1,19,1,23,17,2,1,2,12,7,2.82,4.53,4.23,1.61,107,126,110,-1.71,1.0%,21.9%,16.2%,5.7%,25,R,ORIX Buffaloes,WL
Saito Kyosuke,13,1,5,0,0,0,249,56.1,56,5,31,25,0,3,5,32,30,4.79,5.14,4.56,1.44,63,143,118,-0.35,2.0%,12.4%,10.0%,2.4%,20,R,ORIX Buffaloes,WL
Satoh Kazuma,14,8,2,0,1,1,305,75.1,60,1,58,29,0,2,3,14,12,1.43,3.46,3.85,1.18,211,96,100,-2.03,0.3%,19.0%,9.5%,9.5%,24,L,ORIX Buffaloes,WL
Sotani Ryuhei,1,0,0,0,0,0,22,6.0,1,0,6,2,0,0,0,0,0,0.00,2.59,2.98,0.50,999,72,77,-2.59,0.0%,27.3%,9.1%,18.2%,24,L,ORIX Buffaloes,WL
Suga Hiroto,2,0,0,0,0,0,7,2.0,1,0,0,1,0,0,0,0,0,0.00,5.09,6.23,1.00,999,142,162,-5.09,0.0%,0.0%,14.3%,-14.3%,20,L,ORIX Buffaloes,WL
Suzuki Hiroshi,21,3,1,0,0,0,112,27.0,27,1,19,8,1,0,0,6,4,1.33,3.56,3.82,1.30,226,99,99,-2.23,0.9%,17.0%,7.1%,9.8%,28,R,ORIX Buffaloes,WL
Tajima Daiki,3,0,1,0,0,0,37,10.0,8,0,7,0,0,0,0,1,1,0.90,2.19,2.91,0.80,335,61,76,-1.29,0.0%,18.9%,0.0%,18.9%,28,L,ORIX Buffaloes,WL
Takashima Taito,6,1,2,0,0,0,82,18.0,21,0,11,6,0,1,0,7,5,2.50,3.54,4.19,1.50,120,98,109,-1.04,0.0%,13.4%,7.3%,6.1%,25,R,ORIX Buffaloes,WL
Teranishi Naruki,13,2,3,0,0,0,266,64.2,54,3,47,19,0,2,1,28,22,3.06,3.72,3.75,1.13,98,103,97,-0.66,1.1%,17.7%,7.1%,10.5%,22,R,ORIX Buffaloes,WL
Tomiyama Ryoga,20,1,0,0,0,0,84,18.2,17,1,13,13,0,0,1,10,8,3.86,4.99,4.80,1.61,78,139,125,-1.13,1.2%,15.5%,15.5%,0.0%,28,L,ORIX Buffaloes,WL
Toumatsu Kaisei,13,2,2,0,0,0,143,35.0,28,1,31,8,0,3,2,9,8,2.06,3.14,3.19,1.03,146,87,83,-1.08,0.7%,21.7%,5.6%,16.1%,20,L,ORIX Buffaloes,WL
Yamada Nobuyoshi,13,0,1,0,0,0,48,10.1,10,1,10,5,0,1,0,5,4,3.48,4.66,3.76,1.45,87,129,98,-1.18,2.1%,20.8%,10.4%,10.4%,33,L,ORIX Buffaloes,WL
Yamaguchi Reo,5,1,0,0,0,0,60,15.0,14,0,11,4,0,0,0,4,4,2.40,2.93,3.63,1.20,126,81,94,-0.53,0.0%,18.3%,6.7%,11.7%,19,R,ORIX Buffaloes,WL
Yamaoka Taisuke,10,1,3,0,0,0,57,13.2,14,1,18,3,0,0,1,8,8,5.27,2.57,2.17,1.24,57,71,56,2.70,1.8%,31.6%,5.3%,26.3%,29,R,ORIX Buffaloes,WL
Yamashita Shunpeita,4,0,2,0,0,0,28,5.1,8,0,2,4,0,1,1,7,5,8.44,5.66,5.51,2.25,36,157,143,2.78,0.0%,7.1%,14.3%,-7.1%,22,R,ORIX Buffaloes,WL
Yamazaki Soichiro,18,2,0,1,0,0,72,18.0,11,0,18,10,0,1,1,2,2,1.00,3.43,3.69,1.17,301,95,96,-2.43,0.0%,25.0%,13.9%,11.1%,27,R,ORIX Buffaloes,WL
Yokoyama Kaede,30,1,2,8,0,0,121,30.0,21,1,40,10,0,0,1,7,7,2.10,2.36,2.32,1.03,143,66,60,-0.26,0.8%,33.1%,8.3%,24.8%,27,R,ORIX Buffaloes,WL
Akiyama Seiun,10,1,0,0,0,0,70,17.1,12,0,13,9,0,0,0,4,4,2.08,3.65,4.23,1.21,165,89,110,-1.57,0.0%,18.6%,12.9%,5.7%,22,L,Lotte Marines,EL
Azuma Yusuke,19,0,2,3,0,0,90,22.0,20,0,17,8,0,1,3,7,7,2.86,3.27,3.80,1.27,120,80,99,-0.41,0.0%,18.9%,8.9%,10.0%,29,R,Lotte Marines,EL
Futaki Kota,15,0,2,0,0,0,234,56.0,61,0,38,15,0,3,1,27,22,3.54,3.20,3.82,1.36,97,78,99,0.34,0.0%,16.2%,6.4%,9.8%,29,R,Lotte Marines,EL
Guerrero Tayron,12,1,1,0,0,0,60,14.0,11,0,16,5,0,0,1,5,4,2.57,2.38,2.97,1.14,134,58,77,0.19,0.0%,26.7%,8.3%,18.3%,34,R,Lotte Marines,EL
Hayasaka Oto,15,1,2,0,0,0,86,21.2,17,3,15,8,0,3,2,7,7,2.91,5.53,3.99,1.15,118,135,103,-2.62,3.5%,17.4%,9.3%,8.1%,19,R,Lotte Marines,EL
Hirohata Atsuya,27,4,2,1,0,0,134,36.2,21,0,29,5,0,0,3,6,4,0.98,2.42,3.01,0.71,350,59,78,-1.44,0.0%,21.6%,3.7%,17.9%,27,R,Lotte Marines,EL
Hiroike Koshiro,7,1,2,0,0,0,108,26.1,27,2,11,6,0,0,0,12,8,2.73,4.43,4.34,1.25,126,108,113,-1.70,1.9%,10.2%,5.6%,4.6%,22,R,Lotte Marines,EL
Ibaragi Yuta,1,0,1,0,0,0,12,2.0,4,0,0,3,0,0,0,5,5,22.50,8.09,7.30,3.50,15,197,190,14.41,0.0%,0.0%,25.0%,-25.0%,19,R,Lotte Marines,EL
Ichijo Rikima,12,0,0,0,0,0,45,10.1,4,0,15,9,0,0,1,3,1,0.87,3.30,3.47,1.26,395,81,90,-2.43,0.0%,33.3%,20.0%,13.3%,22,R,Lotte Marines,EL
Ishikawa Ayumu,4,1,1,0,0,0,46,10.0,13,3,5,3,0,1,1,7,6,5.40,7.69,4.37,1.60,64,188,113,-2.29,6.5%,10.9%,6.5%,4.3%,37,R,Lotte Marines,EL
Ishikawa Shuta,2,1,0,0,0,0,32,9.0,4,0,4,0,0,0,0,2,2,2.00,2.70,3.55,0.44,172,66,92,-0.70,0.0%,12.5%,0.0%,12.5%,33,R,Lotte Marines,EL
Iwashita Daiki,23,2,1,0,0,0,120,25.1,19,1,11,21,1,6,1,15,13,4.62,6.44,5.63,1.58,74,157,146,-1.82,0.8%,9.2%,17.5%,-8.3%,28,R,Lotte Marines,EL
Karakawa Yuki,10,3,3,0,0,0,180,42.1,54,1,28,6,0,0,0,15,14,2.98,3.00,3.58,1.42,115,73,93,-0.02,0.6%,15.6%,3.3%,12.2%,35,R,Lotte Marines,EL
Kawamura Tokito,14,4,4,0,0,0,305,72.0,77,1,38,15,0,2,3,27,24,3.00,3.43,4.05,1.28,114,84,105,-0.43,0.3%,12.5%,4.9%,7.5%,28,R,Lotte Marines,EL
Kikuchi Riku,8,2,1,1,0,0,109,29.0,19,1,17,5,0,0,0,8,6,1.86,3.39,3.70,0.83,185,83,96,-1.53,0.9%,15.6%,4.6%,11.0%,25,R,Lotte Marines,EL
Kimura Yuto,1,0,0,0,0,0,6,2.0,0,0,1,0,0,0,0,0,0,0.00,2.59,3.13,0.00,999,63,81,-2.59,0.0%,16.7%,0.0%,16.7%,20,R,Lotte Marines,EL
Kuniyoshi Yuki,17,2,0,0,0,0,79,16.2,26,1,11,7,0,2,4,10,10,5.40,4.67,4.29,1.98,64,114,111,0.73,1.3%,13.9%,8.9%,5.1%,33,R,Lotte Marines,EL
Masuda Naoya,3,0,0,0,0,0,10,3.0,1,1,3,0,0,0,0,1,1,3.00,5.93,1.80,0.33,114,144,47,-2.93,10.0%,30.0%,0.0%,30.0%,35,R,Lotte Marines,EL
Mima Manabu,6,2,0,0,0,0,79,19.2,16,1,16,4,0,0,0,3,3,1.37,3.24,3.28,1.02,251,79,85,-1.87,1.3%,20.3%,5.1%,15.2%,38,R,Lotte Marines,EL
Mori Ryotaro,4,1,1,0,0,0,56,12.2,13,0,14,6,0,1,0,3,3,2.13,3.04,3.37,1.50,161,74,88,-0.91,0.0%,25.0%,10.7%,14.3%,26,R,Lotte Marines,EL
Nagashima Kosuke,4,1,0,0,0,0,30,5.0,10,1,2,4,0,0,0,8,8,14.40,7.79,5.47,2.80,24,190,142,6.61,3.3%,6.7%,13.3%,-6.7%,22,R,Lotte Marines,EL
Nagashimada Kirato,3,0,0,0,0,0,18,3.1,3,0,2,3,0,0,0,1,0,0.00,5.09,5.36,1.80,999,124,139,-5.09,0.0%,11.1%,16.7%,-5.6%,21,R,Lotte Marines,EL
Nakamori Shunsuke,1,0,0,1,0,0,10,3.0,0,0,2,0,0,0,0,0,0,0.00,2.26,2.80,0.00,999,55,73,-2.26,0.0%,20.0%,0.0%,20.0%,23,R,Lotte Marines,EL
Nakamura Ryota,12,3,2,0,0,0,144,32.1,42,3,24,4,0,1,3,25,23,6.40,3.78,3.41,1.42,54,92,89,2.62,2.1%,16.7%,2.8%,13.9%,27,R,Lotte Marines,EL
Nakamura Toshiya,20,3,2,2,0,0,109,26.1,29,1,19,3,0,0,0,10,7,2.39,2.99,3.33,1.22,144,73,87,-0.60,0.9%,17.4%,2.8%,14.7%,28,L,Lotte Marines,EL
Nishimura Takahiro,28,3,2,2,0,0,129,32.2,25,1,28,8,0,0,0,9,7,1.93,3.01,3.25,1.01,178,73,84,-1.08,0.8%,21.7%,6.2%,15.5%,32,R,Lotte Marines,EL
Nishino Yuji,3,0,1,0,0,0,51,11.2,14,1,11,3,0,0,0,6,6,4.63,3.59,3.23,1.46,74,88,84,1.04,2.0%,21.6%,5.9%,15.7%,34,R,Lotte Marines,EL
Sakai Haru,1,0,0,0,0,0,3,1.0,0,0,1,0,0,0,0,0,0,0.00,1.59,1.47,0.00,999,39,38,-1.59,0.0%,33.3%,0.0%,33.3%,19,R,Lotte Marines,EL
Sakamoto Koshiro,24,1,0,3,0,0,91,23.0,13,1,24,9,0,0,1,6,6,2.35,3.25,3.15,0.96,146,79,82,-0.90,1.1%,26.4%,9.9%,16.5%,30,L,Lotte Marines,EL
Sammons Bryan,8,4,1,0,0,0,138,35.0,25,2,27,8,0,0,1,11,10,2.57,3.48,3.42,0.94,134,85,89,-0.91,1.4%,19.6%,5.8%,13.8%,30,L,Lotte Marines,EL
Sawada Keisuke,17,1,0,4,0,0,78,17.2,20,0,22,3,0,2,1,4,4,2.04,1.95,2.36,1.30,168,48,61,0.09,0.0%,28.2%,3.8%,24.4%,31,R,Lotte Marines,EL
Sawamura Hirokazu,18,1,0,2,0,0,76,18.0,18,1,11,7,0,0,1,4,4,2.00,4.26,4.27,1.39,172,104,111,-2.26,1.3%,14.5%,9.2%,5.3%,37,R,Lotte Marines,EL
Takano Shuta,5,1,0,0,0,0,33,9.0,4,0,5,3,0,0,0,4,2,2.00,3.48,4.19,0.78,172,85,109,-1.48,0.0%,15.2%,9.1%,6.1%,26,L,Lotte Marines,EL
Takeuchi Ryota,1,0,0,0,0,0,7,1.0,2,0,1,2,0,0,0,1,1,9.00,7.59,6.23,4.00,38,185,162,1.41,0.0%,14.3%,28.6%,-14.3%,19,R,Lotte Marines,EL
Tanaka Fuki,13,1,1,0,0,0,69,16.1,15,1,11,7,0,1,2,6,5,2.76,4.51,4.22,1.35,124,110,110,-1.75,1.4%,15.9%,10.1%,5.8%,21,R,Lotte Marines,EL
Tanaka Haruya,2,1,0,0,0,0,41,11.2,5,0,14,2,0,0,0,0,0,0.00,1.71,1.87,0.60,999,42,49,-1.71,0.0%,34.1%,4.9%,29.3%,21,R,Lotte Marines,EL
Taneichi Atsuki,1,0,0,0,0,0,16,3.0,6,0,4,0,0,0,1,1,1,3.00,0.93,2.30,2.00,114,23,60,2.07,0.0%,25.0%,0.0%,25.0%,26,R,Lotte Marines,EL
Voth Austin,1,0,1,0,0,0,23,5.0,8,0,3,1,0,0,0,1,1,1.80,2.99,3.93,1.80,191,73,102,-1.19,0.0%,13.0%,4.3%,8.7%,33,R,Lotte Marines,EL
Yagi Akira,14,1,0,1,0,0,76,20.0,15,1,17,2,0,1,0,6,4,1.80,2.99,2.83,0.85,191,73,73,-1.19,1.3%,22.4%,2.6%,19.7%,28,R,Lotte Marines,EL
Yokoyama Rikuto,5,0,0,0,0,0,79,18.2,16,1,17,4,0,3,0,9,6,2.89,3.59,3.15,1.07,119,88,82,-0.70,1.3%,21.5%,5.1%,16.5%,23,R,Lotte Marines,EL
Yoshikawa Yuto,12,5,2,0,0,0,234,54.0,49,4,46,18,0,3,2,27,22,3.67,4.02,3.60,1.24,94,98,94,-0.35,1.7%,19.7%,7.7%,12.0%,20,L,Lotte Marines,EL
Antoku Shun,4,1,0,0,0,0,53,11.1,9,0,10,10,0,1,0,5,5,3.97,4.74,4.80,1.68,81,124,125,-0.77,0.0%,18.9%,18.9%,0.0%,23,R,SoftBank Hawks,WL
Armenta Alexander,8,1,2,1,0,0,89,19.1,19,1,19,13,0,1,3,14,10,4.66,4.47,4.13,1.66,69,117,107,0.19,1.1%,21.3%,14.6%,6.7%,21,L,SoftBank Hawks,WL
Bandoh Yugo,15,5,2,0,0,0,310,74.2,77,1,40,15,0,2,0,27,23,2.77,3.38,3.99,1.23,116,88,104,-0.61,0.3%,12.9%,4.8%,8.1%,29,R,SoftBank Hawks,WL
Fujii Kouya,1,0,0,0,0,0,5,1.0,1,0,3,1,0,0,0,0,0,0.00,0.59,0.80,2.00,999,15,21,-0.59,0.0%,60.0%,20.0%,40.0%,28,R,SoftBank Hawks,WL
Fujiwara Haruto,1,0,0,0,0,0,5,1.0,2,0,0,0,0,0,1,1,1,9.00,3.59,4.80,2.00,36,94,125,5.41,0.0%,0.0%,0.0%,0.0%,19,R,SoftBank Hawks,WL
Hamaguchi Haruhiro,6,1,0,1,0,0,30,7.2,5,0,5,3,0,0,0,1,1,1.17,3.46,4.13,1.04,274,90,107,-2.29,0.0%,16.7%,10.0%,6.7%,30,L,SoftBank Hawks,WL
Hernandez Darwinzon,5,0,0,0,0,0,18,5.0,2,0,8,1,0,0,0,0,0,0.00,0.99,0.91,0.60,999,26,24,-0.99,0.0%,44.4%,5.6%,38.9%,28,L,SoftBank Hawks,WL
Higashihama Nao,7,4,1,0,0,0,159,42.2,29,2,23,5,0,0,0,8,7,1.48,3.48,3.67,0.80,217,91,95,-2.00,1.3%,14.5%,3.1%,11.3%,35,R,SoftBank Hawks,WL
Itoh Yusuke,18,2,6,0,0,0,202,47.0,41,1,36,22,0,1,4,25,21,4.02,3.81,4.11,1.34,80,99,107,0.21,0.5%,17.8%,10.9%,6.9%,28,R,SoftBank Hawks,WL
Iwai Shunsuke,22,2,0,2,0,0,92,23.0,19,1,30,6,0,1,0,5,5,1.96,2.46,2.19,1.09,164,64,57,-0.50,1.1%,32.6%,6.5%,26.1%,23,R,SoftBank Hawks,WL
Iwasaki Shunsuke,18,3,3,2,0,0,138,31.1,32,0,25,11,1,4,1,15,13,3.73,3.43,3.79,1.37,86,90,98,0.30,0.0%,18.1%,8.0%,10.1%,22,R,SoftBank Hawks,WL
Izaki Sanshiro,5,0,1,0,0,0,67,15.2,13,0,10,10,0,0,2,4,4,2.30,4.23,4.80,1.47,139,110,125,-1.93,0.0%,14.9%,14.9%,0.0%,21,R,SoftBank Hawks,WL
Kamichatani Taiga,16,2,1,1,0,0,109,25.2,27,1,19,9,0,0,1,10,6,2.10,3.67,3.88,1.40,153,96,101,-1.57,0.9%,17.4%,8.3%,9.2%,28,R,SoftBank Hawks,WL
Kawaguchi Toya,20,0,0,3,0,0,88,22.1,11,2,24,7,2,2,0,4,2,0.81,3.82,2.87,0.81,396,100,74,-3.01,2.3%,27.3%,8.0%,19.3%,25,R,SoftBank Hawks,WL
Kimura Hikaru,18,3,1,1,0,0,136,34.2,25,1,30,12,0,0,1,15,12,3.12,3.28,3.48,1.07,103,86,90,-0.16,0.7%,22.1%,8.8%,13.2%,24,R,SoftBank Hawks,WL
Kimura Taisei,25,2,1,0,0,0,139,34.0,24,2,17,13,0,3,1,10,6,1.59,4.77,4.51,1.09,202,124,117,-3.18,1.4%,12.2%,9.4%,2.9%,21,L,SoftBank Hawks,WL
Maeda Jun,5,1,1,0,0,0,91,22.1,23,0,12,4,0,0,0,5,5,2.01,3.06,3.92,1.21,160,80,102,-1.05,0.0%,13.2%,4.4%,8.8%,25,L,SoftBank Hawks,WL
Maeda Yugo,12,5,2,0,0,0,238,62.2,45,1,58,8,0,2,1,8,7,1.01,2.43,2.70,0.85,317,63,70,-1.42,0.4%,24.4%,3.4%,21.0%,19,L,SoftBank Hawks,WL
Matayoshi Katsuki,14,2,5,0,0,0,257,58.2,70,2,33,16,0,1,3,32,25,3.84,3.78,4.14,1.47,84,99,107,0.06,0.8%,12.8%,6.2%,6.6%,34,R,SoftBank Hawks,WL
Matsumoto Haru,1,0,0,0,0,0,3,1.0,0,0,0,0,0,0,0,0,0,0.00,3.59,4.80,0.00,999,94,125,-3.59,0.0%,0.0%,0.0%,0.0%,24,L,SoftBank Hawks,WL
Minakuchi Sota,1,0,0,0,0,0,12,2.2,4,0,1,1,0,0,1,3,2,6.75,3.97,4.80,1.88,48,104,125,2.78,0.0%,8.3%,8.3%,0.0%,25,R,SoftBank Hawks,WL
Miyasato Yuwa,17,0,0,2,0,0,74,18.2,13,1,18,5,0,1,0,2,1,0.48,3.33,3.04,0.96,668,87,79,-2.85,1.4%,24.3%,6.8%,17.6%,23,R,SoftBank Hawks,WL
Miyazaki Hayato,20,1,1,3,0,0,89,24.1,10,0,27,7,1,2,3,4,3,1.11,2.48,2.55,0.70,289,65,66,-1.37,0.0%,30.3%,7.9%,22.5%,25,L,SoftBank Hawks,WL
Murata Kenichi,18,5,1,0,0,0,171,39.0,47,0,16,16,0,1,2,23,22,5.08,4.08,4.80,1.62,63,107,125,1.00,0.0%,9.4%,9.4%,0.0%,23,R,SoftBank Hawks,WL
Ogata Shuto,9,1,0,2,0,0,42,12.0,6,0,19,1,0,0,1,1,1,0.75,0.68,0.51,0.58,428,18,13,0.07,0.0%,45.2%,2.4%,42.9%,26,R,SoftBank Hawks,WL
Ohe Ryusei,4,0,0,1,0,0,17,5.0,4,0,4,0,0,0,0,0,0,0.00,1.99,2.45,0.80,999,52,64,-1.99,0.0%,23.5%,0.0%,23.5%,26,L,SoftBank Hawks,WL
Ohno Kazuo,10,1,1,0,0,0,80,18.1,11,1,24,15,0,2,0,5,5,2.45,4.47,3.67,1.42,131,117,95,-2.02,1.2%,30.0%,18.8%,11.2%,20,L,SoftBank Hawks,WL
Ohshiro Shinno,6,0,0,0,0,0,27,6.1,6,0,5,2,0,1,0,3,2,2.84,3.44,3.69,1.26,113,90,96,-0.60,0.0%,18.5%,7.4%,11.1%,22,L,SoftBank Hawks,WL
Ohtake Fuga,10,1,3,0,0,0,108,23.1,21,1,22,17,0,1,4,20,17,6.56,4.58,4.34,1.63,49,120,113,1.98,0.9%,20.4%,15.7%,4.6%,25,R,SoftBank Hawks,WL
Ohtsu Ryosuke,9,5,2,0,1,1,225,59.2,43,1,42,4,0,1,1,13,11,1.66,2.65,3.11,0.79,193,69,81,-0.99,0.4%,18.7%,1.8%,16.9%,26,R,SoftBank Hawks,WL
Ohyama Ryo,3,0,0,0,0,0,17,4.0,2,0,6,3,0,0,1,0,0,0.00,2.84,3.04,1.25,999,74,79,-2.84,0.0%,35.3%,17.6%,17.6%,23,R,SoftBank Hawks,WL
Okada Koichiro,6,0,0,0,0,0,45,7.0,19,0,3,3,0,2,0,10,5,6.43,4.88,4.80,3.14,50,127,125,1.55,0.0%,6.7%,6.7%,0.0%,23,R,SoftBank Hawks,WL
Okaue Jumpei,2,0,0,0,0,0,7,2.0,1,0,2,0,0,0,0,0,0,0.00,1.59,1.94,0.50,999,42,50,-1.59,0.0%,28.6%,0.0%,28.6%,20,R,SoftBank Hawks,WL
Rodriguez Luis,5,0,0,0,0,0,24,5.0,6,0,4,3,0,0,0,3,2,3.60,3.79,4.38,1.80,89,99,114,-0.19,0.0%,16.7%,12.5%,4.2%,23,R,SoftBank Hawks,WL
Sugiyama Kazuki,1,0,0,0,0,0,3,1.0,0,0,0,0,0,0,0,0,0,0.00,3.59,4.80,0.00,999,94,125,-3.59,0.0%,0.0%,0.0%,0.0%,27,R,SoftBank Hawks,WL
Takeda Shota,1,0,0,0,0,0,14,3.0,3,0,1,2,0,1,0,1,1,3.00,5.93,5.51,1.67,107,155,143,-2.93,0.0%,7.1%,14.3%,-7.1%,32,R,SoftBank Hawks,WL
Taura Fumimaru,11,1,0,2,0,0,47,12.0,8,1,7,3,0,2,0,5,5,3.75,4.76,3.95,0.92,86,124,103,-1.01,2.1%,14.9%,6.4%,8.5%,25,L,SoftBank Hawks,WL
Tsumori Yuki,12,2,0,2,0,0,54,13.1,9,1,15,5,0,1,0,3,2,1.35,3.67,2.95,1.05,238,96,77,-2.32,1.9%,27.8%,9.3%,18.5%,27,R,SoftBank Hawks,WL
Uwasawa Naoyuki,1,0,1,0,0,0,19,3.0,7,0,1,3,0,0,0,6,6,18.00,5.93,5.85,3.33,18,155,152,12.07,0.0%,5.3%,15.8%,-10.5%,31,R,SoftBank Hawks,WL
Ehara Masahiro,13,0,1,0,0,0,61,14.2,14,0,14,5,0,0,0,3,2,1.23,2.71,3.32,1.30,261,71,86,-1.48,0.0%,23.0%,8.2%,14.8%,24,R,Rakuten Eagles,EL
Fujihira Shoma,2,0,0,0,0,0,8,2.0,2,0,3,0,0,0,1,1,1,4.50,0.59,1.05,1.00,71,15,27,3.91,0.0%,37.5%,0.0%,37.5%,26,R,Rakuten Eagles,EL
Fujii Masaru,2,0,1,0,0,0,45,9.2,11,0,5,4,0,1,0,5,5,4.66,4.11,4.58,1.55,69,107,119,0.55,0.0%,11.1%,8.9%,2.2%,28,L,Rakuten Eagles,EL
Hayakawa Takahisa,3,1,0,0,0,0,74,17.2,20,1,17,1,0,1,1,4,4,2.04,2.74,2.64,1.19,157,72,68,-0.70,1.4%,23.0%,1.4%,21.6%,26,L,Rakuten Eagles,EL
Hayashi Yuki,30,3,1,0,0,0,160,35.2,45,7,26,12,0,0,1,19,18,4.54,5.70,3.92,1.60,71,149,102,-1.16,4.4%,16.2%,7.5%,8.8%,23,L,Rakuten Eagles,EL
Hinata Naoki,28,2,1,2,0,0,115,28.0,22,3,24,6,0,0,0,14,13,4.18,3.91,3.23,1.00,77,102,84,0.27,2.6%,20.9%,5.2%,15.7%,19,R,Rakuten Eagles,EL
Howard Spencer,3,1,0,0,0,0,46,14.0,7,0,16,0,0,0,0,1,1,0.64,1.31,1.32,0.50,501,34,34,-0.67,0.0%,34.8%,0.0%,34.8%,28,R,Rakuten Eagles,EL
Kajiya Ren,4,1,0,0,0,0,21,5.0,6,1,6,1,0,0,0,3,3,5.40,4.39,2.42,1.40,59,115,63,1.01,4.8%,28.6%,4.8%,23.8%,33,R,Rakuten Eagles,EL
Karashima Wataru,9,2,3,0,0,0,200,47.0,54,2,31,10,0,3,0,26,23,4.40,3.66,3.75,1.36,73,95,97,0.74,1.0%,15.5%,5.0%,10.5%,34,L,Rakuten Eagles,EL
Kishi Takayuki,2,1,0,0,1,0,38,11.0,6,0,11,0,0,0,0,1,1,0.82,1.59,1.91,0.55,391,42,49,-0.77,0.0%,28.9%,0.0%,28.9%,40,R,Rakuten Eagles,EL
Koga Kosei,14,3,3,1,0,0,311,70.2,72,3,34,37,0,4,7,34,31,3.95,4.92,4.90,1.54,81,129,127,-0.97,1.0%,10.9%,11.9%,-1.0%,20,L,Rakuten Eagles,EL
Koja Tatsuki,5,0,1,0,0,0,116,27.2,26,1,20,13,0,2,0,9,9,2.93,4.24,4.20,1.41,109,111,109,-1.31,0.9%,17.2%,11.2%,6.0%,23,L,Rakuten Eagles,EL
Komago Ryuji,29,1,1,0,0,0,148,32.1,37,1,30,16,0,3,2,22,21,5.85,3.90,3.85,1.64,55,102,100,1.95,0.7%,20.3%,10.8%,9.5%,27,R,Rakuten Eagles,EL
Matsuda Takuma,4,1,0,0,0,0,60,14.2,11,0,13,5,0,0,0,2,2,1.23,2.84,3.47,1.09,261,74,90,-1.61,0.0%,21.7%,8.3%,13.3%,23,R,Rakuten Eagles,EL
Matsui Tomotaka,9,1,1,0,0,0,53,12.0,14,0,10,6,0,0,1,5,5,3.75,3.43,4.05,1.67,86,89,105,0.32,0.0%,18.9%,11.3%,7.5%,25,R,Rakuten Eagles,EL
Miyamori Satoshi,24,3,2,0,0,0,112,25.1,24,1,23,11,0,2,1,16,12,4.26,3.83,3.73,1.38,75,100,97,0.43,0.9%,20.5%,9.8%,10.7%,27,R,Rakuten Eagles,EL
Nakagomi Haruto,27,3,2,0,0,0,117,29.2,19,1,22,10,0,2,0,9,8,2.43,3.76,3.77,0.98,132,98,98,-1.33,0.9%,18.8%,8.5%,10.3%,23,R,Rakuten Eagles,EL
Ohuchi Seiya,11,3,3,0,0,0,226,53.0,49,3,31,22,0,1,2,19,18,3.06,4.46,4.40,1.34,105,116,114,-1.40,1.3%,13.7%,9.7%,4.0%,19,R,Rakuten Eagles,EL
Sakai Haruto,10,1,4,0,0,0,165,35.2,47,3,17,15,0,2,2,30,26,6.56,5.16,4.68,1.74,49,135,121,1.40,1.8%,10.3%,9.1%,1.2%,20,R,Rakuten Eagles,EL
Shibata Daichi,30,2,2,0,0,0,139,30.2,27,0,33,16,0,3,1,16,12,3.52,3.30,3.58,1.40,91,86,93,0.22,0.0%,23.7%,11.5%,12.2%,27,R,Rakuten Eagles,EL
Shoji Kosei,8,3,3,0,0,0,171,42.0,33,2,37,15,0,2,2,16,13,2.79,3.66,3.51,1.14,115,96,91,-0.87,1.2%,21.6%,8.8%,12.9%,24,R,Rakuten Eagles,EL
Suzuki Sora,2,0,0,0,0,0,7,2.0,0,0,2,2,0,0,0,0,0,0.00,4.59,4.80,1.00,999,120,125,-4.59,0.0%,28.6%,28.6%,0.0%,28,L,Rakuten Eagles,EL
Tai Katsutoshi,32,0,1,27,0,0,130,29.1,17,2,26,22,0,3,1,8,7,2.15,5.26,4.49,1.33,149,137,117,-3.11,1.5%,20.0%,16.9%,3.1%,21,L,Rakuten Eagles,EL
Takinaka Ryota,3,0,1,0,0,0,67,15.0,21,0,3,1,0,0,1,10,10,6.00,3.39,4.50,1.47,53,89,117,2.61,0.0%,4.5%,1.5%,3.0%,30,R,Rakuten Eagles,EL
Tokuyama Kazuto,5,1,2,0,0,0,79,18.0,20,0,11,9,0,0,0,6,6,3.00,3.87,4.55,1.61,107,101,118,-0.87,0.0%,13.9%,11.4%,2.5%,23,L,Rakuten Eagles,EL
Tsurusaki Taisei,25,4,2,1,0,0,125,31.0,21,2,31,9,0,1,1,14,7,2.03,3.40,3.04,0.97,158,89,79,-1.37,1.6%,24.8%,7.2%,17.6%,27,R,Rakuten Eagles,EL
Turley Nik,11,0,1,0,0,0,44,10.1,9,0,16,3,0,0,2,6,3,2.61,1.37,1.85,1.16,123,36,48,1.24,0.0%,36.4%,6.8%,29.5%,35,L,Rakuten Eagles,EL
Wang Yan-Cheng,16,7,4,0,0,0,346,81.0,85,2,61,26,0,6,4,37,32,3.56,3.59,3.79,1.37,90,94,98,-0.03,0.6%,17.6%,7.5%,10.1%,24,L,Rakuten Eagles,EL
Watanabe Shota,12,1,2,0,0,0,45,11.1,5,0,6,6,0,0,1,2,2,1.59,4.12,4.80,0.97,202,108,125,-2.53,0.0%,13.3%,13.3%,0.0%,24,R,Rakuten Eagles,EL
Yajure Miguel,5,1,1,0,0,0,84,22.2,14,0,14,4,0,1,0,3,3,1.19,3.02,3.61,0.79,269,79,94,-1.83,0.0%,16.7%,4.8%,11.9%,27,R,Rakuten Eagles,EL
Yuge Hayato,26,1,1,0,0,0,173,37.2,52,0,26,9,0,1,0,24,21,5.02,3.01,3.82,1.62,64,79,99,2.01,0.0%,15.0%,5.2%,9.8%,31,L,Rakuten Eagles,EL
Aoyama Minato,1,0,1,0,0,0,21,6.0,2,0,5,3,0,0,0,1,1,1.50,3.43,3.85,0.83,227,84,100,-1.93,0.0%,23.8%,14.3%,9.5%,24,R,Seibu Lions,EL
Fuji Yamato,1,0,1,0,0,0,20,3.1,5,0,1,5,0,0,0,3,3,8.10,7.49,6.80,3.00,42,184,177,0.61,0.0%,5.0%,25.0%,-20.0%,18,L,Seibu Lions,EL
Hada Shinnosuke,6,1,0,2,0,0,24,6.1,5,0,7,0,0,0,0,3,1,1.42,1.38,1.88,0.79,240,34,49,0.04,0.0%,29.2%,0.0%,29.2%,21,L,Seibu Lions,EL
Hamaya Shota,12,0,0,1,0,0,42,10.2,8,1,12,2,0,2,0,4,3,2.53,3.69,2.42,0.94,134,91,63,-1.16,2.4%,28.6%,4.8%,23.8%,26,L,Seibu Lions,EL
Hirai Katsunori,27,3,2,0,0,0,117,30.0,17,4,27,13,0,1,0,10,9,2.70,4.93,3.60,1.00,126,121,94,-2.23,3.4%,23.1%,11.1%,12.0%,33,R,Seibu Lions,EL
Itogawa Ryota,22,4,1,0,0,0,287,69.0,65,3,53,14,0,3,4,24,22,2.87,3.36,3.44,1.14,119,83,89,-0.49,1.0%,18.5%,4.9%,13.6%,27,R,Seibu Lions,EL
Kaino Hiroshi,1,0,0,1,0,0,3,1.0,0,0,1,0,0,0,0,0,0,0.00,1.59,1.47,0.00,999,39,38,-1.59,0.0%,33.3%,0.0%,33.3%,28,R,Seibu Lions,EL
Kariu Shoma,1,0,1,0,0,0,23,5.0,7,0,5,1,0,0,1,4,4,7.20,2.19,3.06,1.60,47,54,79,5.01,0.0%,21.7%,4.3%,17.4%,18,R,Seibu Lions,EL
Kawashimo Masahiro,4,2,0,0,0,0,68,16.2,10,0,13,15,0,0,0,4,4,2.16,4.73,5.09,1.50,157,116,132,-2.57,0.0%,19.1%,22.1%,-2.9%,20,L,Seibu Lions,EL
Kuroda Masaya,17,3,0,3,0,0,71,18.0,15,0,13,4,0,0,0,4,4,2.00,2.82,3.53,1.06,170,69,92,-0.82,0.0%,18.3%,5.6%,12.7%,21,R,Seibu Lions,EL
Kuroki Yuta,17,0,2,0,0,0,70,17.1,11,1,14,7,0,2,1,7,6,3.12,4.29,3.80,1.04,109,105,99,-1.17,1.4%,20.0%,10.0%,10.0%,30,R,Seibu Lions,EL
Lopez Victor,15,2,1,1,0,0,141,32.2,30,0,21,9,0,6,0,16,11,3.03,3.68,3.95,1.19,112,91,103,-0.65,0.0%,14.9%,6.4%,8.5%,25,R,Seibu Lions,EL
Mameda Taishi,10,0,1,0,0,0,66,13.1,15,2,13,12,0,0,0,8,8,5.40,6.29,4.65,2.03,63,155,121,-0.89,3.0%,19.7%,18.2%,1.5%,22,R,Seibu Lions,EL
Matsumoto Wataru,14,4,2,0,0,0,294,72.2,69,1,50,14,0,2,0,23,21,2.60,3.06,3.58,1.14,131,75,93,-0.46,0.3%,17.0%,4.8%,12.2%,28,R,Seibu Lions,EL
Miura Daiki,14,1,0,2,0,0,70,18.0,9,0,22,7,0,1,0,1,1,0.50,2.48,2.66,0.89,680,61,69,-1.98,0.0%,31.4%,10.0%,21.4%,25,R,Seibu Lions,EL
Miyazawa Taisei,24,5,2,2,0,0,114,27.1,26,4,34,4,0,0,2,13,10,3.29,3.45,2.17,1.10,103,85,56,-0.16,3.5%,29.8%,3.5%,26.3%,26,R,Seibu Lions,EL
Mizukami Yoshinobu,12,0,1,0,0,0,56,13.2,11,0,12,3,0,1,1,4,2,1.32,2.71,3.19,1.02,258,67,83,-1.39,0.0%,21.4%,5.4%,16.1%,26,R,Seibu Lions,EL
Moriwaki Ryosuke,3,0,1,0,0,0,21,4.0,7,1,1,2,0,0,0,4,4,9.00,7.84,5.28,2.25,38,193,137,1.16,4.8%,4.8%,9.5%,-4.8%,32,R,Seibu Lions,EL
Nakamura Yuta,25,0,1,12,0,0,108,27.0,19,1,29,8,1,0,1,7,5,1.67,2.82,2.86,1.00,204,69,74,-1.15,0.9%,26.9%,7.4%,19.4%,29,R,Seibu Lions,EL
Omagari Ren,14,0,0,0,0,0,80,18.2,15,1,12,10,2,0,1,6,4,1.93,4.61,4.55,1.34,176,113,118,-2.68,1.2%,15.0%,12.5%,2.5%,27,R,Seibu Lions,EL
Sasaki Takeru,12,0,0,0,0,0,45,12.0,8,0,8,3,0,1,0,1,0,0.00,3.26,3.69,0.92,999,80,96,-3.26,0.0%,17.8%,6.7%,11.1%,29,L,Seibu Lions,EL
Sato Shunsuke,6,0,1,0,0,0,26,6.0,7,0,4,1,0,0,0,3,3,4.50,2.76,3.65,1.33,76,68,95,1.74,0.0%,15.4%,3.8%,11.5%,25,L,Seibu Lions,EL
Satoh Sou,3,2,0,0,0,0,55,13.0,13,0,9,8,0,0,0,5,5,3.46,4.05,4.62,1.62,98,100,120,-0.59,0.0%,16.4%,14.5%,1.8%,22,L,Seibu Lions,EL
Shinohara Hibiki,13,7,3,0,0,0,246,59.1,62,1,45,10,0,0,4,20,14,2.12,2.80,3.38,1.21,160,69,88,-0.68,0.4%,18.3%,4.1%,14.2%,18,R,Seibu Lions,EL
Sugai Shinya,6,0,2,0,0,0,121,29.0,24,4,26,12,0,1,1,12,10,3.10,4.94,3.64,1.24,110,122,95,-1.84,3.3%,21.5%,9.9%,11.6%,22,L,Seibu Lions,EL
Sugiyama Haruki,13,2,4,0,0,0,223,51.0,59,5,33,21,0,3,0,31,27,4.76,4.99,4.26,1.57,71,123,111,-0.23,2.2%,14.8%,9.4%,5.4%,19,L,Seibu Lions,EL
Sumida Chihiro,1,0,0,0,0,0,10,3.0,0,0,3,1,0,0,0,0,0,0.00,2.59,2.80,0.33,999,64,73,-2.59,0.0%,30.0%,10.0%,20.0%,25,L,Seibu Lions,EL
Takahashi Bo,10,2,3,0,0,0,199,46.1,45,4,28,15,0,4,1,20,16,3.11,4.74,4.15,1.29,109,117,108,-1.63,2.0%,14.1%,7.5%,6.5%,28,R,Seibu Lions,EL
Takeuchi Natsuki,4,1,0,0,0,0,63,17.0,13,1,17,0,0,0,0,4,3,1.59,2.36,2.10,0.76,214,58,55,-0.77,1.6%,27.0%,0.0%,27.0%,23,L,Seibu Lions,EL
Tamura Ichiro,9,0,1,4,0,0,36,10.0,2,0,6,3,2,0,0,2,0,0.00,3.29,3.97,0.50,999,81,103,-3.29,0.0%,16.7%,8.3%,8.3%,30,R,Seibu Lions,EL
Ueda Taiga,9,5,1,0,0,0,188,44.0,53,2,30,12,0,1,2,21,14,2.86,3.71,3.84,1.48,119,91,100,-0.85,1.1%,16.0%,6.4%,9.6%,23,R,Seibu Lions,EL
Uema Towa,3,2,0,0,0,0,72,19.0,12,0,6,3,0,0,0,2,1,0.47,3.44,4.38,0.79,724,85,114,-2.97,0.0%,8.3%,4.2%,4.2%,24,R,Seibu Lions,EL
Yamada Haruto,1,0,0,0,0,0,4,1.0,1,0,0,1,0,0,0,0,0,0.00,6.59,7.30,2.00,999,162,190,-6.59,0.0%,0.0%,25.0%,-25.0%,21,R,Seibu Lions,EL
Yoza Kaito,6,3,1,0,0,0,104,26.0,25,4,18,3,0,1,0,9,8,2.77,4.67,3.36,1.08,123,115,87,-1.90,3.8%,17.3%,2.9%,14.4%,29,R,Seibu Lions,EL
Asari Tamon,15,1,4,0,0,0,172,36.2,39,2,26,24,0,3,1,21,16,3.93,5.09,4.68,1.72,89,122,122,-1.16,1.2%,15.1%,14.0%,1.2%,22,R,Nipponham Fighters,EL
Fujita Ryusei,9,0,1,0,0,0,57,12.2,13,0,8,5,0,0,0,9,6,4.26,3.51,4.27,1.42,82,84,111,0.75,0.0%,14.0%,8.8%,5.3%,18,L,Nipponham Fighters,EL
Fukuda Suguru,8,1,0,1,0,0,27,6.2,6,0,6,2,0,0,0,0,0,0.00,2.69,3.32,1.20,999,65,86,-2.69,0.0%,22.2%,7.4%,14.8%,28,L,Nipponham Fighters,EL
Fukushima Ren,14,4,3,0,0,0,275,67.0,51,4,61,24,0,2,2,23,19,2.55,3.71,3.45,1.12,137,89,90,-1.16,1.5%,22.2%,8.7%,13.5%,22,R,Nipponham Fighters,EL
Fukutani Koji,11,1,0,1,0,0,42,12.0,4,0,8,1,0,2,0,2,2,1.50,3.01,3.13,0.42,232,72,81,-1.51,0.0%,19.0%,2.4%,16.7%,34,R,Nipponham Fighters,EL
Gu Lin Ruei-Yang,3,3,0,0,0,0,60,15.2,8,0,15,4,0,0,1,4,3,1.72,2.44,2.97,0.77,202,59,77,-0.72,0.0%,25.0%,6.7%,18.3%,25,R,Nipponham Fighters,EL
Hori Mizuki,22,2,0,2,0,0,96,22.1,23,0,26,7,0,0,1,6,4,1.61,2.20,2.82,1.34,216,53,73,-0.59,0.0%,27.1%,7.3%,19.8%,27,L,Nipponham Fighters,EL
Hosono Haruki,9,2,2,0,1,0,175,43.1,37,5,41,8,0,1,0,17,15,3.12,3.82,2.91,1.04,112,92,76,-0.70,2.9%,23.4%,4.6%,18.9%,23,L,Nipponham Fighters,EL
Ikeda Takahide,9,1,1,0,0,0,45,8.2,9,1,7,6,0,1,2,6,5,5.19,5.90,4.58,1.73,67,142,119,-0.71,2.2%,15.6%,13.3%,2.2%,30,R,Nipponham Fighters,EL
Ishikawa Naoya,18,0,0,3,0,0,71,17.2,15,3,15,3,0,1,1,8,8,4.08,4.78,3.11,1.02,85,115,81,-0.70,4.2%,21.1%,4.2%,16.9%,28,R,Nipponham Fighters,EL
Kanemura Shoma,2,1,1,0,0,0,23,6.0,4,0,6,1,0,0,0,2,2,3.00,2.09,2.63,0.83,116,50,68,0.91,0.0%,26.1%,4.3%,21.7%,24,R,Nipponham Fighters,EL
Katoh Yamato,7,1,1,0,0,0,44,9.0,4,2,6,11,0,3,0,7,7,7.00,9.82,5.94,1.67,50,236,154,-2.82,4.5%,13.6%,25.0%,-11.4%,19,L,Nipponham Fighters,EL
Kawakatsu Sorato,4,0,0,0,0,0,23,4.0,11,1,5,1,0,0,1,7,7,15.75,5.09,3.06,3.00,22,122,79,10.66,4.3%,21.7%,4.3%,17.4%,18,R,Nipponham Fighters,EL
Kawano Ryusei,4,0,0,0,0,0,15,4.0,1,0,4,2,0,0,1,0,0,0.00,3.09,3.47,0.75,999,74,90,-3.09,0.0%,26.7%,13.3%,13.3%,27,L,Nipponham Fighters,EL
Kitaura Ryuji,15,1,0,0,0,0,70,15.1,19,0,12,8,0,0,0,9,9,5.28,3.59,4.23,1.76,66,86,110,1.69,0.0%,17.1%,11.4%,5.7%,25,L,Nipponham Fighters,EL
Kitayama Koki,2,0,0,0,0,0,36,9.2,5,0,9,2,0,0,1,1,1,0.93,2.35,2.86,0.72,374,57,74,-1.42,0.0%,25.0%,5.6%,19.4%,26,R,Nipponham Fighters,EL
Kuroyanagi Kyosuke,10,1,3,0,0,0,166,36.1,41,1,24,17,0,3,1,20,16,3.96,4.28,4.38,1.60,88,103,114,-0.32,0.6%,14.5%,10.2%,4.2%,22,R,Nipponham Fighters,EL
Matsumoto Ryodai,20,3,1,0,0,0,98,21.1,19,1,14,16,0,2,1,10,7,2.95,5.42,5.00,1.64,118,130,130,-2.47,1.0%,14.3%,16.3%,-2.0%,23,R,Nipponham Fighters,EL
Matsuoka Koki,20,0,3,0,0,0,99,20.0,26,1,21,11,0,2,2,16,13,5.85,4.09,3.79,1.85,60,98,98,1.76,1.0%,21.2%,11.1%,10.1%,24,R,Nipponham Fighters,EL
Matsuura Keito,17,2,2,3,0,0,160,35.0,39,1,30,18,0,0,1,16,14,3.60,3.79,4.05,1.63,97,91,105,-0.19,0.6%,18.8%,11.2%,7.5%,21,L,Nipponham Fighters,EL
Miyanishi Naoki,1,0,0,0,0,0,3,1.0,0,0,3,0,0,0,0,0,0,0.00,-2.41,-5.20,0.00,999,-58,-135,2.41,0.0%,100.0%,0.0%,100.0%,40,L,Nipponham Fighters,EL
Miyauchi Haruki,21,1,1,3,0,0,89,21.1,16,0,27,5,0,3,1,8,6,2.53,2.19,2.33,0.98,138,53,60,0.34,0.0%,30.3%,5.6%,24.7%,29,R,Nipponham Fighters,EL
Nabatame Tsubasa,5,0,0,1,0,0,21,5.0,4,0,6,0,0,1,0,1,1,1.80,1.79,1.94,0.80,193,43,50,0.01,0.0%,28.6%,0.0%,28.6%,30,R,Nipponham Fighters,EL
Nakayama Terukazu,13,1,1,0,0,0,108,23.2,28,2,9,6,0,1,1,15,8,3.04,4.82,4.52,1.44,115,116,117,-1.78,1.9%,8.3%,5.6%,2.8%,26,R,Nipponham Fighters,EL
Nemoto Haruka,19,0,0,1,0,0,95,19.2,20,4,20,12,0,1,1,12,5,2.29,6.19,3.96,1.63,152,149,103,-3.90,4.2%,21.1%,12.6%,8.4%,22,L,Nipponham Fighters,EL
Seimiya Kotaro,14,2,0,0,0,0,86,19.1,14,0,18,18,0,0,2,7,7,3.26,4.52,4.80,1.66,107,109,125,-1.26,0.0%,20.9%,20.9%,0.0%,25,R,Nipponham Fighters,EL
Shibata Reo,9,0,0,0,0,0,51,13.2,7,1,17,5,0,0,1,3,3,1.98,3.15,2.45,0.88,176,76,64,-1.17,2.0%,33.3%,9.8%,23.5%,19,R,Nipponham Fighters,EL
Shibuya Junki,4,0,1,0,0,0,21,3.1,5,0,2,7,0,0,1,6,6,16.20,8.69,7.18,3.60,21,209,186,7.51,0.0%,9.5%,33.3%,-23.8%,18,L,Nipponham Fighters,EL
Shimizu Daiki,4,0,0,0,0,0,21,4.0,2,0,5,6,0,1,0,1,1,2.25,6.34,5.28,2.00,155,152,137,-4.09,0.0%,23.8%,28.6%,-4.8%,18,R,Nipponham Fighters,EL
Sugiura Toshihiro,16,1,1,5,0,0,62,15.1,12,0,14,3,1,0,1,5,4,2.35,2.35,3.03,0.98,148,57,79,-0.00,0.0%,22.6%,4.8%,17.7%,33,R,Nipponham Fighters,EL
Sun Yi-Lei,12,2,0,0,0,0,178,47.2,25,4,44,11,0,2,1,10,9,1.70,3.66,2.95,0.76,205,88,76,-1.96,2.2%,24.7%,6.2%,18.5%,20,R,Nipponham Fighters,EL
Tamai Taisho,8,1,0,2,0,0,25,7.0,3,0,6,0,0,1,0,0,0,0.00,2.31,2.40,0.43,999,55,62,-2.31,0.0%,24.0%,0.0%,24.0%,33,R,Nipponham Fighters,EL
Tatsu Kota,5,1,1,0,0,0,90,25.2,8,1,24,8,0,0,1,1,1,0.35,3.16,3.02,0.62,995,76,78,-2.81,1.1%,26.7%,8.9%,17.8%,21,R,Nipponham Fighters,EL
Uehara Kenta,19,3,1,1,0,0,109,23.0,30,1,23,8,0,0,1,13,9,3.52,3.20,3.42,1.65,99,77,89,0.32,0.9%,21.1%,7.3%,13.8%,31,L,Nipponham Fighters,EL
VerHagen Drew,11,5,2,0,0,0,219,58.0,48,2,46,11,0,1,2,14,14,2.17,3.08,3.20,1.02,160,74,83,-0.91,0.9%,21.0%,5.0%,16.0%,34,R,Nipponham Fighters,EL
Yamamoto Kodai,14,1,3,0,0,0,87,19.0,18,0,16,10,0,3,1,16,12,5.68,3.96,4.11,1.47,61,95,107,1.72,0.0%,18.4%,11.5%,6.9%,26,L,Nipponham Fighters,EL
Yamamoto Takumi,5,0,0,2,0,0,17,5.0,2,1,4,0,0,0,0,1,1,1.80,4.59,2.45,0.40,193,110,64,-2.79,5.9%,23.5%,0.0%,23.5%,25,R,Nipponham Fighters,EL
Yamasaki Sachiya,1,0,0,0,0,0,23,6.0,5,1,6,0,0,0,0,1,1,1.50,3.76,2.19,0.83,232,90,57,-2.26,4.3%,26.1%,0.0%,26.1%,32,L,Nipponham Fighters,EL
Yamashiro Kotaro,7,1,3,0,0,0,46,10.2,10,0,12,6,0,0,1,5,4,3.38,3.03,3.50,1.50,103,73,91,0.35,0.0%,26.1%,13.0%,13.0%,22,R,Nipponham Fighters,EL
Yanagawa Taisei,4,1,0,0,0,0,16,4.0,2,0,8,2,0,0,0,0,0,0.00,1.09,1.05,1.00,999,26,27,-1.09,0.0%,50.0%,12.5%,37.5%,21,R,Nipponham Fighters,EL
Zabala Aneurys,20,1,4,3,0,0,83,18.1,24,1,26,4,0,1,1,13,13,6.38,2.28,2.15,1.53,55,55,56,4.10,1.2%,31.3%,4.8%,26.5%,28,R,Nipponham Fighters,EL
Ajiro Kenta,12,5,6,0,0,0,229,52.0,63,6,22,10,0,1,0,37,22,3.81,4.88,4.28,1.40,77,139,111,-1.07,2.6%,9.6%,4.4%,5.2%,23,R,Oisix Albirex,EL
Escobar Edwin,16,0,1,0,0,0,67,15.1,20,0,9,3,0,0,1,10,9,5.28,3.01,3.90,1.50,56,86,101,2.27,0.0%,13.4%,4.5%,9.0%,33,L,Oisix Albirex,EL
Hiwatashi Shuta,13,0,1,0,0,0,76,14.0,25,1,12,8,0,1,2,13,11,7.07,4.74,4.27,2.36,41,135,111,2.33,1.3%,15.8%,10.5%,5.3%,24,R,Oisix Albirex,EL
Imai Ryota,15,0,2,0,0,0,115,25.1,30,1,20,10,0,2,5,20,16,5.68,3.95,3.93,1.58,52,113,102,1.73,0.9%,17.4%,8.7%,8.7%,23,R,Oisix Albirex,EL
Irei Kaito,18,1,0,0,0,0,45,10.2,13,1,8,1,0,1,1,4,3,2.53,3.87,3.24,1.31,116,111,84,-1.34,2.2%,17.8%,2.2%,15.6%,24,L,Oisix Albirex,EL
Kasahara Shotaro,14,1,5,0,0,0,265,59.2,71,4,32,20,0,1,2,35,30,4.53,4.45,4.35,1.53,65,127,113,0.08,1.5%,12.1%,7.5%,4.5%,30,L,Oisix Albirex,EL
Kobayashi Jui,21,1,9,0,0,0,244,55.2,54,7,42,20,0,5,1,34,30,4.85,5.07,3.90,1.33,60,145,101,-0.22,2.9%,17.2%,8.2%,9.0%,24,R,Oisix Albirex,EL
Kobayashi Keisuke,26,1,2,0,0,0,119,26.2,32,1,18,7,0,1,2,18,12,4.05,3.63,3.88,1.46,72,104,101,0.42,0.8%,15.1%,5.9%,9.2%,32,R,Oisix Albirex,EL
Makino Kenshin,22,4,2,0,1,1,368,84.1,94,6,65,27,0,1,2,36,25,2.67,3.97,3.77,1.43,110,113,98,-1.30,1.6%,17.7%,7.3%,10.3%,25,L,Oisix Albirex,EL
Meguro Koya,24,2,2,0,0,0,102,22.2,30,1,22,7,0,2,2,15,14,5.56,3.42,3.33,1.63,53,98,86,2.14,1.0%,21.6%,6.9%,14.7%,23,L,Oisix Albirex,EL
Mikami Tomoya,18,2,3,0,0,0,78,16.2,22,1,19,5,0,0,0,16,14,7.56,2.99,3.01,1.62,39,85,78,4.57,1.3%,24.4%,6.4%,17.9%,36,R,Oisix Albirex,EL
Miyasato Yuwa,1,0,0,0,0,0,3,1.0,0,0,0,0,0,0,0,0,0,0.00,3.59,4.80,0.00,999,103,125,-3.59,0.0%,0.0%,0.0%,0.0%,,R,Oisix Albirex,EL
Namba Shu,15,1,0,0,0,0,95,21.1,27,1,13,6,0,0,0,14,14,5.91,3.83,4.06,1.55,50,109,105,2.08,1.1%,13.7%,6.3%,7.4%,22,R,Oisix Albirex,EL
Nishimura Riku,25,0,2,0,0,0,75,15.0,25,1,4,6,0,0,0,9,9,5.40,5.13,5.07,2.07,54,146,132,0.27,1.3%,5.3%,8.0%,-2.7%,24,R,Oisix Albirex,EL
Noto Syuto,19,10,3,0,0,0,471,110.0,102,3,84,44,0,1,4,37,32,2.62,3.65,3.95,1.33,112,104,103,-1.03,0.6%,17.8%,9.3%,8.5%,23,R,Oisix Albirex,EL
Padysak Daniel,2,0,0,0,0,0,21,5.0,4,0,2,4,0,0,1,0,0,0.00,5.19,5.75,1.60,999,148,149,-5.19,0.0%,9.5%,19.0%,-9.5%,24,R,Oisix Albirex,EL
Suzuki Hayato,14,1,0,0,0,0,57,14.2,12,0,10,4,0,0,2,4,4,2.45,3.05,3.75,1.09,120,87,97,-0.60,0.0%,17.5%,7.0%,10.5%,24,R,Oisix Albirex,EL
Takada Takuto,14,1,3,0,0,0,255,58.1,66,7,35,20,0,0,1,34,28,4.32,4.98,4.21,1.47,68,142,109,-0.66,2.7%,13.7%,7.8%,5.9%,22,L,Oisix Albirex,EL
Takano Yu,4,0,0,0,0,0,23,5.0,7,1,2,2,0,0,0,5,5,9.00,6.59,4.80,1.80,33,188,125,2.41,4.3%,8.7%,8.7%,0.0%,18,R,Oisix Albirex,EL
Uchida Kenta,5,1,0,0,0,0,17,3.2,3,0,1,3,0,0,0,0,0,0.00,5.50,5.98,1.64,999,157,155,-5.50,0.0%,5.9%,17.6%,-11.8%,25,L,Oisix Albirex,EL
Uemura Tomoki,39,2,4,24,0,0,156,37.2,30,1,33,19,1,2,5,11,9,2.15,3.86,3.90,1.30,136,110,101,-1.71,0.6%,21.2%,12.2%,9.0%,25,R,Oisix Albirex,EL
Yabuta Kazuki,16,2,6,0,0,0,397,87.0,109,8,43,35,0,0,4,54,47,4.86,5.01,4.60,1.66,60,143,119,-0.15,2.0%,10.8%,8.8%,2.0%,32,R,Oisix Albirex,EL
Yamashita Kazuma,10,0,0,0,0,0,55,10.0,16,0,9,8,0,1,2,14,5,4.50,4.49,4.62,2.40,65,128,120,0.01,0.0%,16.4%,14.5%,1.8%,22,R,Oisix Albirex,EL
Adachi Masahiko,15,1,5,0,0,0,260,57.2,81,6,32,14,0,0,2,37,35,5.46,4.56,4.11,1.65,62,113,107,0.90,2.3%,12.3%,5.4%,6.9%,26,R,HAYATE Ventures,WL
Fujioka Yoshiaki,22,1,1,3,0,0,93,22.0,27,1,14,1,0,1,2,10,7,2.86,3.18,3.40,1.27,118,79,88,-0.32,1.1%,15.1%,1.1%,14.0%,40,R,HAYATE Ventures,WL
Hamamoto Ken,21,0,1,1,0,0,110,21.0,27,1,10,21,0,1,1,26,24,10.29,6.40,5.80,2.29,33,158,151,3.89,0.9%,9.1%,19.1%,-10.0%,22,R,HAYATE Ventures,WL
Ikeya Sohta,22,2,3,0,0,0,116,25.1,33,1,20,13,1,1,0,10,7,2.49,4.19,4.20,1.82,136,103,109,-1.70,0.9%,17.2%,11.2%,6.0%,25,L,HAYATE Ventures,WL
Kasashima Naoki,16,3,5,0,0,0,370,88.1,80,3,62,26,0,5,1,34,24,2.45,3.68,3.83,1.20,138,91,99,-1.23,0.8%,16.8%,7.0%,9.7%,22,R,HAYATE Ventures,WL
Kurahashi Dojin,24,0,2,0,0,0,116,26.2,26,1,20,17,0,0,2,13,9,3.04,4.49,4.54,1.61,111,111,118,-1.45,0.9%,17.2%,14.7%,2.6%,22,R,HAYATE Ventures,WL
Miyaji Yura,14,0,1,3,0,0,64,14.1,13,0,17,7,1,3,0,5,5,3.14,3.31,3.24,1.40,108,82,84,-0.17,0.0%,26.6%,10.9%,15.6%,25,R,HAYATE Ventures,WL
Noguchi Wataru,13,1,3,0,0,0,121,21.0,33,1,14,29,0,4,2,24,23,9.86,7.59,6.04,2.95,34,188,157,2.27,0.8%,11.6%,24.0%,-12.4%,23,R,HAYATE Ventures,WL
Nomura Yuhki,32,1,3,0,0,0,150,32.0,37,0,21,17,0,3,0,15,14,3.94,4.16,4.53,1.69,86,103,118,-0.22,0.0%,14.0%,11.3%,2.7%,25,R,HAYATE Ventures,WL
Nozato Keishiro,31,2,0,5,0,0,140,31.0,32,0,16,10,0,2,1,8,6,1.74,3.72,4.37,1.35,195,92,114,-1.98,0.0%,11.4%,7.1%,4.3%,23,R,HAYATE Ventures,WL
Ochiai Shuichi,12,1,0,0,0,0,60,14.0,9,0,10,9,0,2,1,7,7,4.50,4.52,4.63,1.29,75,112,120,-0.02,0.0%,16.7%,15.0%,1.7%,23,R,HAYATE Ventures,WL
Ohbae Kohshi,13,0,2,0,0,0,83,15.0,17,2,11,18,0,2,0,14,11,6.60,7.86,5.64,2.33,51,194,147,-1.26,2.4%,13.3%,21.7%,-8.4%,19,R,HAYATE Ventures,WL
Oishi Wataru,15,3,8,0,0,0,289,65.1,77,1,36,26,0,2,1,41,32,4.41,3.98,4.45,1.58,77,98,116,0.43,0.3%,12.5%,9.0%,3.5%,23,L,HAYATE Ventures,WL
Okuda Kanata,16,2,8,0,0,0,345,78.1,104,1,28,18,0,0,3,38,36,4.14,3.73,4.51,1.56,82,92,117,0.41,0.3%,8.1%,5.2%,2.9%,24,L,HAYATE Ventures,WL
Okuda Kensei,12,0,0,0,0,0,60,7.2,14,1,3,17,0,6,2,20,20,23.48,13.51,7.13,4.04,14,334,185,9.97,1.7%,5.0%,28.3%,-23.3%,25,R,HAYATE Ventures,WL
Satoh Hiroki,14,1,6,0,0,0,256,59.2,54,2,37,37,0,1,7,26,23,3.47,4.70,4.80,1.53,98,116,125,-1.23,0.8%,14.5%,14.5%,0.0%,26,L,HAYATE Ventures,WL
Shohji Aoba,4,0,0,0,0,0,12,1.0,0,0,3,8,0,0,2,6,5,45.00,21.59,8.97,8.00,8,534,233,23.41,0.0%,25.0%,66.7%,-41.7%,24,L,HAYATE Ventures,WL
Takatori Shonosuke,11,2,3,0,1,0,205,50.0,44,2,26,21,0,2,2,16,16,2.88,4.45,4.56,1.30,118,110,118,-1.57,1.0%,12.7%,10.2%,2.4%,23,R,HAYATE Ventures,WL
Takeuchi Keito,23,3,1,0,0,0,138,32.2,30,3,19,13,0,1,1,16,11,3.03,4.91,4.37,1.32,112,121,113,-1.88,2.2%,13.8%,9.4%,4.3%,26,R,HAYATE Ventures,WL
Tamura Tomoki,6,3,2,0,0,0,92,23.0,19,0,17,8,0,0,0,7,7,2.74,3.16,3.82,1.17,124,78,99,-0.42,0.0%,18.5%,8.7%,9.8%,21,R,HAYATE Ventures,WL
Tanaka Kenjiro,31,3,0,3,0,0,136,34.2,30,1,28,6,0,1,0,8,8,2.08,2.96,3.18,1.04,163,73,83,-0.88,0.7%,20.6%,4.4%,16.2%,35,L,HAYATE Ventures,WL
Yamada Ryu,16,0,2,9,0,0,75,15.1,19,0,8,12,0,0,1,11,10,5.87,4.90,5.33,2.02,58,121,138,0.97,0.0%,10.7%,16.0%,-5.3%,20,R,HAYATE Ventures,WL
Yamada Ryusei,9,2,2,0,0,0,182,45.1,31,1,36,21,0,0,2,10,9,1.79,3.68,3.98,1.15,189,91,103,-1.89,0.5%,19.8%,11.5%,8.2%,24,R,HAYATE Ventures,WL
