Player,G,PA,AB,R,H,2B,3B,HR,TB,RBI,SB,CS,SH,SF,SO,BB,IBB,HP,GDP,AVG,OBP,SLG,OPS,OPS+,ISO,BABIP,TTO%,K%,BB%,BB/K,wSB,Age,Pos,B,Team,League
Beasley Jeremy,8,12,9,0,1,0,0,0,1,1,0,0,3,0,5,0,0,0,0,0.111,0.111,0.111,0.222,-33,0.000,0.250,41.7%,41.7%,0.0%,0.00,-0.0,29,1,R,Hanshin Tigers,CL
Chikamoto Koji,121,553,496,65,136,19,3,3,170,31,27,8,0,2,72,54,1,1,3,0.274,0.345,0.343,0.688,117,0.069,0.314,23.3%,13.0%,9.8%,0.75,1.6,30,8,L,Hanshin Tigers,CL
Duplantier Jon,15,28,26,0,1,0,0,0,1,0,0,0,2,0,16,0,0,0,0,0.038,0.038,0.038,0.076,-79,0.000,0.100,57.1%,57.1%,0.0%,0.00,-0.0,30,1,L,Hanshin Tigers,CL
Haraguchi Fumihito,9,8,7,0,0,0,0,0,0,0,0,0,0,0,3,1,1,0,2,0.000,0.125,0.000,0.125,-61,0.000,0.000,50.0%,37.5%,12.5%,0.33,0.0,33,,R,Hanshin Tigers,CL
Hayakawa Daiki,2,2,2,0,0,0,0,0,0,0,0,0,0,0,0,0,0,0,0,0.000,0.000,0.000,0.000,-104,0.000,0.000,0.0%,0.0%,0.0%,,0.0,25,1,R,Hanshin Tigers,CL
Hernandez Ramon,39,89,85,2,17,3,0,0,20,5,0,0,0,1,24,3,0,0,4,0.200,0.225,0.235,0.460,43,0.035,0.274,30.3%,27.0%,3.4%,0.12,-0.0,29,5,R,Hanshin Tigers,CL
Ihara Takato,23,25,23,0,3,0,0,0,3,0,0,0,2,0,5,0,0,0,1,0.130,0.130,0.130,0.260,-20,0.000,0.167,20.0%,20.0%,0.0%,0.00,-0.0,24,1,L,Hanshin Tigers,CL
Inoue Kouta,1,3,3,0,0,0,0,0,0,0,1,0,0,0,2,0,0,0,0,0.000,0.000,0.000,0.000,-104,0.000,0.000,66.7%,66.7%,0.0%,0.00,0.2,23,7,R,Hanshin Tigers,CL
Ishii Daichi,49,1,1,0,0,0,0,0,0,0,0,0,0,0,0,0,0,0,0,0.000,0.000,0.000,0.000,-104,0.000,0.000,0.0%,0.0%,0.0%,,0.0,27,1,R,Hanshin Tigers,CL
Itoh Masashi,12,27,23,1,2,0,0,0,2,1,0,0,4,0,10,0,0,0,3,0.087,0.087,0.087,0.174,-48,0.000,0.154,37.0%,37.0%,0.0%,0.00,-0.0,29,1,L,Hanshin Tigers,CL
Itohara Kento,55,69,63,0,13,0,0,0,13,4,1,0,0,1,16,5,1,0,1,0.206,0.261,0.206,0.467,47,0.000,0.271,30.4%,23.2%,7.2%,0.31,0.1,32,5,L,Hanshin Tigers,CL
Itsubo Hinase,2,7,7,1,1,0,0,0,1,0,0,0,0,0,2,0,0,0,0,0.143,0.143,0.143,0.286,-12,0.000,0.200,28.6%,28.6%,0.0%,0.00,-0.0,20,8,R,Hanshin Tigers,CL
Kinami Seiya,59,165,145,9,27,5,2,0,36,14,1,1,7,0,36,10,2,3,1,0.186,0.253,0.248,0.501,57,0.062,0.248,27.9%,21.8%,6.1%,0.28,-0.2,31,6,L,Hanshin Tigers,CL
Kumagai Takahiro,69,128,115,21,31,2,3,1,42,16,5,2,8,0,25,4,0,1,5,0.270,0.300,0.365,0.665,108,0.095,0.337,23.4%,19.5%,3.1%,0.16,0.1,29,UTL,R,Hanshin Tigers,CL
Kusumoto Taishi,10,10,9,0,0,0,0,0,0,0,0,0,0,0,4,1,0,0,0,0.000,0.100,0.000,0.100,-69,0.000,0.000,50.0%,40.0%,10.0%,0.25,-0.0,29,7,L,Hanshin Tigers,CL
Maegawa Ukyo,63,188,175,9,41,9,1,0,52,10,0,1,0,0,27,8,2,5,2,0.234,0.287,0.297,0.584,83,0.063,0.277,18.6%,14.4%,4.3%,0.30,-0.4,22,7,L,Hanshin Tigers,CL
Mombetsu Keito,11,12,10,0,0,0,0,0,0,0,0,0,2,0,4,0,0,0,0,0.000,0.000,0.000,0.000,-104,0.000,0.000,33.3%,33.3%,0.0%,0.00,0.0,20,1,L,Hanshin Tigers,CL
Morishita Shota,122,536,474,67,126,18,5,20,214,76,4,2,0,4,74,48,4,10,14,0.266,0.343,0.451,0.794,148,0.185,0.276,26.5%,13.8%,9.0%,0.65,-0.3,24,9,R,Hanshin Tigers,CL
Murakami Shoki,22,51,43,0,4,0,0,0,4,0,0,0,7,0,25,1,0,0,1,0.093,0.114,0.093,0.207,-37,0.000,0.222,51.0%,49.0%,2.0%,0.04,-0.0,27,1,L,Hanshin Tigers,CL
Nakagawa Hayato,19,44,41,2,9,1,0,2,16,2,0,0,1,0,12,2,0,0,2,0.220,0.256,0.390,0.646,100,0.170,0.259,36.4%,27.3%,4.5%,0.17,-0.0,21,7,R,Hanshin Tigers,CL
Nakano Takumu,122,540,449,57,130,14,2,0,148,25,19,5,41,3,65,44,1,3,5,0.290,0.355,0.330,0.685,116,0.040,0.336,20.2%,12.0%,8.1%,0.68,1.2,29,4,L,Hanshin Tigers,CL
Nishi Yuki,1,1,1,0,0,0,0,0,0,0,0,0,0,0,1,0,0,0,0,0.000,0.000,0.000,0.000,-104,0.000,,100.0%,100.0%,0.0%,0.00,0.0,34,1,R,Hanshin Tigers,CL
Obata Ryuhei,79,275,245,23,54,7,0,5,76,17,6,2,10,3,61,17,3,0,5,0.220,0.268,0.310,0.578,81,0.090,0.269,30.2%,22.2%,6.2%,0.28,0.2,24,6,L,Hanshin Tigers,CL
Ohtake Koutaro,12,25,22,1,4,0,0,0,4,1,0,0,3,0,10,0,0,0,0,0.182,0.182,0.182,0.364,13,0.000,0.333,40.0%,40.0%,0.0%,0.00,-0.0,30,1,L,Hanshin Tigers,CL
Ohyama Yusuke,121,508,441,40,118,21,1,8,165,61,6,2,0,3,79,60,5,4,15,0.268,0.358,0.374,0.732,130,0.106,0.308,28.9%,15.6%,11.8%,0.76,0.0,30,3,R,Hanshin Tigers,CL
Onodera Dan,7,13,13,1,4,0,0,0,4,0,0,0,0,0,4,0,0,0,0,0.308,0.308,0.308,0.616,94,0.000,0.444,30.8%,30.8%,0.0%,0.00,-0.0,27,7,R,Hanshin Tigers,CL
Saiki Hiroto,21,48,40,1,2,0,0,0,2,1,0,0,6,0,22,2,0,0,1,0.050,0.095,0.050,0.145,-56,0.000,0.111,50.0%,45.8%,4.2%,0.09,-0.0,26,1,R,Hanshin Tigers,CL
Sakaeda Yuki,7,9,9,1,2,0,0,0,2,1,0,1,0,0,3,0,0,0,0,0.222,0.222,0.222,0.444,39,0.000,0.333,33.3%,33.3%,0.0%,0.00,-0.3,27,2,R,Hanshin Tigers,CL
Sakamoto Seishiro,100,351,286,18,70,15,1,2,93,22,1,1,13,0,79,47,6,5,6,0.245,0.361,0.325,0.686,117,0.080,0.332,36.5%,22.5%,13.4%,0.59,-0.4,31,2,R,Hanshin Tigers,CL
Sato Teruaki,120,517,467,70,129,30,4,35,272,86,10,2,0,2,142,48,9,0,5,0.276,0.342,0.582,0.924,187,0.306,0.322,43.5%,27.5%,9.3%,0.34,0.8,26,5,L,Hanshin Tigers,CL
Shimada Kairi,28,35,31,2,4,0,0,0,4,0,1,2,3,0,1,1,0,0,0,0.129,0.156,0.129,0.285,-12,0.000,0.133,5.7%,2.9%,2.9%,1.00,-0.5,29,7,L,Hanshin Tigers,CL
Takahashi Haruto,6,13,11,2,1,0,0,0,1,0,0,0,2,0,6,0,0,0,0,0.091,0.091,0.091,0.182,-45,0.000,0.200,46.2%,46.2%,0.0%,0.00,-0.0,29,1,L,Hanshin Tigers,CL
Takatera Nozomu,51,125,102,7,25,4,0,2,35,5,2,1,6,0,29,16,1,1,1,0.245,0.353,0.343,0.696,119,0.098,0.324,37.6%,23.2%,12.8%,0.55,-0.1,22,7,L,Hanshin Tigers,CL
Tomida Ren,9,6,5,1,0,0,0,0,0,0,0,0,1,0,3,0,0,0,0,0.000,0.000,0.000,0.000,-104,0.000,0.000,50.0%,50.0%,0.0%,0.00,0.0,23,1,L,Hanshin Tigers,CL
Toyoda Hiroshi,30,58,53,2,13,4,0,0,17,4,0,0,0,1,14,4,0,0,3,0.245,0.293,0.321,0.614,92,0.076,0.325,31.0%,24.1%,6.9%,0.29,-0.0,28,7,R,Hanshin Tigers,CL
Ueda Kai,35,12,10,10,1,1,0,0,2,1,4,1,0,0,3,2,0,0,0,0.100,0.250,0.200,0.450,42,0.100,0.143,41.7%,25.0%,16.7%,0.67,0.3,29,7,S,Hanshin Tigers,CL
Umeno Ryutaro,43,116,103,5,22,3,0,0,25,2,2,3,6,0,26,6,3,1,1,0.214,0.264,0.243,0.507,59,0.029,0.286,27.6%,22.4%,5.2%,0.23,-0.7,34,2,R,Hanshin Tigers,CL
Watanabe Ryo,22,24,19,0,3,0,0,0,3,1,0,0,0,0,8,5,1,0,1,0.158,0.333,0.158,0.491,57,0.000,0.273,54.2%,33.3%,20.8%,0.62,-0.0,30,5,R,Hanshin Tigers,CL
Aizawa Tsubasa,22,49,38,4,5,1,0,0,6,1,0,1,3,0,14,6,2,2,0,0.132,0.283,0.158,0.441,38,0.026,0.208,40.8%,28.6%,12.2%,0.43,-0.4,37,2,R,Hiroshima Carp,CL
Akiyama Shogo,53,132,121,8,31,5,0,1,39,4,0,0,1,0,23,8,0,2,1,0.256,0.313,0.322,0.635,93,0.066,0.309,24.2%,17.4%,6.1%,0.35,-0.1,37,8,L,Hiroshima Carp,CL
Dohbayashi Shota,44,77,70,5,13,6,0,1,22,4,0,0,1,0,23,6,1,0,3,0.186,0.250,0.314,0.564,71,0.128,0.261,39.0%,29.9%,7.8%,0.26,-0.0,33,3,R,Hiroshima Carp,CL
Dominguez Johan,6,9,9,0,0,0,0,0,0,0,0,0,0,0,7,0,0,0,0,0.000,0.000,0.000,0.000,-97,0.000,0.000,77.8%,77.8%,0.0%,0.00,0.0,29,1,R,Hiroshima Carp,CL
Endoh Atsushi,7,3,3,0,0,0,0,0,0,0,0,0,0,0,1,0,0,0,0,0.000,0.000,0.000,0.000,-97,0.000,0.000,33.3%,33.3%,0.0%,0.00,0.0,26,1,R,Hiroshima Carp,CL
Fabian Sandro,120,501,473,54,131,27,0,15,203,57,2,3,0,2,73,18,3,8,7,0.277,0.313,0.429,0.742,123,0.152,0.300,21.2%,14.6%,3.6%,0.25,-0.9,27,7,R,Hiroshima Carp,CL
Futamata Shoichi,49,126,114,11,20,4,0,3,33,6,1,1,2,1,29,8,1,1,2,0.175,0.234,0.289,0.523,59,0.114,0.205,31.7%,23.0%,6.3%,0.28,-0.2,22,8,R,Hiroshima Carp,CL
Hatsuki Ryutaro,64,103,90,23,28,2,2,0,34,4,17,5,1,0,25,12,1,0,0,0.311,0.392,0.378,0.770,134,0.067,0.431,35.9%,24.3%,11.7%,0.48,1.2,25,5,L,Hiroshima Carp,CL
Hayashi Kota,17,34,33,2,6,0,0,2,12,4,0,0,0,0,12,1,1,0,0,0.182,0.206,0.364,0.570,71,0.182,0.211,44.1%,35.3%,2.9%,0.08,-0.0,24,3,L,Hiroshima Carp,CL
Ishihara Tomoki,43,95,88,3,14,3,0,0,17,3,0,0,5,0,26,1,0,1,3,0.159,0.178,0.193,0.371,14,0.034,0.226,28.4%,27.4%,1.1%,0.04,-0.0,27,2,R,Hiroshima Carp,CL
Isomura Yoshitaka,6,7,7,0,0,0,0,0,0,0,0,0,0,0,2,0,0,0,0,0.000,0.000,0.000,0.000,-97,0.000,0.000,28.6%,28.6%,0.0%,0.00,0.0,32,2,R,Hiroshima Carp,CL
Kikuchi Ryosuke,101,349,317,26,80,17,0,3,106,26,5,3,17,2,57,12,0,1,5,0.252,0.280,0.334,0.614,86,0.082,0.297,20.6%,16.3%,3.4%,0.21,-0.3,35,4,R,Hiroshima Carp,CL
Kozono Kaito,119,499,454,43,135,23,4,2,172,38,10,6,3,2,42,38,6,2,7,0.297,0.353,0.379,0.732,122,0.082,0.323,16.4%,8.4%,7.6%,0.90,-0.6,25,5,L,Hiroshima Carp,CL
Kubo Shu,12,7,7,0,1,1,0,0,2,0,1,1,0,0,2,0,0,0,0,0.143,0.143,0.286,0.429,29,0.143,0.200,28.6%,28.6%,0.0%,0.00,-0.2,24,8,R,Hiroshima Carp,CL
Maekawa Seita,16,32,32,1,8,2,0,0,10,8,0,1,0,0,4,0,0,0,1,0.250,0.250,0.313,0.563,71,0.063,0.286,12.5%,12.5%,0.0%,0.00,-0.3,22,4,R,Hiroshima Carp,CL
Montero Elehuris,89,338,313,22,83,19,0,9,129,39,0,0,0,3,78,20,2,2,10,0.265,0.311,0.412,0.723,118,0.147,0.323,31.7%,23.1%,5.9%,0.26,-0.2,26,3,R,Hiroshima Carp,CL
Mori Shohei,19,35,31,1,7,1,0,0,8,3,0,0,4,0,17,0,0,0,0,0.226,0.226,0.258,0.484,47,0.032,0.500,48.6%,48.6%,0.0%,0.00,-0.0,27,1,L,Hiroshima Carp,CL
Morishita Masato,22,50,43,1,4,0,0,0,4,0,0,0,5,0,19,2,0,0,0,0.093,0.133,0.093,0.226,-28,0.000,0.167,42.0%,38.0%,4.0%,0.11,-0.0,27,1,R,Hiroshima Carp,CL
Nakamura Kento,4,10,6,1,0,0,0,0,0,0,1,0,0,0,1,3,0,1,0,0.000,0.400,0.000,0.400,31,0.000,0.000,40.0%,10.0%,30.0%,3.00,0.2,28,3,R,Hiroshima Carp,CL
Nakamura Shosei,82,273,258,30,69,15,3,6,108,22,1,6,2,0,38,11,1,2,1,0.267,0.303,0.419,0.722,117,0.152,0.294,20.1%,13.9%,4.0%,0.29,-1.9,26,8,R,Hiroshima Carp,CL
Noma Takayoshi,74,161,149,9,36,2,2,0,42,14,2,1,0,1,29,10,1,1,2,0.242,0.292,0.282,0.574,75,0.040,0.298,24.2%,18.0%,6.2%,0.34,-0.1,32,8,L,Hiroshima Carp,CL
Ohmori Minoru,87,141,131,25,36,5,1,3,52,11,6,2,2,0,35,8,1,0,1,0.275,0.317,0.397,0.714,115,0.122,0.355,32.6%,24.8%,5.7%,0.23,0.3,28,8,L,Hiroshima Carp,CL
Ohsera Daichi,21,37,31,2,4,0,0,0,4,0,0,0,5,0,13,1,0,0,0,0.129,0.156,0.129,0.285,-11,0.000,0.222,37.8%,35.1%,2.7%,0.08,-0.0,34,1,R,Hiroshima Carp,CL
Sakakura Shogo,90,352,306,28,74,22,1,5,113,30,1,0,4,2,61,36,2,4,6,0.242,0.328,0.369,0.697,111,0.127,0.285,29.0%,17.3%,10.2%,0.59,-0.0,27,2,L,Hiroshima Carp,CL
Sasaki Tai,32,107,103,5,26,2,1,0,30,4,2,0,0,0,16,4,3,0,2,0.252,0.280,0.291,0.571,74,0.039,0.299,18.7%,15.0%,3.7%,0.25,0.3,22,5,R,Hiroshima Carp,CL
Sato Ryunosuke,5,4,4,0,1,0,0,0,1,0,0,0,0,0,2,0,0,0,0,0.250,0.250,0.250,0.500,53,0.000,0.500,50.0%,50.0%,0.0%,0.00,-0.0,22,1,L,Hiroshima Carp,CL
Suekane Shota,107,433,396,39,99,16,3,11,154,59,2,3,0,4,88,32,0,1,5,0.250,0.305,0.389,0.694,109,0.139,0.292,30.3%,20.3%,7.4%,0.36,-0.9,29,9,R,Hiroshima Carp,CL
Taka Taichi,4,10,10,1,1,0,0,0,1,0,0,0,0,0,5,0,0,0,0,0.100,0.100,0.100,0.200,-37,0.000,0.200,50.0%,50.0%,0.0%,0.00,-0.0,23,1,L,Hiroshima Carp,CL
Takahashi Kouya,18,2,2,0,1,1,0,0,2,2,0,0,0,0,1,0,0,0,0,0.500,0.500,1.000,1.500,343,0.500,1.000,50.0%,50.0%,0.0%,0.00,0.0,26,1,L,Hiroshima Carp,CL
Tamamura Shogo,15,21,19,1,1,0,0,0,1,2,0,0,1,0,12,1,0,0,0,0.053,0.100,0.053,0.153,-50,0.000,0.143,61.9%,57.1%,4.8%,0.08,-0.0,24,1,L,Hiroshima Carp,CL
Tamura Shunsuke,25,69,63,5,16,0,1,1,21,4,0,1,0,0,14,6,1,0,1,0.254,0.319,0.333,0.652,98,0.079,0.312,30.4%,20.3%,8.7%,0.43,-0.4,21,3,L,Hiroshima Carp,CL
Tanaka Kosuke,14,40,30,2,5,0,0,0,5,0,0,2,0,0,6,9,1,1,0,0.167,0.375,0.167,0.542,70,0.000,0.208,37.5%,15.0%,22.5%,1.50,-0.7,35,5,L,Hiroshima Carp,CL
Tokoda Hiroki,23,51,48,4,11,1,0,0,12,0,0,0,3,0,12,0,0,0,1,0.229,0.229,0.250,0.479,46,0.021,0.306,23.5%,23.5%,0.0%,0.00,-0.0,30,1,L,Hiroshima Carp,CL
Tsunehiro Hayato,2,4,4,0,0,0,0,0,0,0,0,0,0,0,1,0,0,0,0,0.000,0.000,0.000,0.000,-97,0.000,0.000,25.0%,25.0%,0.0%,0.00,0.0,23,1,R,Hiroshima Carp,CL
Uchida Shodai,1,1,1,0,0,0,0,0,0,0,0,0,0,0,1,0,0,0,0,0.000,0.000,0.000,0.000,-97,0.000,,100.0%,100.0%,0.0%,0.00,0.0,20,,R,Hiroshima Carp,CL
Uemoto Takashi,20,30,26,1,5,1,0,0,6,0,0,0,2,0,8,2,0,0,1,0.192,0.250,0.231,0.481,48,0.039,0.278,33.3%,26.7%,6.7%,0.25,-0.0,34,5,R,Hiroshima Carp,CL
Yamaashi Tatsuya,11,14,9,2,1,0,0,0,1,1,0,0,3,0,0,2,0,0,1,0.111,0.273,0.111,0.384,21,0.000,0.111,14.3%,0.0%,14.3%,1.00,-0.0,31,UTL,R,Hiroshima Carp,CL
Yano Masaya,100,310,264,23,56,6,1,1,67,17,2,3,15,1,62,26,1,4,1,0.212,0.292,0.254,0.546,68,0.042,0.272,28.7%,20.0%,8.4%,0.42,-0.8,26,6,L,Hiroshima Carp,CL
Austin Tyler,52,202,179,28,44,8,0,8,76,21,0,0,0,0,39,22,5,1,7,0.246,0.332,0.425,0.757,129,0.179,0.273,34.2%,19.3%,10.9%,0.56,-0.1,33,3,R,DeNA BayStars,CL
Azuma Junpei,3,4,4,0,0,0,0,0,0,0,0,0,0,0,4,0,0,0,0,0.000,0.000,0.000,0.000,-98,0.000,,100.0%,100.0%,0.0%,0.00,0.0,23,7,R,DeNA BayStars,CL
Azuma Katsuki,21,46,33,2,6,1,0,0,7,3,0,0,9,0,13,4,0,0,0,0.182,0.270,0.212,0.482,49,0.030,0.300,37.0%,28.3%,8.7%,0.31,-0.0,29,1,L,DeNA BayStars,CL
Bauer Trevor,20,38,34,0,2,0,0,0,2,0,0,0,3,0,20,1,0,0,0,0.059,0.086,0.059,0.145,-54,0.000,0.143,55.3%,52.6%,2.6%,0.05,-0.0,34,1,R,DeNA BayStars,CL
Chino Naoto,5,13,12,2,3,1,0,1,7,2,0,0,0,0,1,1,0,0,0,0.250,0.308,0.583,0.891,166,0.333,0.200,23.1%,7.7%,7.7%,1.00,-0.0,26,4,R,DeNA BayStars,CL
Ebina Tatsuo,93,298,262,37,69,15,1,5,101,27,3,2,3,6,53,18,1,9,5,0.263,0.325,0.385,0.710,116,0.122,0.305,25.5%,17.8%,6.0%,0.34,-0.3,27,9,R,DeNA BayStars,CL
Ford Mike,21,44,39,1,6,1,0,0,7,1,0,0,0,0,13,5,0,0,0,0.154,0.250,0.179,0.429,33,0.025,0.231,40.9%,29.5%,11.4%,0.38,-0.0,32,3,L,DeNA BayStars,CL
Fujinami Shintaro,2,4,3,0,0,0,0,0,0,0,0,0,1,0,2,0,0,0,0,0.000,0.000,0.000,0.000,-98,0.000,0.000,50.0%,50.0%,0.0%,0.00,0.0,31,1,R,DeNA BayStars,CL
Hayashi Takuma,73,211,185,25,43,7,1,2,58,16,10,3,7,2,38,15,3,2,4,0.232,0.294,0.314,0.608,86,0.082,0.279,26.1%,18.0%,7.1%,0.39,0.6,24,6,L,DeNA BayStars,CL
Inoue Kento,12,31,29,2,5,0,0,2,11,7,0,0,0,1,6,1,0,0,0,0.172,0.194,0.379,0.573,72,0.207,0.136,29.0%,19.4%,3.2%,0.17,-0.0,25,7,L,DeNA BayStars,CL
Ishida Yutaro,17,21,19,1,1,0,0,0,1,0,0,0,2,0,8,0,0,0,0,0.053,0.053,0.053,0.106,-66,0.000,0.091,38.1%,38.1%,0.0%,0.00,-0.0,23,1,R,DeNA BayStars,CL
Ishikami Taiki,57,92,81,9,16,4,0,1,23,8,1,2,1,0,26,10,1,0,2,0.198,0.286,0.284,0.570,75,0.086,0.278,40.2%,28.3%,10.9%,0.38,-0.5,24,6,L,DeNA BayStars,CL
Itoh Hikaru,6,9,9,0,0,0,0,0,0,0,0,0,0,0,4,0,0,0,0,0.000,0.000,0.000,0.000,-98,0.000,0.000,44.4%,44.4%,0.0%,0.00,0.0,36,2,R,DeNA BayStars,CL
Jackson Andre,21,43,36,1,2,0,0,1,5,5,0,0,5,0,23,2,0,0,0,0.056,0.105,0.139,0.244,-25,0.083,0.083,60.5%,53.5%,4.7%,0.09,-0.0,29,1,R,DeNA BayStars,CL
Kajiwara Kouki,61,170,163,21,40,9,1,2,57,10,6,3,0,1,51,4,0,2,1,0.245,0.271,0.350,0.621,88,0.105,0.342,33.5%,30.0%,2.4%,0.08,-0.0,25,8,L,DeNA BayStars,CL
Kamizato Kazuki,44,17,16,3,5,0,1,0,7,0,2,0,0,0,5,1,0,0,0,0.313,0.353,0.438,0.791,140,0.125,0.455,35.3%,29.4%,5.9%,0.20,0.3,31,8,L,DeNA BayStars,CL
Katsumata Atsushi,7,9,9,0,3,0,0,0,3,0,0,0,0,0,1,0,0,0,0,0.333,0.333,0.333,0.666,104,0.000,0.375,11.1%,11.1%,0.0%,0.00,-0.0,25,7,L,DeNA BayStars,CL
Kay Anthony,20,42,31,1,3,0,0,0,3,0,0,0,10,0,16,1,0,0,0,0.097,0.125,0.097,0.222,-30,0.000,0.200,40.5%,38.1%,2.4%,0.06,-0.0,30,1,L,DeNA BayStars,CL
Kozono Kenta,1,1,1,0,0,0,0,0,0,0,0,0,0,0,1,0,0,0,0,0.000,0.000,0.000,0.000,-98,0.000,,100.0%,100.0%,0.0%,0.00,0.0,22,1,R,DeNA BayStars,CL
Kuki Ryuhei,12,12,12,0,3,0,1,0,5,0,0,0,0,0,3,0,0,0,0,0.250,0.250,0.417,0.667,101,0.167,0.333,25.0%,25.0%,0.0%,0.00,-0.0,26,,R,DeNA BayStars,CL
Kuwahara Masayuki,85,356,318,34,86,13,2,3,112,15,9,0,6,0,46,26,1,6,4,0.270,0.337,0.352,0.689,110,0.082,0.309,21.1%,12.9%,7.3%,0.57,1.3,31,8,R,DeNA BayStars,CL
Kyoda Yota,75,198,183,18,40,5,1,1,50,14,1,0,2,1,57,8,2,4,3,0.219,0.265,0.273,0.538,65,0.054,0.310,33.3%,28.8%,4.0%,0.14,0.1,31,6,L,DeNA BayStars,CL
Maki Shugo,93,391,364,48,101,24,0,16,173,49,3,4,0,1,76,16,5,10,6,0.277,0.325,0.475,0.800,141,0.198,0.311,27.6%,19.4%,4.1%,0.21,-1.0,27,4,R,DeNA BayStars,CL
Matsuo Shion,65,161,147,16,36,5,0,4,53,14,1,1,0,3,14,9,1,2,6,0.245,0.292,0.361,0.653,98,0.116,0.242,16.8%,8.7%,5.6%,0.64,-0.2,20,2,R,DeNA BayStars,CL
Mimori Masaki,84,175,157,21,33,8,0,0,41,10,21,7,1,1,31,16,5,0,1,0.210,0.282,0.261,0.543,67,0.051,0.260,26.9%,17.7%,9.1%,0.52,1.2,26,UTL,L,DeNA BayStars,CL
Miyazaki Toshiro,95,352,321,25,89,16,1,6,125,39,0,0,0,2,42,28,1,1,14,0.277,0.335,0.389,0.724,120,0.112,0.302,21.6%,11.9%,8.0%,0.67,-0.2,36,5,R,DeNA BayStars,CL
Mori Keito,28,75,72,4,11,0,1,0,13,4,0,2,0,1,16,2,0,0,1,0.153,0.173,0.181,0.354,9,0.028,0.193,24.0%,21.3%,2.7%,0.12,-0.7,23,6,L,DeNA BayStars,CL
Mori Yuito,1,2,2,0,0,0,0,0,0,0,0,0,0,0,2,0,0,0,0,0.000,0.000,0.000,0.000,-98,0.000,,100.0%,100.0%,0.0%,0.00,0.0,33,1,R,DeNA BayStars,CL
Nakagawa Hayate,26,1,1,0,1,0,0,0,1,0,0,0,0,0,0,0,0,0,0,1.000,1.000,1.000,2.000,508,0.000,1.000,0.0%,0.0%,0.0%,,-0.0,26,1,L,DeNA BayStars,CL
Ohnuki Shinichi,11,18,18,2,2,0,0,0,2,0,0,0,0,0,8,0,0,0,0,0.111,0.111,0.111,0.222,-31,0.000,0.200,44.4%,44.4%,0.0%,0.00,-0.0,31,1,R,DeNA BayStars,CL
Sano Keita,118,489,455,36,124,20,0,13,183,58,0,0,0,3,54,28,1,3,10,0.273,0.317,0.402,0.719,118,0.129,0.284,19.4%,11.0%,5.7%,0.52,-0.3,30,7,L,DeNA BayStars,CL
Sekine Taiki,9,23,23,2,4,3,0,0,7,1,0,0,0,0,2,0,0,0,1,0.174,0.174,0.304,0.478,44,0.130,0.190,8.7%,8.7%,0.0%,0.00,-0.0,30,9,L,DeNA BayStars,CL
Shibata Tatsuhiro,54,26,17,3,2,0,0,0,2,0,1,1,5,0,5,4,0,0,0,0.118,0.286,0.118,0.404,28,0.000,0.167,34.6%,19.2%,15.4%,0.80,-0.2,31,5,L,DeNA BayStars,CL
Taira Kentaro,9,14,13,0,0,0,0,0,0,0,0,0,1,0,7,0,0,0,0,0.000,0.000,0.000,0.000,-98,0.000,0.000,50.0%,50.0%,0.0%,0.00,0.0,29,1,R,DeNA BayStars,CL
Takeda Yu,2,5,4,0,0,0,0,0,0,0,0,0,1,0,3,0,0,0,0,0.000,0.000,0.000,0.000,-98,0.000,0.000,60.0%,60.0%,0.0%,0.00,0.0,25,1,R,DeNA BayStars,CL
Tobashira Yasutaka,41,91,86,4,20,4,0,2,30,6,0,0,1,2,14,2,0,0,3,0.233,0.244,0.349,0.593,79,0.116,0.250,19.8%,15.4%,2.2%,0.14,-0.0,35,2,L,DeNA BayStars,CL
Tsutsugoh Yoshitomo,54,171,154,19,33,9,0,14,84,23,0,0,0,0,47,17,1,0,4,0.214,0.292,0.545,0.837,150,0.331,0.204,45.6%,27.5%,9.9%,0.36,-0.1,33,7,L,DeNA BayStars,CL
Viciedo Dayan,24,45,44,2,12,4,0,2,22,4,0,0,0,0,6,0,0,1,2,0.273,0.289,0.500,0.789,137,0.227,0.278,17.8%,13.3%,0.0%,0.00,-0.0,36,3,R,DeNA BayStars,CL
Watarai Ryuki,72,263,235,19,52,10,2,4,78,21,0,1,3,2,34,22,1,1,4,0.221,0.288,0.332,0.620,89,0.111,0.241,22.8%,12.9%,8.4%,0.65,-0.5,22,9,L,DeNA BayStars,CL
Yamamoto Yuudai,87,286,260,17,70,17,2,2,97,36,0,0,3,6,32,13,2,4,5,0.269,0.307,0.373,0.680,107,0.104,0.293,16.4%,11.2%,4.5%,0.41,-0.1,26,2,R,DeNA BayStars,CL
Yoshino Teruki,2,3,3,0,0,0,0,0,0,0,0,0,0,0,2,0,0,0,0,0.000,0.000,0.000,0.000,-98,0.000,0.000,66.7%,66.7%,0.0%,0.00,0.0,26,1,R,DeNA BayStars,CL
Akahoshi Yuji,21,38,30,1,7,0,0,0,7,2,0,0,5,0,12,3,0,0,0,0.233,0.303,0.233,0.536,68,0.000,0.389,39.5%,31.6%,7.9%,0.25,-0.0,25,1,R,Yomiuri Giants,CL
Akihiro Yuto,5,8,7,0,1,0,0,0,1,0,0,0,0,0,0,1,0,0,0,0.143,0.250,0.143,0.393,24,0.000,0.143,12.5%,0.0%,12.5%,1.00,-0.0,22,7,L,Yomiuri Giants,CL
Aramaki Yu,31,61,54,1,16,1,0,1,20,1,0,2,0,0,13,7,0,0,0,0.296,0.377,0.370,0.747,134,0.074,0.375,34.4%,21.3%,11.5%,0.54,-0.7,22,3,L,Yomiuri Giants,CL
Asano Shogo,28,82,74,6,14,4,0,2,24,8,1,0,1,1,17,4,1,2,1,0.189,0.247,0.324,0.571,76,0.135,0.214,28.0%,20.7%,4.9%,0.24,0.1,20,8,R,Yomiuri Giants,CL
Cabbage Trey,102,387,348,38,87,20,0,14,149,48,5,3,1,2,113,31,3,5,3,0.250,0.319,0.428,0.747,131,0.178,0.327,40.8%,29.2%,8.0%,0.27,-0.3,28,9,L,Yomiuri Giants,CL
Chlup Marek,2,5,5,0,0,0,0,0,0,0,0,0,0,0,3,0,0,0,0,0.000,0.000,0.000,0.000,-102,0.000,0.000,60.0%,60.0%,0.0%,0.00,0.0,26,9,R,Yomiuri Giants,CL
Chono Hisayoshi,17,24,22,1,3,0,0,0,3,0,0,0,0,0,8,2,0,0,0,0.136,0.208,0.136,0.344,8,0.000,0.214,41.7%,33.3%,8.3%,0.25,-0.0,40,7,R,Yomiuri Giants,CL
Griffin Foster,13,23,19,0,3,0,0,0,3,0,0,0,3,0,6,1,0,0,0,0.158,0.200,0.158,0.358,12,0.000,0.231,30.4%,26.1%,4.3%,0.17,-0.0,29,1,L,Yomiuri Giants,CL
Hagio Masaya,9,25,23,0,4,0,0,0,4,0,1,0,1,0,5,1,1,0,0,0.174,0.208,0.174,0.382,19,0.000,0.222,24.0%,20.0%,4.0%,0.20,0.2,24,8,R,Yomiuri Giants,CL
Hernandez Elier,52,171,152,14,32,8,0,2,46,8,0,3,0,0,34,18,1,1,5,0.211,0.298,0.303,0.601,87,0.092,0.259,31.6%,19.9%,10.5%,0.53,-1.1,30,8,R,Yomiuri Giants,CL
Hotta Kenshin,8,5,5,1,2,0,0,0,2,0,0,0,0,0,2,0,0,0,0,0.400,0.400,0.400,0.800,150,0.000,0.667,40.0%,40.0%,0.0%,0.00,-0.0,24,1,R,Yomiuri Giants,CL
Inoue Haruto,19,29,28,1,2,0,0,0,2,1,0,0,1,0,16,0,0,0,0,0.071,0.071,0.071,0.142,-57,0.000,0.167,55.2%,55.2%,0.0%,0.00,-0.0,24,1,L,Yomiuri Giants,CL
Ishikawa Tatsuya,38,7,7,0,2,0,0,0,2,1,0,0,0,0,2,0,0,0,0,0.286,0.286,0.286,0.572,78,0.000,0.400,28.6%,28.6%,0.0%,0.00,-0.0,27,1,R,Yomiuri Giants,CL
Izuguchi Yuta,112,485,433,56,130,20,2,5,169,33,4,5,7,2,53,40,2,3,7,0.300,0.362,0.390,0.752,134,0.090,0.332,20.2%,10.9%,8.2%,0.75,-1.3,26,6,L,Yomiuri Giants,CL
Kadowaki Makoto,78,174,155,14,35,6,1,0,43,4,5,1,8,0,32,10,0,1,2,0.226,0.277,0.277,0.554,73,0.051,0.285,24.1%,18.4%,5.7%,0.31,0.4,24,UTL,L,Yomiuri Giants,CL
Kai Takuya,68,250,223,17,58,4,0,4,74,20,3,1,2,2,58,23,5,0,8,0.260,0.327,0.332,0.659,106,0.072,0.331,34.0%,23.2%,9.2%,0.40,0.0,32,2,R,Yomiuri Giants,CL
Kishida Yukinori,68,225,201,17,57,6,0,6,81,31,0,1,6,1,35,17,2,0,4,0.284,0.338,0.403,0.741,130,0.119,0.317,25.8%,15.6%,7.6%,0.49,-0.5,28,2,R,Yomiuri Giants,CL
Kobayashi Seiji,9,18,14,2,3,1,0,0,4,1,0,0,1,0,6,3,0,0,0,0.214,0.353,0.286,0.639,101,0.072,0.375,50.0%,33.3%,16.7%,0.50,-0.0,36,2,R,Yomiuri Giants,CL
Kohri Takuya,3,2,2,0,0,0,0,0,0,0,0,0,0,0,0,0,0,0,0,0.000,0.000,0.000,0.000,-102,0.000,0.000,0.0%,0.0%,0.0%,,0.0,27,7,R,Yomiuri Giants,CL
Maru Yoshihiro,71,297,259,25,70,12,3,6,106,24,4,3,1,2,44,35,5,0,5,0.270,0.355,0.409,0.764,138,0.139,0.303,28.6%,14.8%,11.8%,0.80,-0.5,36,9,L,Yomiuri Giants,CL
Masuda Daiki,42,17,15,4,2,1,0,0,3,0,3,1,2,0,5,0,0,0,0,0.133,0.133,0.200,0.333,2,0.067,0.200,29.4%,29.4%,0.0%,0.00,0.2,31,5,R,Yomiuri Giants,CL
Masuda Riku,82,278,257,22,61,10,0,5,86,21,0,3,2,3,59,13,1,3,4,0.237,0.279,0.335,0.614,90,0.098,0.286,27.7%,21.2%,4.7%,0.22,-1.1,25,3,R,Yomiuri Giants,CL
Mataki Teppei,4,1,1,0,0,0,0,0,0,0,0,0,0,0,1,0,0,0,0,0.000,0.000,0.000,0.000,-102,0.000,,100.0%,100.0%,0.0%,0.00,0.0,26,1,L,Yomiuri Giants,CL
Mitsuka Rui,3,9,9,0,0,0,0,0,0,0,0,0,0,0,6,0,0,0,0,0.000,0.000,0.000,0.000,-102,0.000,0.000,66.7%,66.7%,0.0%,0.00,0.0,21,DH,L,Yomiuri Giants,CL
Morita Shunya,7,10,7,0,1,0,0,0,1,0,0,0,2,0,3,1,0,0,1,0.143,0.250,0.143,0.393,24,0.000,0.250,40.0%,30.0%,10.0%,0.33,-0.0,28,1,L,Yomiuri Giants,CL
Nakayama Raito,83,231,214,25,57,9,0,6,84,19,0,2,1,0,32,13,0,3,5,0.266,0.317,0.393,0.710,120,0.127,0.290,22.1%,13.9%,5.6%,0.41,-0.8,23,UTL,L,Yomiuri Giants,CL
Nishidate Yuhi,12,10,8,0,0,0,0,0,0,0,0,0,2,0,4,0,0,0,0,0.000,0.000,0.000,0.000,-102,0.000,0.000,40.0%,40.0%,0.0%,0.00,0.0,23,1,R,Yomiuri Giants,CL
Ohshiro Takumi,45,87,82,5,17,3,0,3,29,9,0,0,0,1,23,4,1,0,3,0.207,0.241,0.354,0.595,83,0.147,0.246,34.5%,26.4%,4.6%,0.17,-0.0,32,3,L,Yomiuri Giants,CL
Okada Yuki,7,15,14,1,2,1,0,0,3,2,0,0,0,0,8,1,0,0,0,0.143,0.200,0.214,0.414,28,0.071,0.333,60.0%,53.3%,6.7%,0.12,-0.0,25,9,L,Yomiuri Giants,CL
Okamoto Kazuma,48,201,175,23,55,14,1,11,104,33,1,1,0,2,23,21,2,3,5,0.314,0.393,0.594,0.987,205,0.280,0.308,27.4%,11.4%,10.4%,0.91,-0.3,29,5,R,Yomiuri Giants,CL
Okoye Louis,46,120,109,10,26,4,2,0,34,4,3,3,5,0,28,5,1,1,1,0.239,0.278,0.312,0.590,83,0.073,0.321,27.5%,23.3%,4.2%,0.18,-0.5,27,8,R,Yomiuri Giants,CL
Otosaka Tomo,5,5,5,0,1,1,0,0,2,0,0,0,0,0,1,0,0,0,0,0.200,0.200,0.400,0.600,83,0.200,0.250,20.0%,20.0%,0.0%,0.00,0.0,31,,R,Yomiuri Giants,CL
Sakamoto Hayato,55,166,150,7,30,10,0,3,49,18,0,0,0,3,39,12,1,1,6,0.200,0.259,0.327,0.586,81,0.127,0.243,32.5%,23.5%,7.2%,0.31,-0.1,36,5,R,Yomiuri Giants,CL
Sasahara Misaki,13,22,20,1,2,0,0,0,2,0,0,0,0,0,7,2,0,0,0,0.100,0.182,0.100,0.282,-11,0.000,0.154,40.9%,31.8%,9.1%,0.29,-0.0,21,9,R,Yomiuri Giants,CL
Sasaki Shunsuke,49,149,130,12,31,3,1,0,36,8,0,3,9,0,30,10,0,0,2,0.238,0.293,0.277,0.570,78,0.039,0.310,26.8%,20.1%,6.7%,0.33,-1.1,25,8,L,Yomiuri Giants,CL
Shigenobu Shinnosuke,10,3,3,1,1,0,0,0,1,0,1,0,0,0,2,0,0,0,0,0.333,0.333,0.333,0.666,108,0.000,1.000,66.7%,66.7%,0.0%,0.00,0.2,32,8,L,Yomiuri Giants,CL
Sunagawa Richard,56,169,156,11,28,3,0,8,55,27,0,0,0,0,65,10,0,3,3,0.179,0.243,0.353,0.596,84,0.174,0.241,49.1%,38.5%,5.9%,0.15,-0.1,26,5,R,Yomiuri Giants,CL
Tanaka Masahiro,7,8,7,1,1,1,0,0,2,0,0,0,1,0,5,0,0,0,0,0.143,0.143,0.286,0.429,30,0.143,0.500,62.5%,62.5%,0.0%,0.00,0.0,36,1,R,Yomiuri Giants,CL
Togo Shosei,17,28,23,0,2,0,0,0,2,0,0,0,5,0,13,0,0,0,0,0.087,0.087,0.087,0.174,-47,0.000,0.200,46.4%,46.4%,0.0%,0.00,-0.0,25,1,R,Yomiuri Giants,CL
Urata Shunsuke,8,11,11,0,1,0,0,0,1,0,0,0,0,0,1,0,0,0,1,0.091,0.091,0.091,0.182,-45,0.000,0.100,9.1%,9.1%,0.0%,0.00,-0.0,22,5,L,Yomiuri Giants,CL
Wakabayashi Gakuto,73,219,195,27,49,9,2,3,71,16,8,1,4,1,36,14,0,5,0,0.251,0.316,0.364,0.680,111,0.113,0.293,24.2%,16.4%,6.4%,0.39,0.9,27,7,R,Yomiuri Giants,CL
Yamasaki Iori,20,39,36,2,3,0,0,0,3,0,0,0,2,0,16,1,0,0,1,0.083,0.108,0.083,0.191,-41,0.000,0.150,43.6%,41.0%,2.6%,0.06,-0.0,26,1,L,Yomiuri Giants,CL
Yokogawa Kai,21,7,5,0,0,0,0,0,0,0,0,0,2,0,2,0,0,0,0,0.000,0.000,0.000,0.000,-102,0.000,0.000,28.6%,28.6%,0.0%,0.00,0.0,24,1,L,Yomiuri Giants,CL
Yoshikawa Naoki,101,432,384,32,104,14,3,3,133,28,8,3,2,3,62,39,0,4,6,0.271,0.342,0.346,0.688,115,0.075,0.314,24.1%,14.4%,9.0%,0.63,0.1,30,4,L,Yomiuri Giants,CL
Yuasa Dai,8,3,3,2,0,0,0,0,0,0,0,0,0,0,1,0,0,0,0,0.000,0.000,0.000,0.000,-102,0.000,0.000,33.3%,33.3%,0.0%,0.00,0.0,25,UTL,R,Yomiuri Giants,CL
Akahane Yoshihiro,88,278,248,21,53,11,1,2,72,19,5,3,10,2,58,18,0,0,1,0.214,0.265,0.290,0.555,65,0.076,0.268,28.1%,20.9%,6.5%,0.31,-0.3,25,4,R,Yakult Swallows,CL
Avila Pedro,13,19,19,0,1,0,0,0,1,0,0,0,0,0,6,0,0,0,0,0.053,0.053,0.053,0.106,-62,0.000,0.077,31.6%,31.6%,0.0%,0.00,-0.0,28,1,R,Yakult Swallows,CL
Hamada Taiki,15,39,36,4,6,1,0,1,10,1,0,0,0,0,7,1,0,2,0,0.167,0.231,0.278,0.509,52,0.111,0.179,23.1%,17.9%,2.6%,0.14,-0.0,24,9,R,Yakult Swallows,CL
Hashimoto Seiya,13,12,11,0,1,0,0,0,1,0,0,0,0,0,4,1,0,0,0,0.091,0.167,0.091,0.258,-17,0.000,0.143,41.7%,33.3%,8.3%,0.25,-0.0,24,9,L,Yakult Swallows,CL
Ishikawa Masanori,7,11,11,0,1,0,0,0,1,0,0,0,0,0,4,0,0,0,0,0.091,0.091,0.091,0.182,-40,0.000,0.143,36.4%,36.4%,0.0%,0.00,-0.0,45,1,L,Yakult Swallows,CL
Itoh Ryui,76,189,169,15,36,6,2,3,55,17,3,1,7,1,50,12,2,0,1,0.213,0.264,0.325,0.589,74,0.112,0.282,34.4%,26.5%,6.3%,0.24,0.1,22,6,R,Yakult Swallows,CL
Iwata Yukihiro,100,316,278,31,69,4,4,0,81,8,12,6,10,1,38,22,2,5,1,0.248,0.314,0.291,0.605,81,0.043,0.286,19.0%,12.0%,7.0%,0.58,-0.1,27,8,L,Yakult Swallows,CL
Kanakubo Yuto,12,1,1,0,0,0,0,0,0,0,0,0,0,0,1,0,0,0,0,0.000,0.000,0.000,0.000,-92,0.000,,100.0%,100.0%,0.0%,0.00,0.0,25,1,L,Yakult Swallows,CL
Kitamura Keigo,22,50,43,5,11,2,0,4,25,9,0,1,1,1,5,4,0,1,1,0.256,0.327,0.581,0.908,161,0.325,0.200,26.0%,10.0%,8.0%,0.80,-0.4,24,4,R,Yakult Swallows,CL
Kitamura Takumi,53,125,109,9,21,3,0,3,33,7,0,1,6,0,28,6,0,4,1,0.193,0.261,0.303,0.564,68,0.110,0.231,29.6%,22.4%,4.8%,0.21,-0.4,29,6,R,Yakult Swallows,CL
Koga Yudai,73,239,220,12,59,8,0,2,73,11,2,0,8,0,20,8,1,3,14,0.268,0.303,0.332,0.635,88,0.064,0.288,12.6%,8.4%,3.3%,0.40,0.2,26,2,R,Yakult Swallows,CL
Lambert Peter,20,30,27,1,3,0,0,0,3,1,0,0,3,0,13,0,0,0,0,0.111,0.111,0.111,0.222,-29,0.000,0.214,43.3%,43.3%,0.0%,0.00,-0.0,28,1,R,Yakult Swallows,CL
Maruyama Kazuya,39,36,32,6,4,0,0,0,4,2,3,1,2,0,12,2,1,0,0,0.125,0.176,0.125,0.301,-5,0.000,0.200,38.9%,33.3%,5.6%,0.17,0.2,25,9,L,Yakult Swallows,CL
Masuda Shu,63,116,104,8,26,4,2,1,37,11,1,0,2,0,19,8,0,2,2,0.250,0.316,0.356,0.672,98,0.106,0.298,24.1%,16.4%,6.9%,0.42,0.1,26,9,R,Yakult Swallows,CL
Matsumoto Kengo,16,1,1,0,0,0,0,0,0,0,0,0,0,0,1,0,0,0,0,0.000,0.000,0.000,0.000,-92,0.000,,100.0%,100.0%,0.0%,0.00,0.0,26,1,R,Yakult Swallows,CL
Matsumoto Naoki,18,36,34,0,6,1,0,0,7,0,0,0,0,0,7,2,0,0,3,0.176,0.222,0.206,0.428,30,0.030,0.222,25.0%,19.4%,5.6%,0.29,-0.0,31,2,R,Yakult Swallows,CL
Miyamoto Takeshi,71,97,80,4,21,4,0,0,25,6,1,0,2,0,18,14,1,1,1,0.263,0.379,0.313,0.692,106,0.050,0.339,33.0%,18.6%,14.4%,0.78,0.1,30,7,L,Yakult Swallows,CL
Mogi Eigoro,53,172,150,12,36,2,0,5,53,16,0,3,1,0,48,19,1,2,2,0.240,0.333,0.353,0.686,103,0.113,0.320,41.9%,27.9%,11.0%,0.40,-1.1,31,5,L,Yakult Swallows,CL
Murakami Munetaka,33,138,122,20,36,6,0,15,87,26,1,1,0,2,44,14,1,0,0,0.295,0.362,0.713,1.075,207,0.418,0.323,52.9%,31.9%,10.1%,0.32,-0.2,25,5,L,Yakult Swallows,CL
Nagaoka Hideki,44,169,158,9,38,10,1,0,50,8,0,0,3,2,12,5,1,1,4,0.241,0.265,0.316,0.581,72,0.075,0.257,10.1%,7.1%,3.0%,0.42,-0.1,23,6,L,Yakult Swallows,CL
Nakamura Yuhei,61,174,146,9,28,4,0,0,32,7,1,0,7,1,25,17,2,3,5,0.192,0.287,0.219,0.506,53,0.027,0.230,24.1%,14.4%,9.8%,0.68,0.1,35,2,R,Yakult Swallows,CL
Nakamura Yuto,4,5,4,1,1,0,0,0,1,0,0,0,0,0,3,1,0,0,0,0.250,0.400,0.250,0.650,96,0.000,1.000,80.0%,60.0%,20.0%,0.33,-0.0,22,1,L,Yakult Swallows,CL
Namiki Hidetaka,41,92,82,18,19,3,0,3,31,7,5,2,5,0,9,3,0,2,0,0.232,0.276,0.378,0.654,92,0.146,0.229,16.3%,9.8%,3.3%,0.33,0.1,26,8,R,Yakult Swallows,CL
Nishikawa Haruki,49,134,115,10,20,3,1,0,25,6,1,0,2,0,32,16,0,1,1,0.174,0.280,0.217,0.497,51,0.043,0.241,35.8%,23.9%,11.9%,0.50,0.1,33,8,L,Yakult Swallows,CL
Ogawa Yasuhiro,10,22,18,0,1,1,0,0,2,0,0,0,4,0,7,0,0,0,0,0.056,0.056,0.111,0.167,-46,0.055,0.091,31.8%,31.8%,0.0%,0.00,0.0,35,1,R,Yakult Swallows,CL
Ohta Kengo,31,107,95,11,23,6,0,0,29,4,0,0,1,1,22,6,0,4,0,0.242,0.311,0.305,0.616,83,0.063,0.311,26.2%,20.6%,5.6%,0.27,-0.1,28,9,L,Yakult Swallows,CL
Okugawa Yasunobu,15,28,22,2,5,1,0,0,6,0,0,0,6,0,11,0,0,0,0,0.227,0.227,0.273,0.500,49,0.046,0.455,39.3%,39.3%,0.0%,0.00,-0.0,24,1,R,Yakult Swallows,CL
Osuna Jose,115,469,427,27,107,19,0,10,156,50,2,1,0,5,58,36,6,1,10,0.251,0.307,0.365,0.672,98,0.114,0.266,22.2%,12.4%,7.7%,0.62,-0.2,32,3,R,Yakult Swallows,CL
Santana Domingo,60,240,212,25,58,11,0,3,78,15,1,1,0,0,65,25,0,3,4,0.274,0.358,0.368,0.726,114,0.094,0.382,38.8%,27.1%,10.4%,0.38,-0.3,32,7,R,Yakult Swallows,CL
Sawai Ren,27,77,75,3,14,4,0,1,21,3,0,0,0,0,27,1,0,1,1,0.187,0.208,0.280,0.488,45,0.093,0.277,37.7%,35.1%,1.3%,0.04,-0.0,25,9,L,Yakult Swallows,CL
Shimokawa Shunsuke,5,3,1,1,1,1,0,0,2,0,0,0,2,0,0,0,0,0,0,1.000,1.000,2.000,3.000,743,1.000,1.000,0.0%,0.0%,0.0%,,0.0,25,1,R,Yakult Swallows,CL
Takahashi Keiji,6,8,6,0,0,0,0,0,0,0,0,0,2,0,4,0,0,0,0,0.000,0.000,0.000,0.000,-92,0.000,0.000,50.0%,50.0%,0.0%,0.00,0.0,28,1,L,Yakult Swallows,CL
Takanashi Hirotoshi,14,20,19,1,1,0,0,0,1,0,0,0,1,0,11,0,0,0,0,0.053,0.053,0.053,0.106,-62,0.000,0.125,55.0%,55.0%,0.0%,0.00,-0.0,34,1,R,Yakult Swallows,CL
Takeoka Ryusei,47,119,104,6,19,5,0,1,27,5,1,0,7,1,23,7,0,0,0,0.183,0.232,0.260,0.492,47,0.077,0.222,26.1%,19.3%,5.9%,0.30,0.1,24,UTL,L,Yakult Swallows,CL
Tanaka Haruto,2,2,2,0,0,0,0,0,0,0,0,0,0,0,2,0,0,0,0,0.000,0.000,0.000,0.000,-92,0.000,,100.0%,100.0%,0.0%,0.00,0.0,19,,L,Yakult Swallows,CL
Uchiyama Souma,91,361,330,36,87,22,0,7,130,41,7,3,1,4,48,25,0,1,7,0.264,0.314,0.394,0.708,108,0.130,0.287,22.2%,13.3%,6.9%,0.52,0.0,23,7,R,Yakult Swallows,CL
Yamada Tetsuto,95,338,304,20,67,13,0,9,107,30,3,0,0,3,60,29,4,2,7,0.220,0.290,0.352,0.642,89,0.132,0.244,29.0%,17.8%,8.6%,0.48,0.3,32,4,R,Yakult Swallows,CL
Yamano Taichi,10,16,12,1,2,1,0,0,3,1,0,0,3,0,6,1,0,0,0,0.167,0.231,0.250,0.481,44,0.083,0.333,43.8%,37.5%,6.2%,0.17,-0.0,26,1,L,Yakult Swallows,CL
Yamanobe Kakeru,17,24,19,2,4,1,0,0,5,2,2,0,2,0,2,2,1,1,0,0.211,0.318,0.263,0.581,74,0.052,0.235,16.7%,8.3%,8.3%,1.00,0.3,31,5,R,Yakult Swallows,CL
Yoshimura Kojiro,18,34,27,0,0,0,0,0,0,0,0,0,6,0,10,1,0,0,2,0.000,0.036,0.000,0.036,-81,0.000,0.000,32.4%,29.4%,2.9%,0.10,-0.0,27,1,R,Yakult Swallows,CL
Bright Kenta,74,137,121,17,34,10,2,3,57,20,0,2,1,0,32,12,0,3,3,0.281,0.360,0.471,0.831,165,0.190,0.360,34.3%,23.4%,8.8%,0.38,-0.7,26,9,R,Chunichi Dragons,CL
Calixte Orlando,61,192,176,13,40,9,1,1,54,14,1,1,1,3,37,12,0,0,4,0.227,0.272,0.307,0.579,84,0.080,0.277,26.0%,19.3%,6.2%,0.32,-0.3,33,3,R,Chunichi Dragons,CL
Chavis Michael,29,102,91,6,15,4,0,5,34,7,0,0,0,0,27,10,2,1,2,0.165,0.255,0.374,0.629,98,0.209,0.169,41.2%,26.5%,9.8%,0.37,-0.0,29,5,R,Chunichi Dragons,CL
Fukunaga Hiroki,2,5,3,1,1,1,0,0,2,0,0,0,0,0,0,2,0,0,0,0.333,0.600,0.667,1.267,310,0.334,0.333,40.0%,0.0%,40.0%,1.00,-0.0,28,5,R,Chunichi Dragons,CL
Gotoh Shunta,22,18,17,2,4,0,0,0,4,0,0,1,1,0,7,0,0,0,0,0.235,0.235,0.235,0.470,48,0.000,0.400,38.9%,38.9%,0.0%,0.00,-0.3,32,7,L,Chunichi Dragons,CL
Hama Shonosuke,2,2,2,0,1,0,0,0,1,1,0,0,0,0,0,0,0,0,0,0.500,0.500,0.500,1.000,224,0.000,0.500,0.0%,0.0%,0.0%,,-0.0,25,9,L,Chunichi Dragons,CL
Higuchi Seishu,28,25,22,1,2,0,0,0,2,0,5,3,2,0,8,1,0,0,0,0.091,0.130,0.091,0.221,-33,0.000,0.143,36.0%,32.0%,4.0%,0.12,-0.1,26,4,L,Chunichi Dragons,CL
Hosokawa Seiya,86,336,286,29,75,19,0,14,136,44,1,3,0,3,84,44,3,3,8,0.262,0.363,0.476,0.839,168,0.214,0.319,42.3%,25.0%,13.1%,0.52,-1.0,26,7,R,Chunichi Dragons,CL
Ishibashi Kota,10,12,8,0,1,0,0,0,1,1,0,0,1,0,3,3,0,0,0,0.125,0.364,0.125,0.489,60,0.000,0.200,50.0%,25.0%,25.0%,1.00,-0.0,24,2,R,Chunichi Dragons,CL
Ishii Yuta,68,216,190,13,43,8,0,2,57,16,0,0,13,0,53,12,1,1,5,0.226,0.276,0.300,0.576,83,0.074,0.304,31.0%,24.5%,5.6%,0.23,-0.1,24,2,R,Chunichi Dragons,CL
Ishikawa Takaya,22,75,72,6,10,2,0,1,15,5,0,1,0,0,27,2,0,1,1,0.139,0.173,0.208,0.381,18,0.069,0.205,40.0%,36.0%,2.7%,0.07,-0.4,24,5,R,Chunichi Dragons,CL
Itayama Yutaro,71,173,159,15,33,5,1,2,46,9,0,0,2,1,45,10,1,1,4,0.208,0.257,0.289,0.546,73,0.081,0.274,32.9%,26.0%,5.8%,0.22,-0.1,31,4,L,Chunichi Dragons,CL
Kanemaru Yumeto,12,20,19,0,0,0,0,0,0,0,0,0,1,0,13,0,0,0,0,0.000,0.000,0.000,0.000,-107,0.000,0.000,65.0%,65.0%,0.0%,0.00,0.0,22,1,L,Chunichi Dragons,CL
Katoh Takuma,41,59,50,3,11,0,0,1,14,5,0,0,7,0,14,2,1,0,0,0.220,0.250,0.280,0.530,68,0.060,0.286,28.8%,23.7%,3.4%,0.14,-0.0,33,2,R,Chunichi Dragons,CL
Kawagoe Seiji,24,39,33,2,7,1,0,0,8,0,0,0,0,0,10,4,0,2,0,0.212,0.333,0.242,0.575,85,0.030,0.304,35.9%,25.6%,10.3%,0.40,-0.0,32,DH,L,Chunichi Dragons,CL
Kinoshita Takuya,38,122,112,7,27,3,0,2,36,8,0,0,2,0,20,8,2,0,3,0.241,0.292,0.321,0.613,95,0.080,0.278,24.6%,16.4%,6.6%,0.40,-0.1,33,2,R,Chunichi Dragons,CL
Matsuba Takahiro,21,42,32,1,5,0,0,0,5,0,0,0,7,0,8,2,0,1,0,0.156,0.229,0.156,0.385,22,0.000,0.208,23.8%,19.0%,4.8%,0.25,-0.0,34,1,L,Chunichi Dragons,CL
Mejia Humberto,16,7,7,0,2,0,0,0,2,0,0,0,0,0,3,0,0,0,0,0.286,0.286,0.286,0.572,82,0.000,0.500,42.9%,42.9%,0.0%,0.00,-0.0,28,1,R,Chunichi Dragons,CL
Miura Mizuki,7,9,8,1,1,0,0,0,1,0,0,0,0,0,2,1,0,0,0,0.125,0.222,0.125,0.347,10,0.000,0.167,33.3%,22.2%,11.1%,0.50,-0.0,25,1,R,Chunichi Dragons,CL
Muller Kyle,16,29,25,0,2,1,0,0,3,0,0,0,2,0,11,1,0,1,1,0.080,0.148,0.120,0.268,-18,0.040,0.143,41.4%,37.9%,3.4%,0.09,-0.0,27,1,R,Chunichi Dragons,CL
Muramatsu Kaito,54,186,158,9,28,3,1,2,39,10,2,2,9,3,39,13,0,3,1,0.177,0.249,0.247,0.496,57,0.070,0.217,29.0%,21.0%,7.0%,0.33,-0.4,24,6,L,Chunichi Dragons,CL
Nakachi Reia,1,1,1,0,0,0,0,0,0,0,0,0,0,0,1,0,0,0,0,0.000,0.000,0.000,0.000,-107,0.000,,100.0%,100.0%,0.0%,0.00,0.0,24,1,R,Chunichi Dragons,CL
Nakata Sho,25,68,62,4,10,3,0,2,19,4,0,0,0,0,12,6,1,0,1,0.161,0.235,0.306,0.541,70,0.145,0.167,29.4%,17.6%,8.8%,0.50,-0.0,36,3,R,Chunichi Dragons,CL
Neo Akira,4,1,1,0,0,0,0,0,0,0,0,0,0,0,1,0,0,0,0,0.000,0.000,0.000,0.000,-107,0.000,,100.0%,100.0%,0.0%,0.00,0.0,25,1,L,Chunichi Dragons,CL
Oda Gouki,28,5,5,7,0,0,0,0,0,0,5,1,0,0,2,0,0,0,0,0.000,0.000,0.000,0.000,-107,0.000,0.000,40.0%,40.0%,0.0%,0.00,0.5,24,7,L,Chunichi Dragons,CL
Ohno Yudai,18,36,28,0,1,0,0,0,1,0,0,0,7,0,16,1,0,0,0,0.036,0.069,0.036,0.105,-71,0.000,0.083,47.2%,44.4%,2.8%,0.06,-0.0,36,1,L,Chunichi Dragons,CL
Ohshima Yohei,50,86,83,7,19,0,0,0,19,4,4,0,0,0,12,3,0,0,0,0.229,0.256,0.229,0.485,54,0.000,0.268,17.4%,14.0%,3.5%,0.25,0.6,39,7,L,Chunichi Dragons,CL
Okabayashi Yuki,121,541,492,63,135,21,7,4,182,27,16,4,4,2,50,42,7,1,1,0.274,0.331,0.370,0.701,124,0.096,0.298,17.7%,9.2%,7.8%,0.84,1.1,23,8,L,Chunichi Dragons,CL
Okada Toshiya,3,1,1,0,0,0,0,0,0,0,0,0,0,0,1,0,0,0,0,0.000,0.000,0.000,0.000,-107,0.000,,100.0%,100.0%,0.0%,0.00,0.0,33,1,L,Chunichi Dragons,CL
Rodriguez Christian,11,17,15,0,4,0,0,0,4,1,0,0,1,0,6,1,0,0,1,0.267,0.313,0.267,0.580,86,0.000,0.444,41.2%,35.3%,5.9%,0.17,-0.0,23,6,R,Chunichi Dragons,CL
Satoh Ryusei,23,77,66,5,13,3,0,0,16,3,1,0,2,1,20,8,1,0,2,0.197,0.280,0.242,0.522,66,0.045,0.277,36.4%,26.0%,10.4%,0.40,0.1,28,5,R,Chunichi Dragons,CL
Takahashi Hiroto,22,46,37,1,4,0,0,0,4,0,0,0,8,0,16,1,0,0,0,0.108,0.132,0.108,0.240,-27,0.000,0.190,37.0%,34.8%,2.2%,0.06,-0.0,22,1,R,Chunichi Dragons,CL
Takahashi Shuhei,41,101,94,1,22,5,0,0,27,8,0,0,0,0,21,7,1,0,2,0.234,0.287,0.287,0.574,83,0.053,0.301,27.7%,20.8%,6.9%,0.33,-0.1,31,5,L,Chunichi Dragons,CL
Tanaka Mikiya,76,299,261,29,63,12,1,1,80,17,9,2,16,1,32,19,1,2,2,0.241,0.297,0.307,0.604,92,0.066,0.271,17.4%,10.7%,6.4%,0.59,0.7,24,4,R,Chunichi Dragons,CL
Tsuchida Ryuku,20,53,51,1,7,2,0,0,9,2,0,0,0,0,16,2,0,0,2,0.137,0.170,0.176,0.346,7,0.039,0.200,34.0%,30.2%,3.8%,0.12,-0.0,22,6,L,Chunichi Dragons,CL
Tsuda Keishi,5,3,3,0,0,0,0,0,0,0,0,0,0,0,3,0,0,0,0,0.000,0.000,0.000,0.000,-107,0.000,,100.0%,100.0%,0.0%,0.00,0.0,22,6,R,Chunichi Dragons,CL
Tsujimoto Rintaro,20,36,33,2,5,1,0,0,6,1,0,0,3,0,6,0,0,0,1,0.152,0.152,0.182,0.334,3,0.030,0.185,16.7%,16.7%,0.0%,0.00,-0.0,23,4,R,Chunichi Dragons,CL
Uebayashi Seiji,114,447,419,46,117,18,4,15,188,46,27,4,5,1,86,18,7,4,2,0.279,0.314,0.449,0.763,142,0.170,0.320,26.6%,19.2%,4.0%,0.21,3.1,29,9,L,Chunichi Dragons,CL
Ukai Kosuke,23,40,40,0,7,0,0,0,7,1,1,0,0,0,10,0,0,0,1,0.175,0.175,0.175,0.350,9,0.000,0.233,25.0%,25.0%,0.0%,0.00,0.2,26,7,R,Chunichi Dragons,CL
Usami Shingo,18,39,32,2,4,0,0,0,4,1,0,0,1,0,12,6,2,0,1,0.125,0.263,0.125,0.388,24,0.000,0.200,46.2%,30.8%,15.4%,0.50,-0.0,32,2,L,Chunichi Dragons,CL
Vosler Jason,100,403,367,29,92,25,0,11,150,50,0,1,0,3,80,27,2,6,3,0.251,0.310,0.409,0.719,128,0.158,0.290,29.3%,19.9%,6.7%,0.34,-0.5,31,3,L,Chunichi Dragons,CL
Wakui Hideaki,9,11,10,1,1,0,0,0,1,0,0,0,0,0,7,1,0,0,0,0.100,0.182,0.100,0.282,-12,0.000,0.333,72.7%,63.6%,9.1%,0.14,-0.0,39,1,R,Chunichi Dragons,CL
Yamamoto Yasuhiro,95,307,284,18,68,11,1,3,90,18,3,2,13,0,52,9,0,1,3,0.239,0.265,0.317,0.582,84,0.078,0.284,20.8%,16.9%,2.9%,0.17,-0.3,31,6,R,Chunichi Dragons,CL
Yanagi Yuya,10,21,19,0,2,0,0,0,2,0,0,0,1,0,9,1,0,0,0,0.105,0.150,0.105,0.255,-22,0.000,0.200,47.6%,42.9%,4.8%,0.11,-0.0,31,1,R,Chunichi Dragons,CL
Yoshida Seiya,4,1,1,0,0,0,0,0,0,0,0,0,0,0,0,0,0,0,0,0.000,0.000,0.000,0.000,-107,0.000,0.000,0.0%,0.0%,0.0%,,0.0,23,1,L,Chunichi Dragons,CL
Azuma Kohei,6,5,5,0,0,0,0,0,0,0,0,0,0,0,3,0,0,0,0,0.000,0.000,0.000,0.000,-102,0.000,0.000,60.0%,60.0%,0.0%,0.00,0.0,25,1,R,ORIX Buffaloes,PL
Chano Tokumasa,3,12,12,0,2,0,0,0,2,0,0,0,0,0,0,0,0,0,0,0.167,0.167,0.167,0.334,3,0.000,0.167,0.0%,0.0%,0.0%,,-0.0,25,7,L,ORIX Buffaloes,PL
Diaz Jordan,50,138,127,6,29,4,0,2,39,6,0,0,0,0,31,11,0,0,5,0.228,0.290,0.307,0.597,85,0.079,0.287,31.9%,22.5%,8.0%,0.35,-0.1,24,DH,R,ORIX Buffaloes,PL
Espinoza Anderson,19,1,1,0,0,0,0,0,0,0,0,0,0,0,1,0,0,0,0,0.000,0.000,0.000,0.000,-102,0.000,,100.0%,100.0%,0.0%,0.00,0.0,27,1,R,ORIX Buffaloes,PL
Fukuda Shuhei,23,64,54,2,9,1,0,0,10,3,1,0,6,0,9,4,0,0,2,0.167,0.224,0.185,0.409,28,0.018,0.200,20.3%,14.1%,6.2%,0.44,0.1,32,8,L,ORIX Buffaloes,PL
Fukunaga Sho,36,71,64,3,9,2,1,0,13,4,0,0,1,1,23,4,0,1,1,0.141,0.200,0.203,0.403,25,0.062,0.214,38.0%,32.4%,5.6%,0.17,-0.0,25,2,R,ORIX Buffaloes,PL
Gen Kendai,31,10,7,6,1,0,0,0,1,0,0,0,1,0,3,2,0,0,0,0.143,0.333,0.143,0.476,52,0.000,0.250,50.0%,30.0%,20.0%,0.67,-0.0,23,7,R,ORIX Buffaloes,PL
Hirooka Taishi,93,350,308,39,81,10,1,7,114,24,9,4,7,2,70,33,0,0,7,0.263,0.332,0.370,0.702,118,0.107,0.318,31.4%,20.0%,9.4%,0.47,-0.0,28,5,R,ORIX Buffaloes,PL
Ishikawa Ryo,1,1,1,0,0,0,0,0,0,0,0,0,0,0,1,0,0,0,0,0.000,0.000,0.000,0.000,-102,0.000,,100.0%,100.0%,0.0%,0.00,0.0,29,2,R,ORIX Buffaloes,PL
Kita Ryoto,40,111,102,12,25,4,0,2,35,5,4,0,2,1,28,6,0,0,1,0.245,0.284,0.343,0.627,94,0.098,0.315,32.4%,25.2%,5.4%,0.21,0.6,22,9,L,ORIX Buffaloes,PL
Kurebayashi Kotaro,93,363,329,27,82,13,1,6,115,30,0,2,1,4,42,26,2,3,10,0.249,0.307,0.350,0.657,104,0.101,0.267,20.4%,11.6%,7.2%,0.62,-0.9,23,6,R,ORIX Buffaloes,PL
Kuri Allen,21,1,0,0,0,0,0,0,0,0,0,0,1,0,0,0,0,0,0,0.000,0.000,0.000,0.000,-102,0.000,,0.0%,0.0%,0.0%,,0.0,33,1,R,ORIX Buffaloes,PL
Miyagi Hiroya,19,4,3,0,0,0,0,0,0,0,0,0,0,0,0,1,0,0,0,0.000,0.250,0.000,0.250,-18,0.000,0.000,25.0%,0.0%,25.0%,1.00,-0.0,23,1,L,ORIX Buffaloes,PL
Mori Tomoya,35,139,120,14,29,7,0,0,36,10,0,0,0,1,23,17,1,1,0,0.242,0.338,0.300,0.638,99,0.058,0.296,28.8%,16.5%,12.2%,0.74,-0.1,29,DH,L,ORIX Buffaloes,PL
Mugitani Yusuke,62,118,105,18,26,3,2,1,36,8,11,5,1,0,30,11,0,1,0,0.248,0.325,0.343,0.668,108,0.095,0.338,35.6%,25.4%,9.3%,0.37,0.1,22,8,L,ORIX Buffaloes,PL
Mune Yuma,77,317,287,27,70,10,1,6,100,28,2,3,3,1,38,20,1,6,3,0.244,0.306,0.348,0.654,103,0.104,0.262,20.2%,12.0%,6.3%,0.53,-0.8,29,5,L,ORIX Buffaloes,PL
Nakagawa Keita,98,387,364,49,107,22,1,12,167,50,10,2,3,3,45,17,1,0,7,0.294,0.323,0.459,0.782,141,0.165,0.306,19.1%,11.6%,4.4%,0.38,0.8,29,8,R,ORIX Buffaloes,PL
Nishikawa Ryoma,82,355,333,27,103,20,1,5,140,36,4,1,4,1,53,15,2,2,5,0.309,0.342,0.420,0.762,136,0.111,0.355,20.6%,14.9%,4.2%,0.28,0.1,30,7,L,ORIX Buffaloes,PL
Nishino Masahiro,55,182,163,16,43,4,2,4,63,21,0,0,6,0,10,12,0,1,2,0.264,0.318,0.387,0.705,118,0.123,0.262,14.3%,5.5%,6.6%,1.20,-0.1,34,DH,L,ORIX Buffaloes,PL
Noguchi Tomoya,33,64,55,10,8,5,1,1,18,3,0,1,0,0,16,6,0,3,0,0.145,0.266,0.327,0.593,83,0.182,0.184,35.9%,25.0%,9.4%,0.38,-0.4,25,UTL,L,ORIX Buffaloes,PL
Ohsato Kosei,33,86,71,10,17,0,1,0,19,6,4,2,4,1,11,10,0,0,0,0.239,0.329,0.268,0.597,87,0.029,0.279,24.4%,12.8%,11.6%,0.91,-0.0,25,6,L,ORIX Buffaloes,PL
Ohshiro Koji,53,65,57,9,15,0,0,0,15,4,1,0,3,0,16,5,0,0,0,0.263,0.323,0.263,0.586,84,0.000,0.366,32.3%,24.6%,7.7%,0.31,0.1,32,4,R,ORIX Buffaloes,PL
Ohta Ryo,91,409,366,35,110,10,0,8,144,47,0,2,6,4,85,28,3,5,8,0.301,0.355,0.393,0.748,132,0.092,0.368,29.6%,20.8%,6.8%,0.33,-0.9,24,4,R,ORIX Buffaloes,PL
Olivares Edward,11,35,33,1,6,1,0,0,7,0,1,0,0,0,8,2,0,0,0,0.182,0.229,0.212,0.441,37,0.030,0.240,28.6%,22.9%,5.7%,0.25,0.2,29,7,R,ORIX Buffaloes,PL
Sotani Ryuhei,17,4,4,0,0,0,0,0,0,0,0,0,0,0,2,0,0,0,0,0.000,0.000,0.000,0.000,-102,0.000,0.000,50.0%,50.0%,0.0%,0.00,0.0,24,1,L,ORIX Buffaloes,PL
Sugimoto Yutaro,101,393,346,41,92,14,1,15,153,48,1,0,0,6,107,34,1,7,6,0.266,0.338,0.442,0.780,141,0.176,0.335,39.7%,27.2%,8.7%,0.32,-0.1,34,9,R,ORIX Buffaloes,PL
Sugisawa Ryu,14,16,15,0,3,1,0,0,4,2,0,1,1,0,4,0,0,0,0,0.200,0.200,0.267,0.467,44,0.067,0.273,25.0%,25.0%,0.0%,0.00,-0.3,25,8,L,ORIX Buffaloes,PL
Tajima Daiki,15,3,3,1,0,0,0,0,0,0,0,0,0,0,2,0,0,0,0,0.000,0.000,0.000,0.000,-102,0.000,0.000,66.7%,66.7%,0.0%,0.00,0.0,28,1,L,ORIX Buffaloes,PL
Tongu Yuma,109,449,404,32,102,16,0,10,148,48,1,0,0,4,65,37,2,4,8,0.252,0.318,0.366,0.684,112,0.114,0.276,24.9%,14.5%,8.2%,0.57,-0.1,28,3,R,ORIX Buffaloes,PL
Wakatsuki Kenya,102,332,304,26,85,14,2,5,118,25,1,0,6,1,50,15,0,6,6,0.280,0.325,0.388,0.713,121,0.108,0.320,21.1%,15.1%,4.5%,0.30,-0.0,29,2,R,ORIX Buffaloes,PL
Watanabe Haruto,34,8,6,7,1,0,0,0,1,0,1,0,0,0,4,1,0,1,0,0.167,0.375,0.167,0.542,73,0.000,0.500,62.5%,50.0%,12.5%,0.25,0.2,25,8,L,ORIX Buffaloes,PL
Yamanaka Ryoma,19,52,49,2,6,1,1,1,12,3,0,0,0,0,9,3,0,0,2,0.122,0.173,0.245,0.418,28,0.123,0.128,25.0%,17.3%,5.8%,0.33,-0.0,24,UTL,L,ORIX Buffaloes,PL
Yokoyama Seiya,2,2,2,0,0,0,0,0,0,0,0,0,0,0,1,0,0,0,0,0.000,0.000,0.000,0.000,-102,0.000,0.000,50.0%,50.0%,0.0%,0.00,0.0,19,,L,ORIX Buffaloes,PL
Acevedo Stiven,1,3,3,0,1,0,0,0,1,0,0,0,0,0,1,0,0,0,0,0.333,0.333,0.333,0.666,103,0.000,0.500,33.3%,33.3%,0.0%,0.00,-0.0,22,,R,Lotte Marines,PL
Chatani Kenta,36,29,25,1,6,2,0,0,8,2,0,0,1,0,6,3,0,0,0,0.240,0.321,0.320,0.641,96,0.080,0.316,31.0%,20.7%,10.3%,0.50,-0.0,27,6,R,Lotte Marines,PL
Fujioka Yudai,84,316,271,22,68,15,1,4,97,21,1,0,5,4,60,36,1,0,9,0.251,0.334,0.358,0.692,111,0.107,0.303,31.6%,19.0%,11.4%,0.60,-0.0,31,4,L,Lotte Marines,PL
Fujiwara Kyota,104,444,401,37,110,11,6,4,145,24,15,6,4,0,77,33,2,6,3,0.274,0.339,0.362,0.701,113,0.088,0.331,25.7%,17.3%,7.4%,0.43,0.3,25,9,L,Lotte Marines,PL
Ikeda Raito,65,208,190,17,44,10,0,4,66,16,2,1,4,3,37,8,0,3,5,0.232,0.270,0.347,0.617,87,0.115,0.263,23.6%,17.8%,3.8%,0.22,-0.1,25,3,R,Lotte Marines,PL
Ishigaki Masami,20,20,14,0,2,1,0,0,3,0,1,0,2,0,5,4,1,0,0,0.143,0.333,0.214,0.547,70,0.071,0.222,45.0%,25.0%,20.0%,0.80,0.2,26,UTL,R,Lotte Marines,PL
Ishikawa Shingo,14,36,35,2,3,1,0,0,4,3,0,0,0,0,11,1,0,0,0,0.086,0.111,0.114,0.225,-30,0.028,0.125,33.3%,30.6%,2.8%,0.09,-0.0,32,DH,R,Lotte Marines,PL
Ishikawa Shuta,16,2,2,0,0,0,0,0,0,0,0,0,0,0,1,0,0,0,0,0.000,0.000,0.000,0.000,-98,0.000,0.000,50.0%,50.0%,0.0%,0.00,0.0,33,1,R,Lotte Marines,PL
Kakunaka Katsuya,27,53,42,3,7,0,0,1,10,5,1,0,2,1,9,8,0,0,0,0.167,0.294,0.238,0.532,64,0.071,0.182,34.0%,17.0%,15.1%,0.89,0.1,38,7,L,Lotte Marines,PL
Kimura Yuto,19,1,1,0,0,0,0,0,0,0,0,0,0,0,1,0,0,0,0,0.000,0.000,0.000,0.000,-98,0.000,,100.0%,100.0%,0.0%,0.00,0.0,20,1,L,Lotte Marines,PL
Miyazaki Ryusei,36,104,92,7,18,3,0,0,21,3,1,0,5,0,30,3,0,4,1,0.196,0.253,0.228,0.481,48,0.032,0.290,31.7%,28.8%,2.9%,0.10,0.1,24,4,L,Lotte Marines,PL
Nakamura Shogo,20,64,59,2,11,2,0,1,16,3,0,0,0,0,9,4,0,1,0,0.186,0.250,0.271,0.521,59,0.085,0.204,21.9%,14.1%,6.2%,0.44,-0.0,33,5,R,Lotte Marines,PL
Nishikawa Misho,82,326,304,32,89,20,3,1,118,28,0,0,0,3,63,13,0,6,4,0.293,0.331,0.388,0.719,118,0.095,0.362,23.6%,19.3%,4.0%,0.21,-0.2,22,7,R,Lotte Marines,PL
Ogawa Ryusei,65,140,124,9,26,1,0,0,27,12,7,2,5,1,23,9,0,1,4,0.210,0.267,0.218,0.485,50,0.008,0.255,22.9%,16.4%,6.4%,0.39,0.5,27,6,L,Lotte Marines,PL
Ojima Kazuya,19,2,2,0,0,0,0,0,0,0,0,0,0,0,0,0,0,0,0,0.000,0.000,0.000,0.000,-98,0.000,0.000,0.0%,0.0%,0.0%,,0.0,28,1,L,Lotte Marines,PL
Oka Hiromi,45,140,120,13,32,5,0,2,43,15,3,1,2,0,28,15,1,3,1,0.267,0.362,0.358,0.720,120,0.091,0.333,32.1%,20.0%,10.7%,0.54,0.1,33,7,R,Lotte Marines,PL
Polanco Gregory,39,154,139,13,28,3,0,5,46,13,0,0,0,1,35,14,1,0,1,0.201,0.273,0.331,0.604,83,0.130,0.230,35.1%,22.7%,9.1%,0.40,-0.1,33,DH,L,Lotte Marines,PL
Satoh Toshiya,44,139,122,10,23,4,0,3,36,11,2,0,1,1,27,12,1,3,0,0.189,0.275,0.295,0.570,74,0.106,0.215,30.2%,19.4%,8.6%,0.44,0.3,27,2,L,Lotte Marines,PL
Soto Neftali,88,316,285,26,66,13,0,11,112,36,0,0,0,1,87,28,0,2,5,0.232,0.304,0.393,0.697,111,0.161,0.293,39.9%,27.5%,8.9%,0.32,-0.2,36,3,R,Lotte Marines,PL
Takabe Akito,85,276,258,33,71,11,3,0,88,20,17,2,2,4,40,10,0,2,2,0.275,0.303,0.341,0.644,96,0.066,0.320,18.1%,14.5%,3.6%,0.25,2.1,27,8,L,Lotte Marines,PL
Takano Shuta,28,1,1,0,0,0,0,0,0,0,0,0,0,0,0,0,0,0,0,0.000,0.000,0.000,0.000,-98,0.000,0.000,0.0%,0.0%,0.0%,,0.0,26,1,L,Lotte Marines,PL
Takeda Aito,16,19,14,2,2,1,0,0,3,1,0,0,4,0,5,0,0,1,0,0.143,0.200,0.214,0.414,27,0.071,0.222,26.3%,26.3%,0.0%,0.00,-0.0,28,9,R,Lotte Marines,PL
Tamura Tatsuhiro,17,41,37,1,6,0,0,1,9,3,0,0,4,0,9,0,0,0,3,0.162,0.162,0.243,0.405,23,0.081,0.185,24.4%,22.0%,0.0%,0.00,-0.0,31,2,R,Lotte Marines,PL
Tanaka Haruya,13,5,5,0,1,0,0,0,1,2,0,0,0,0,1,0,0,0,0,0.200,0.200,0.200,0.400,23,0.000,0.250,20.0%,20.0%,0.0%,0.00,-0.0,21,1,L,Lotte Marines,PL
Taneichi Atsuki,20,2,1,0,0,0,0,0,0,0,0,0,1,0,1,0,0,0,0,0.000,0.000,0.000,0.000,-98,0.000,,50.0%,50.0%,0.0%,0.00,0.0,26,1,R,Lotte Marines,PL
Tatematsu Yu,4,6,6,0,0,0,0,0,0,0,0,0,0,0,3,0,0,0,0,0.000,0.000,0.000,0.000,-98,0.000,0.000,50.0%,50.0%,0.0%,0.00,0.0,26,3,L,Lotte Marines,PL
Terachi Ryusei,95,371,349,26,92,15,0,5,122,31,0,0,2,1,59,12,1,7,6,0.264,0.301,0.350,0.651,98,0.086,0.304,20.5%,15.9%,3.2%,0.20,-0.2,19,2,L,Lotte Marines,PL
Tomosugi Atsuki,94,269,233,24,52,9,2,1,68,13,7,6,18,2,34,14,1,2,3,0.223,0.271,0.292,0.563,72,0.069,0.255,18.2%,12.6%,5.2%,0.41,-0.9,24,6,R,Lotte Marines,PL
Ueda Kyuto,46,130,114,13,25,8,0,1,36,11,0,0,1,1,23,13,0,1,1,0.219,0.302,0.316,0.618,88,0.097,0.264,28.5%,17.7%,10.0%,0.57,-0.1,23,3,L,Lotte Marines,PL
Voth Austin,19,5,5,0,1,0,0,0,1,0,0,1,0,0,2,0,0,0,1,0.200,0.200,0.200,0.400,23,0.000,0.333,40.0%,40.0%,0.0%,0.00,-0.3,33,1,R,Lotte Marines,PL
Wada Koshiro,12,4,2,4,0,0,0,0,0,1,0,1,0,1,1,1,0,0,0,0.000,0.250,0.000,0.250,-17,0.000,0.000,50.0%,25.0%,25.0%,1.00,-0.3,26,7,L,Lotte Marines,PL
Yamaguchi Koki,23,77,73,9,20,1,0,7,42,22,0,1,0,1,28,3,0,0,2,0.274,0.299,0.575,0.874,160,0.301,0.333,49.4%,36.4%,3.9%,0.11,-0.4,24,DH,R,Lotte Marines,PL
Yamamoto Daito,86,338,315,31,63,10,0,11,106,26,2,0,1,0,89,17,0,5,10,0.200,0.252,0.337,0.589,78,0.137,0.242,34.6%,26.3%,5.0%,0.19,0.2,22,9,R,Lotte Marines,PL
Yasuda Hisanori,80,308,280,21,70,13,0,0,83,23,1,1,0,2,57,23,2,3,5,0.250,0.312,0.296,0.608,86,0.046,0.311,26.0%,18.5%,7.5%,0.40,-0.3,26,5,L,Lotte Marines,PL
Akihiro Yuto,22,59,53,4,11,2,0,1,16,4,0,0,0,0,16,5,0,1,1,0.208,0.288,0.302,0.590,80,0.094,0.278,37.3%,27.1%,8.5%,0.31,-0.0,22,7,L,SoftBank Hawks,PL
Arihara Kohei,21,2,1,0,0,0,0,0,0,0,0,0,1,0,1,0,0,0,0,0.000,0.000,0.000,0.000,-98,0.000,,50.0%,50.0%,0.0%,0.00,0.0,32,1,R,SoftBank Hawks,PL
Downs Jeter,50,168,146,21,33,10,3,4,61,18,4,1,0,2,36,19,0,1,0,0.226,0.315,0.418,0.733,122,0.192,0.269,35.1%,21.4%,11.3%,0.53,0.3,26,5,R,SoftBank Hawks,PL
Hirose Ryuta,30,94,85,6,19,2,0,1,24,7,1,0,1,1,28,7,0,0,2,0.224,0.280,0.282,0.562,72,0.058,0.316,38.3%,29.8%,7.4%,0.25,0.1,24,4,R,SoftBank Hawks,PL
Imamiya Kenta,45,179,158,14,40,8,1,2,56,12,0,0,6,1,23,12,0,2,7,0.253,0.312,0.354,0.666,103,0.101,0.284,20.7%,12.8%,6.7%,0.52,-0.1,33,6,R,SoftBank Hawks,PL
Inoue Tomoya,6,16,16,0,3,0,0,0,3,1,0,0,0,0,3,0,0,0,0,0.188,0.188,0.188,0.376,16,0.000,0.231,18.8%,18.8%,0.0%,0.00,-0.0,22,7,R,SoftBank Hawks,PL
Ishizuka Soichiro,22,52,48,3,10,4,0,0,14,5,0,0,0,0,16,0,0,4,2,0.208,0.269,0.292,0.561,71,0.084,0.312,30.8%,30.8%,0.0%,0.00,-0.0,24,7,R,SoftBank Hawks,PL
Kawamura Yuto,15,9,9,2,1,0,0,0,1,0,0,0,0,0,3,0,0,0,0,0.111,0.111,0.111,0.222,-31,0.000,0.167,33.3%,33.3%,0.0%,0.00,-0.0,25,9,L,SoftBank Hawks,PL
Kawase Hikaru,84,170,143,15,37,7,1,2,52,17,1,0,11,0,26,15,0,1,4,0.259,0.333,0.364,0.697,112,0.105,0.304,25.3%,15.3%,8.8%,0.58,0.1,27,6,L,SoftBank Hawks,PL
Kondoh Kensuke,62,255,209,24,63,14,0,8,101,35,0,0,0,2,32,44,5,0,6,0.301,0.420,0.483,0.903,174,0.182,0.322,32.9%,12.5%,17.3%,1.38,-0.2,31,DH,L,SoftBank Hawks,PL
Kurihara Ryoya,58,236,200,22,46,5,0,5,66,21,1,1,1,2,39,31,1,2,3,0.230,0.336,0.330,0.666,104,0.100,0.259,31.8%,16.5%,13.1%,0.79,-0.3,28,5,L,SoftBank Hawks,PL
Maeda Jun,10,2,2,0,1,0,0,0,1,2,0,0,0,0,1,0,0,0,0,0.500,0.500,0.500,1.000,205,0.000,1.000,50.0%,50.0%,0.0%,0.00,-0.0,25,1,L,SoftBank Hawks,PL
Makihara Taisei,102,349,330,36,103,15,6,3,139,41,12,3,8,3,46,6,0,2,2,0.312,0.326,0.421,0.747,126,0.109,0.352,15.8%,13.2%,1.7%,0.13,0.9,32,4,L,SoftBank Hawks,PL
Masaki Tomoya,17,65,58,4,15,0,0,2,21,8,1,0,0,2,12,5,0,0,2,0.259,0.308,0.362,0.670,104,0.103,0.283,29.2%,18.5%,7.7%,0.42,0.1,25,7,R,SoftBank Hawks,PL
Matsumoto Haru,25,4,4,0,0,0,0,0,0,0,0,0,0,0,3,0,0,0,0,0.000,0.000,0.000,0.000,-98,0.000,0.000,75.0%,75.0%,0.0%,0.00,0.0,24,1,L,SoftBank Hawks,PL
Minei Hiroki,57,145,127,15,31,3,0,4,46,19,0,0,8,2,24,4,0,4,3,0.244,0.285,0.362,0.647,96,0.118,0.267,22.1%,16.6%,2.8%,0.17,-0.1,34,2,R,SoftBank Hawks,PL
Moinelo Livan,21,5,5,0,1,0,0,0,1,0,0,0,0,0,3,0,0,0,0,0.200,0.200,0.200,0.400,23,0.000,0.500,60.0%,60.0%,0.0%,0.00,-0.0,29,1,L,SoftBank Hawks,PL
Nakamura Akira,96,368,321,30,78,8,3,3,101,27,1,2,4,3,43,38,1,2,5,0.243,0.324,0.315,0.639,96,0.072,0.270,22.8%,11.7%,10.3%,0.88,-0.7,35,3,L,SoftBank Hawks,PL
Nomura Isami,103,332,304,38,82,13,0,12,131,33,16,3,4,2,90,19,1,3,5,0.270,0.317,0.431,0.748,126,0.161,0.343,36.4%,27.1%,5.7%,0.21,1.6,28,6,R,SoftBank Hawks,PL
Ogata Riku,84,69,65,20,14,1,1,0,17,5,7,3,2,0,9,2,0,0,2,0.215,0.239,0.262,0.501,53,0.047,0.250,15.9%,13.0%,2.9%,0.22,0.2,26,7,L,SoftBank Hawks,PL
Ohzeki Tomohisa,21,3,2,0,0,0,0,0,0,1,0,0,1,0,2,0,0,0,0,0.000,0.000,0.000,0.000,-98,0.000,,66.7%,66.7%,0.0%,0.00,0.0,27,1,L,SoftBank Hawks,PL
Sasagawa Yoshiyasu,16,39,38,6,5,0,0,0,5,3,2,0,0,1,9,0,0,0,1,0.132,0.128,0.132,0.260,-19,0.000,0.167,23.1%,23.1%,0.0%,0.00,0.3,23,8,L,SoftBank Hawks,PL
Satoh Naoki,88,191,168,24,37,6,3,4,61,16,10,1,9,1,63,12,0,1,2,0.220,0.275,0.363,0.638,93,0.143,0.324,41.4%,33.0%,6.3%,0.19,1.3,26,9,R,SoftBank Hawks,PL
Shoji Yudai,20,12,11,1,2,1,0,0,3,0,1,0,0,0,3,1,0,0,0,0.182,0.250,0.273,0.523,60,0.091,0.250,33.3%,25.0%,8.3%,0.33,0.2,22,6,L,SoftBank Hawks,PL
Shuto Ukyo,85,378,340,40,100,13,2,3,126,33,33,4,4,0,63,31,2,3,5,0.294,0.358,0.371,0.729,123,0.077,0.354,25.7%,16.7%,8.2%,0.49,4.0,29,8,L,SoftBank Hawks,PL
Sunagawa Richard,6,22,22,1,2,2,0,0,4,0,0,0,0,0,12,0,0,0,1,0.091,0.091,0.182,0.273,-17,0.091,0.200,54.5%,54.5%,0.0%,0.00,0.0,26,5,R,SoftBank Hawks,PL
Tanigawara Kenta,28,42,36,9,10,3,0,2,19,3,0,0,0,0,11,5,0,1,0,0.278,0.381,0.528,0.909,174,0.250,0.348,42.9%,26.2%,11.9%,0.45,-0.0,28,2,L,SoftBank Hawks,PL
Umino Takashi,85,212,188,17,38,8,1,0,48,13,0,0,16,0,52,7,1,1,4,0.202,0.235,0.255,0.490,50,0.053,0.279,27.8%,24.5%,3.3%,0.13,-0.1,27,2,R,SoftBank Hawks,PL
Uwasawa Naoyuki,18,5,4,0,0,0,0,0,0,1,0,0,1,0,1,0,0,0,0,0.000,0.000,0.000,0.000,-98,0.000,0.000,20.0%,20.0%,0.0%,0.00,0.0,31,1,R,SoftBank Hawks,PL
Watanabe Riku,24,51,45,4,10,2,0,0,12,5,1,0,0,0,17,5,1,1,0,0.222,0.314,0.267,0.581,79,0.045,0.357,43.1%,33.3%,9.8%,0.29,0.1,24,2,L,SoftBank Hawks,PL
Yamakawa Hotaka,109,433,390,40,87,8,0,20,155,55,0,0,0,4,112,35,3,4,5,0.223,0.291,0.397,0.688,108,0.174,0.256,38.6%,25.9%,8.1%,0.31,-0.2,33,DH,R,SoftBank Hawks,PL
Yamamoto Keita,25,80,70,8,15,1,0,2,22,6,0,0,0,0,17,7,0,3,5,0.214,0.313,0.314,0.627,92,0.100,0.255,32.5%,21.2%,8.8%,0.41,-0.1,25,9,L,SoftBank Hawks,PL
Yanagimachi Tatsuru,108,418,358,42,100,13,1,4,127,37,2,2,4,0,87,51,1,5,8,0.279,0.377,0.355,0.732,124,0.076,0.360,34.0%,20.8%,12.2%,0.59,-0.6,28,7,L,SoftBank Hawks,PL
Yanagita Yuki,11,38,35,5,10,1,0,2,17,6,0,0,0,0,7,3,1,0,1,0.286,0.342,0.486,0.828,150,0.200,0.308,31.6%,18.4%,7.9%,0.43,-0.0,36,7,L,SoftBank Hawks,PL
Abe Toshiki,43,129,105,11,23,5,1,3,39,8,1,1,1,1,31,22,0,0,1,0.219,0.352,0.371,0.723,132,0.152,0.278,43.4%,24.0%,17.1%,0.71,-0.2,35,7,R,Rakuten Eagles,PL
Asamura Hideto,76,310,260,20,60,10,1,5,87,24,1,0,0,1,65,44,4,5,9,0.231,0.352,0.335,0.687,120,0.104,0.288,36.8%,21.0%,14.2%,0.68,-0.0,34,3,R,Rakuten Eagles,PL
Franco Maikel,85,298,271,20,68,8,0,7,97,25,0,1,0,4,52,22,1,1,5,0.251,0.305,0.358,0.663,111,0.107,0.282,27.2%,17.4%,7.4%,0.42,-0.5,32,DH,R,Rakuten Eagles,PL
Fujii Masaru,18,4,2,0,0,0,0,0,0,0,0,0,2,0,1,0,0,0,0,0.000,0.000,0.000,0.000,-107,0.000,0.000,25.0%,25.0%,0.0%,0.00,0.0,28,1,L,Rakuten Eagles,PL
Gonzalez Oscar,48,192,186,18,45,4,1,4,63,19,0,2,0,1,33,3,1,2,10,0.242,0.260,0.339,0.599,89,0.097,0.273,20.8%,17.2%,1.6%,0.09,-0.8,27,7,R,Rakuten Eagles,PL
Hayakawa Takahisa,12,3,3,0,0,0,0,0,0,0,0,0,0,0,2,0,0,0,0,0.000,0.000,0.000,0.000,-107,0.000,0.000,66.7%,66.7%,0.0%,0.00,0.0,26,1,L,Rakuten Eagles,PL
Horiuchi Kengo,67,185,161,15,43,3,1,3,57,18,1,0,7,1,38,16,1,0,3,0.267,0.331,0.354,0.685,119,0.087,0.331,30.8%,20.5%,8.6%,0.42,0.1,28,2,L,Rakuten Eagles,PL
Howard Spencer,6,3,3,0,0,0,0,0,0,0,0,0,0,0,2,0,0,0,0,0.000,0.000,0.000,0.000,-107,0.000,0.000,66.7%,66.7%,0.0%,0.00,0.0,28,1,R,Rakuten Eagles,PL
Irie Daiki,4,10,10,0,1,0,0,0,1,2,0,0,0,0,3,0,0,0,0,0.100,0.100,0.100,0.200,-41,0.000,0.143,30.0%,30.0%,0.0%,0.00,-0.0,23,6,R,Rakuten Eagles,PL
Ishihara Tsuyoshi,21,22,18,1,2,0,0,0,2,1,0,0,3,0,7,1,0,0,0,0.111,0.158,0.111,0.269,-17,0.000,0.182,36.4%,31.8%,4.5%,0.14,-0.0,26,2,R,Rakuten Eagles,PL
Itoh Yukiya,47,121,109,7,24,8,1,1,37,7,2,0,1,1,31,9,1,1,1,0.220,0.283,0.339,0.622,97,0.119,0.295,33.9%,25.6%,7.4%,0.29,0.3,28,7,R,Rakuten Eagles,PL
Kishi Takayuki,16,3,1,0,0,0,0,0,0,0,0,0,2,0,1,0,0,0,0,0.000,0.000,0.000,0.000,-107,0.000,,33.3%,33.3%,0.0%,0.00,0.0,40,1,R,Rakuten Eagles,PL
Kobukata Hiroto,108,344,289,33,65,5,2,1,77,14,27,8,13,1,62,40,0,1,1,0.225,0.320,0.266,0.586,88,0.041,0.282,29.9%,18.0%,11.6%,0.65,1.7,29,4,L,Rakuten Eagles,PL
Komori Kohtaro,32,80,76,8,15,1,0,1,19,3,5,0,0,1,21,2,0,1,1,0.197,0.225,0.250,0.475,49,0.053,0.255,30.0%,26.2%,2.5%,0.10,0.8,22,7,R,Rakuten Eagles,PL
Kurokawa Fumiya,59,237,208,19,63,7,1,3,81,28,1,1,2,3,40,23,1,1,3,0.303,0.370,0.389,0.759,143,0.086,0.357,27.8%,16.9%,9.7%,0.57,-0.3,24,4,L,Rakuten Eagles,PL
Matsui Tomotaka,13,1,1,0,0,0,0,0,0,0,0,0,0,0,1,0,0,0,0,0.000,0.000,0.000,0.000,-107,0.000,,100.0%,100.0%,0.0%,0.00,0.0,25,1,R,Rakuten Eagles,PL
Muneyama Rui,100,383,362,25,94,18,3,3,127,24,4,0,0,7,61,13,2,1,7,0.260,0.282,0.351,0.633,101,0.091,0.298,20.1%,15.9%,3.4%,0.21,0.5,22,6,L,Rakuten Eagles,PL
Murabayashi Itsuki,114,469,432,36,130,13,0,3,152,47,5,2,7,3,88,24,2,3,10,0.301,0.340,0.352,0.692,121,0.051,0.369,24.5%,18.8%,5.1%,0.27,-0.1,27,5,R,Rakuten Eagles,PL
Mutoh Atsuki,42,73,64,15,12,2,2,0,18,6,2,1,1,1,19,7,0,0,0,0.188,0.264,0.281,0.545,73,0.093,0.261,35.6%,26.0%,9.6%,0.37,-0.0,24,9,L,Rakuten Eagles,PL
Nakashima Daisuke,100,381,362,41,105,7,5,6,140,27,18,4,6,1,55,10,0,2,4,0.290,0.312,0.387,0.699,122,0.097,0.328,18.6%,14.4%,2.6%,0.18,1.5,24,9,L,Rakuten Eagles,PL
Ogoh Yuya,78,172,155,16,26,7,2,1,40,10,10,0,0,2,47,14,1,1,0,0.168,0.238,0.258,0.496,57,0.090,0.229,36.0%,27.3%,8.1%,0.30,1.6,28,9,L,Rakuten Eagles,PL
Ohta Hikaru,90,180,148,12,23,5,2,0,32,9,0,0,10,1,38,17,0,4,6,0.155,0.259,0.216,0.475,51,0.061,0.207,30.6%,21.1%,9.4%,0.45,-0.1,28,2,R,Rakuten Eagles,PL
Ohuchi Seiya,1,1,1,0,0,0,0,0,0,0,0,0,0,0,1,0,0,0,0,0.000,0.000,0.000,0.000,-107,0.000,,100.0%,100.0%,0.0%,0.00,0.0,19,1,R,Rakuten Eagles,PL
Shimauchi Hiroaki,5,11,10,0,0,0,0,0,0,0,0,0,0,0,3,1,0,0,0,0.000,0.091,0.000,0.091,-75,0.000,0.000,36.4%,27.3%,9.1%,0.33,-0.0,35,DH,L,Rakuten Eagles,PL
Suzuki Daichi,73,145,129,11,33,3,2,2,46,19,1,0,0,0,21,6,0,10,2,0.256,0.338,0.357,0.695,122,0.101,0.292,20.0%,14.5%,4.1%,0.29,0.1,35,3,L,Rakuten Eagles,PL
Takinaka Ryota,14,3,0,2,0,0,0,0,0,0,0,0,0,0,0,3,0,0,0,0.000,1.000,0.000,1.000,246,0.000,,100.0%,0.0%,100.0%,1.00,-0.0,30,1,R,Rakuten Eagles,PL
Tanaka Kazuki,19,18,18,5,1,0,0,0,1,1,1,0,0,0,8,0,0,0,0,0.056,0.056,0.056,0.112,-70,0.000,0.100,44.4%,44.4%,0.0%,0.00,0.2,30,8,S,Rakuten Eagles,PL
Tanaka Takaya,11,4,2,0,0,0,0,0,0,0,0,0,1,0,2,1,0,0,0,0.000,0.333,0.000,0.333,11,0.000,,75.0%,50.0%,25.0%,0.50,-0.0,32,2,L,Rakuten Eagles,PL
Tatsumi Ryosuke,104,398,348,36,86,12,2,7,123,32,19,0,1,5,81,36,0,8,12,0.247,0.327,0.353,0.680,117,0.106,0.298,31.2%,20.4%,9.0%,0.44,3.0,28,8,L,Rakuten Eagles,PL
Uchi Seiryu,24,1,1,0,0,0,0,0,0,0,0,0,0,0,1,0,0,0,0,0.000,0.000,0.000,0.000,-107,0.000,,100.0%,100.0%,0.0%,0.00,0.0,23,1,L,Rakuten Eagles,PL
Voit Luke,43,171,151,18,40,6,0,8,70,25,0,0,0,0,39,16,1,4,4,0.265,0.351,0.464,0.815,160,0.199,0.308,36.8%,22.8%,9.4%,0.41,-0.1,34,DH,R,Rakuten Eagles,PL
Watanabe Yoshiaki,67,159,141,7,40,4,0,0,44,16,0,0,1,6,16,11,0,0,3,0.284,0.323,0.312,0.635,103,0.028,0.305,17.0%,10.1%,6.9%,0.69,-0.1,28,UTL,L,Rakuten Eagles,PL
Yajure Miguel,13,2,2,0,0,0,0,0,0,0,0,0,0,0,2,0,0,0,0,0.000,0.000,0.000,0.000,-107,0.000,,100.0%,100.0%,0.0%,0.00,0.0,27,1,S,Rakuten Eagles,PL
Cedeno Leandro,51,154,143,6,27,3,0,2,36,10,0,0,0,1,31,10,0,0,5,0.189,0.240,0.252,0.492,51,0.063,0.225,27.9%,20.1%,6.5%,0.32,-0.1,26,DH,R,Seibu Lions,PL
Davis JD,30,112,98,6,22,3,0,3,34,9,0,0,0,0,18,14,0,0,4,0.224,0.321,0.347,0.668,105,0.123,0.247,31.2%,16.1%,12.5%,0.78,-0.1,32,5,R,Seibu Lions,PL
Furuichi Takeru,2,1,1,0,1,0,0,0,1,0,0,0,0,0,0,0,0,0,0,1.000,1.000,1.000,2.000,513,0.000,1.000,0.0%,0.0%,0.0%,,-0.0,23,2,R,Seibu Lions,PL
Genda Sosuke,91,330,293,18,64,11,4,0,83,18,8,5,10,1,54,24,0,2,4,0.218,0.281,0.283,0.564,74,0.065,0.267,23.6%,16.4%,7.3%,0.44,-0.5,32,6,L,Seibu Lions,PL
Hasegawa Shinya,117,429,381,38,86,16,3,6,126,35,8,4,8,5,55,32,1,3,11,0.226,0.287,0.331,0.618,89,0.105,0.246,21.7%,12.8%,7.5%,0.58,-0.2,23,9,R,Seibu Lions,PL
Higuma Montell,12,11,11,1,1,0,0,0,1,0,1,0,0,0,5,0,0,0,0,0.091,0.091,0.091,0.182,-43,0.000,0.167,45.5%,45.5%,0.0%,0.00,0.2,25,9,R,Seibu Lions,PL
Hiranuma Shota,47,123,115,10,27,2,1,0,31,9,5,0,1,1,22,4,1,2,0,0.235,0.270,0.270,0.540,66,0.035,0.287,21.1%,17.9%,3.3%,0.18,0.8,27,7,L,Seibu Lions,PL
Hirasawa Taiga,7,17,17,1,1,1,0,0,2,0,0,0,0,0,4,0,0,0,0,0.059,0.059,0.118,0.177,-46,0.059,0.077,23.5%,23.5%,0.0%,0.00,0.0,27,7,L,Seibu Lions,PL
Hiruma Takuya,12,37,34,0,6,0,0,0,6,0,0,0,2,0,8,1,0,0,0,0.176,0.200,0.176,0.376,17,0.000,0.231,24.3%,21.6%,2.7%,0.12,-0.0,24,7,L,Seibu Lions,PL
Imai Tatsuya,20,6,6,0,0,0,0,0,0,0,0,0,0,0,4,0,0,0,0,0.000,0.000,0.000,0.000,-99,0.000,0.000,66.7%,66.7%,0.0%,0.00,0.0,27,1,R,Seibu Lions,PL
Kishi Junichiro,10,31,30,2,5,3,0,0,8,0,0,0,0,0,3,1,0,0,0,0.167,0.194,0.267,0.461,40,0.100,0.185,12.9%,9.7%,3.2%,0.33,-0.0,28,7,R,Seibu Lions,PL
Kodama Ryosuke,51,52,46,8,8,2,0,0,10,3,1,2,1,0,8,4,0,1,0,0.174,0.255,0.217,0.472,46,0.043,0.211,23.1%,15.4%,7.7%,0.50,-0.5,26,4,R,Seibu Lions,PL
Koga Yuto,92,265,236,22,57,6,0,6,81,16,1,1,6,0,47,23,0,0,4,0.242,0.309,0.343,0.652,100,0.101,0.279,28.7%,17.7%,8.7%,0.49,-0.3,25,2,R,Seibu Lions,PL
Kuriyama Takumi,11,23,23,0,2,0,0,0,2,0,0,0,0,0,7,0,0,0,1,0.087,0.087,0.087,0.174,-46,0.000,0.125,30.4%,30.4%,0.0%,0.00,-0.0,41,DH,L,Seibu Lions,PL
Makino Shoya,29,67,61,3,13,0,1,0,15,0,1,0,4,0,22,2,0,0,0,0.213,0.238,0.246,0.484,49,0.033,0.333,35.8%,32.8%,3.0%,0.09,0.1,24,2,L,Seibu Lions,PL
Matsubara Seiya,8,24,22,1,6,1,0,0,7,0,0,0,2,0,6,0,0,0,0,0.273,0.273,0.318,0.591,81,0.045,0.375,25.0%,25.0%,0.0%,0.00,-0.0,30,7,L,Seibu Lions,PL
Motoyama Hiyu,41,79,72,1,11,6,0,0,17,5,0,0,6,0,12,1,0,0,1,0.153,0.164,0.236,0.400,22,0.083,0.183,16.5%,15.2%,1.3%,0.08,-0.0,26,4,L,Seibu Lions,PL
Murata Reon,23,85,82,3,16,4,0,2,26,9,0,0,0,0,32,2,0,1,2,0.195,0.224,0.317,0.541,65,0.122,0.292,42.4%,37.6%,2.4%,0.06,-0.0,23,DH,R,Seibu Lions,PL
Nakamigawa Yuta,5,10,9,0,2,0,1,0,4,5,0,0,0,1,6,0,0,0,0,0.222,0.200,0.444,0.644,93,0.222,0.500,60.0%,60.0%,0.0%,0.00,-0.0,22,DH,L,Seibu Lions,PL
Nakamura Takeya,44,110,96,3,23,5,0,3,37,10,0,0,0,0,28,13,2,1,2,0.240,0.336,0.385,0.721,121,0.145,0.308,40.0%,25.5%,11.8%,0.46,-0.1,41,DH,R,Seibu Lions,PL
Nakata Keisuke,52,79,70,13,17,1,0,0,18,0,1,3,3,0,10,4,0,2,1,0.243,0.303,0.257,0.560,73,0.014,0.283,17.7%,12.7%,5.1%,0.40,-0.9,25,UTL,S,Seibu Lions,PL
Nevin Tyler,119,497,441,41,126,23,0,15,194,54,2,1,0,5,64,40,6,11,11,0.286,0.356,0.440,0.796,143,0.154,0.302,23.9%,12.9%,8.0%,0.62,-0.3,28,3,R,Seibu Lions,PL
Nishikawa Manaya,100,445,407,49,107,19,1,7,149,26,20,6,2,3,62,28,1,5,3,0.263,0.316,0.366,0.682,109,0.103,0.293,21.8%,13.9%,6.3%,0.45,1.2,26,8,L,Seibu Lions,PL
Nomura Daiju,13,36,35,1,6,1,0,0,7,2,0,0,1,0,9,0,0,0,0,0.171,0.171,0.200,0.371,14,0.029,0.231,25.0%,25.0%,0.0%,0.00,-0.0,24,4,R,Seibu Lions,PL
Sato Taiyo,8,25,21,0,2,1,0,0,3,0,0,0,1,0,7,2,0,1,0,0.095,0.208,0.143,0.351,10,0.048,0.143,36.0%,28.0%,8.0%,0.29,-0.0,23,4,L,Seibu Lions,PL
Sumida Chihiro,20,2,1,0,0,0,0,0,0,0,0,0,1,0,0,0,0,0,0,0.000,0.000,0.000,0.000,-99,0.000,0.000,0.0%,0.0%,0.0%,,0.0,25,1,L,Seibu Lions,PL
Sumitani Ginjiro,37,82,75,4,18,3,0,0,21,3,0,1,3,0,17,3,0,1,3,0.240,0.278,0.280,0.558,72,0.040,0.310,24.4%,20.7%,3.7%,0.18,-0.4,37,2,R,Seibu Lions,PL
Takahashi Kona,19,5,4,0,1,0,0,0,1,0,0,0,1,0,2,0,0,0,0,0.250,0.250,0.250,0.500,54,0.000,0.500,40.0%,40.0%,0.0%,0.00,-0.0,28,1,R,Seibu Lions,PL
Takamatsu Wataru,23,18,16,1,1,0,0,0,1,0,7,0,2,0,7,0,0,0,0,0.063,0.063,0.063,0.126,-60,0.000,0.111,38.9%,38.9%,0.0%,0.00,1.2,25,7,L,Seibu Lions,PL
Takeuchi Natsuki,11,5,2,0,0,0,0,0,0,1,0,0,1,1,2,1,0,0,0,0.000,0.250,0.000,0.250,-17,0.000,0.000,60.0%,40.0%,20.0%,0.50,-0.0,23,1,L,Seibu Lions,PL
Takizawa Natsuo,101,336,291,23,66,2,0,0,68,8,15,6,19,0,51,24,0,2,2,0.227,0.290,0.234,0.524,62,0.007,0.275,22.3%,15.2%,7.1%,0.47,0.4,21,4,L,Seibu Lions,PL
Tonosaki Shuta,102,363,315,26,72,12,1,4,98,29,5,1,4,6,62,35,3,3,11,0.229,0.306,0.311,0.617,90,0.082,0.267,27.8%,17.1%,9.6%,0.56,0.3,32,5,R,Seibu Lions,PL
Tsuge Sena,12,14,13,2,2,0,0,0,2,0,0,0,0,0,4,1,0,0,0,0.154,0.214,0.154,0.368,15,0.000,0.222,35.7%,28.6%,7.1%,0.25,-0.0,28,2,R,Seibu Lions,PL
Watanabe Seiya,85,351,332,28,80,12,3,8,122,30,2,2,0,2,64,14,2,3,11,0.241,0.276,0.367,0.643,96,0.126,0.275,24.5%,18.2%,4.0%,0.22,-0.5,22,7,R,Seibu Lions,PL
Watanabe Yutaro,19,2,2,0,0,0,0,0,0,0,0,0,0,0,0,0,0,0,0,0.000,0.000,0.000,0.000,-99,0.000,0.000,0.0%,0.0%,0.0%,,0.0,24,1,R,Seibu Lions,PL
Yamamura Takayoshi,47,142,128,7,31,3,1,2,42,12,0,2,1,2,26,9,0,2,1,0.242,0.298,0.328,0.626,92,0.086,0.284,26.1%,18.3%,6.3%,0.35,-0.7,22,5,L,Seibu Lions,PL
Yamanobe Kakeru,5,3,3,1,0,0,0,0,0,0,1,0,0,0,1,0,0,0,0,0.000,0.000,0.000,0.000,-99,0.000,0.000,33.3%,33.3%,0.0%,0.00,0.2,31,5,R,Seibu Lions,PL
Yoza Kaito,13,2,2,0,0,0,0,0,0,0,0,0,0,0,2,0,0,0,0,0.000,0.000,0.000,0.000,-99,0.000,,100.0%,100.0%,0.0%,0.00,0.0,29,1,R,Seibu Lions,PL
Arizono Naoki,12,35,31,3,7,2,0,0,9,3,0,0,0,1,12,2,0,1,1,0.226,0.286,0.290,0.576,74,0.064,0.350,40.0%,34.3%,5.7%,0.17,-0.0,22,5,R,Nipponham Fighters,PL
Asama Daiki,32,84,72,3,13,1,0,1,17,3,2,0,0,0,14,12,0,0,1,0.181,0.298,0.236,0.534,63,0.055,0.211,32.1%,16.7%,14.3%,0.86,0.3,29,7,L,Nipponham Fighters,PL
Fushimi Torai,59,161,144,7,36,4,0,2,46,10,0,0,5,0,29,10,0,2,5,0.250,0.308,0.319,0.627,89,0.069,0.301,25.5%,18.0%,6.2%,0.34,-0.1,35,2,R,Nipponham Fighters,PL
Gunji Yuya,89,329,284,34,83,14,0,6,115,30,0,0,2,3,60,35,0,5,6,0.292,0.376,0.405,0.781,134,0.113,0.348,30.7%,18.2%,10.6%,0.58,-0.2,27,UTL,R,Nipponham Fighters,PL
Hosokawa Ryohei,9,13,10,0,2,0,0,0,2,1,2,0,2,0,2,1,0,0,0,0.200,0.273,0.200,0.473,45,0.000,0.250,23.1%,15.4%,7.7%,0.50,0.3,23,3,L,Nipponham Fighters,PL
Imagawa Yuma,11,30,28,3,4,0,0,0,4,0,0,0,0,0,6,2,0,0,0,0.143,0.200,0.143,0.343,7,0.000,0.182,26.7%,20.0%,6.7%,0.33,-0.0,28,7,R,Nipponham Fighters,PL
Ishii Kazunari,90,304,280,35,74,15,2,4,105,24,1,0,6,1,76,17,1,0,0,0.264,0.305,0.375,0.680,103,0.111,0.348,31.9%,25.0%,5.6%,0.22,0.0,31,4,L,Nipponham Fighters,PL
Isobata Ryota,100,273,251,42,64,4,9,1,89,18,23,9,3,0,60,18,0,1,1,0.255,0.307,0.355,0.662,99,0.100,0.332,28.9%,22.0%,6.6%,0.30,0.8,26,8,L,Nipponham Fighters,PL
Itoh Hiromi,22,6,6,0,0,0,0,0,0,0,0,0,0,0,4,0,0,0,0,0.000,0.000,0.000,0.000,-95,0.000,0.000,66.7%,66.7%,0.0%,0.00,0.0,27,1,L,Nipponham Fighters,PL
Kamikawabata Daigo,35,81,72,4,12,3,0,0,15,5,0,0,0,0,9,7,0,2,4,0.167,0.259,0.208,0.467,43,0.041,0.190,19.8%,11.1%,8.6%,0.78,-0.0,28,4,L,Nipponham Fighters,PL
Kanemura Shoma,21,3,3,0,0,0,0,0,0,0,0,0,0,0,2,0,0,0,0,0.000,0.000,0.000,0.000,-95,0.000,0.000,66.7%,66.7%,0.0%,0.00,0.0,24,1,R,Nipponham Fighters,PL
Katoh Takayuki,17,3,2,0,0,0,0,0,0,0,0,0,1,0,2,0,0,0,0,0.000,0.000,0.000,0.000,-95,0.000,,66.7%,66.7%,0.0%,0.00,0.0,33,1,L,Nipponham Fighters,PL
Kitayama Koki,18,4,4,0,0,0,0,0,0,0,0,0,0,0,4,0,0,0,0,0.000,0.000,0.000,0.000,-95,0.000,,100.0%,100.0%,0.0%,0.00,0.0,26,1,R,Nipponham Fighters,PL
Kiyomiya Kotaro,116,482,439,52,113,21,1,9,163,50,6,1,0,4,69,38,0,1,8,0.257,0.315,0.371,0.686,106,0.114,0.285,24.1%,14.3%,7.9%,0.55,0.4,26,5,L,Nipponham Fighters,PL
Mannami Chusei,113,429,388,44,87,21,1,19,167,49,3,2,1,0,117,39,6,1,9,0.224,0.297,0.430,0.727,116,0.206,0.270,40.8%,27.3%,9.1%,0.33,-0.3,25,9,R,Nipponham Fighters,PL
Martinez Ariel,31,69,65,6,12,3,0,1,18,8,0,0,0,1,24,2,0,1,0,0.185,0.217,0.277,0.494,49,0.092,0.268,39.1%,34.8%,2.9%,0.08,-0.0,29,3,R,Nipponham Fighters,PL
Matsumoto Go,57,169,148,12,30,4,1,0,36,7,3,4,4,0,22,13,0,4,5,0.203,0.285,0.243,0.528,61,0.040,0.238,20.7%,13.0%,7.7%,0.59,-0.9,31,8,R,Nipponham Fighters,PL
Miyazaki Kazuki,5,6,6,0,1,1,0,0,2,1,0,0,0,0,4,0,0,0,0,0.167,0.167,0.333,0.500,49,0.166,0.500,66.7%,66.7%,0.0%,0.00,0.0,23,9,R,Nipponham Fighters,PL
Mizuno Tatsuki,82,281,247,28,59,8,7,4,93,33,3,0,3,2,55,19,0,10,4,0.239,0.317,0.377,0.694,108,0.138,0.289,27.8%,19.6%,6.8%,0.35,0.4,24,6,L,Nipponham Fighters,PL
Mizutani Shun,66,248,227,35,61,13,0,11,107,35,3,2,1,3,60,15,1,2,1,0.269,0.316,0.471,0.787,133,0.202,0.314,34.7%,24.2%,6.0%,0.25,-0.3,24,7,R,Nipponham Fighters,PL
Nakashima Takuya,28,28,19,4,6,0,0,0,6,1,2,0,2,0,7,7,0,0,0,0.316,0.500,0.316,0.816,149,0.000,0.500,50.0%,25.0%,25.0%,1.00,0.3,34,6,L,Nipponham Fighters,PL
Narama Taiki,78,90,79,10,18,0,0,1,21,2,2,1,3,0,29,6,0,2,0,0.228,0.299,0.266,0.565,72,0.038,0.347,40.0%,32.2%,6.7%,0.21,-0.0,25,UTL,R,Nipponham Fighters,PL
Nomura Yuki,85,319,293,24,79,18,1,8,123,33,1,1,0,1,59,23,0,2,4,0.270,0.326,0.420,0.746,122,0.150,0.313,28.2%,18.5%,7.2%,0.39,-0.3,25,3,R,Nipponham Fighters,PL
Reyes Franmil,113,453,409,51,116,14,0,28,214,80,0,0,0,1,113,43,2,0,7,0.284,0.351,0.523,0.874,158,0.239,0.327,40.6%,24.9%,9.5%,0.38,-0.3,29,DH,R,Nipponham Fighters,PL
Shintoh Yuya,10,22,18,2,1,0,0,0,1,0,0,0,2,0,6,2,0,0,1,0.056,0.150,0.056,0.206,-33,0.000,0.083,36.4%,27.3%,9.1%,0.33,-0.0,23,2,R,Nipponham Fighters,PL
Tamiya Yua,62,217,194,24,55,6,1,5,78,17,1,4,5,2,34,15,0,1,4,0.284,0.335,0.402,0.737,120,0.118,0.318,24.9%,15.7%,6.9%,0.44,-1.3,25,2,L,Nipponham Fighters,PL
Tatsu Kota,12,3,3,0,0,0,0,0,0,0,0,0,0,0,3,0,0,0,0,0.000,0.000,0.000,0.000,-95,0.000,,100.0%,100.0%,0.0%,0.00,0.0,21,1,R,Nipponham Fighters,PL
Umebayashi Yuki,2,5,5,0,0,0,0,0,0,0,0,0,0,0,3,0,0,0,0,0.000,0.000,0.000,0.000,-95,0.000,0.000,60.0%,60.0%,0.0%,0.00,0.0,27,2,R,Nipponham Fighters,PL
Wakabayashi Akihiro,5,7,7,0,1,0,0,0,1,0,0,0,0,0,1,0,0,0,0,0.143,0.143,0.143,0.286,-11,0.000,0.167,14.3%,14.3%,0.0%,0.00,-0.0,31,4,S,Nipponham Fighters,PL
Yamagata Shu,66,151,142,9,31,5,0,1,39,6,1,0,6,1,22,0,0,2,3,0.218,0.228,0.275,0.503,52,0.057,0.250,15.2%,14.6%,0.0%,0.00,0.1,23,6,R,Nipponham Fighters,PL
Yamasaki Sachiya,18,7,7,0,1,0,0,0,1,2,0,0,0,0,1,0,0,0,0,0.143,0.143,0.143,0.286,-11,0.000,0.167,14.3%,14.3%,0.0%,0.00,-0.0,32,1,L,Nipponham Fighters,PL
Yazawa Kota,70,143,131,15,32,4,2,1,43,14,8,2,1,0,36,7,0,4,1,0.244,0.303,0.328,0.631,90,0.084,0.330,30.8%,25.2%,4.9%,0.19,0.6,24,7,L,Nipponham Fighters,PL
Yoshida Kengo,47,112,106,9,23,6,1,4,43,9,0,1,0,0,20,5,0,1,5,0.217,0.259,0.406,0.665,97,0.189,0.232,25.9%,17.9%,4.5%,0.25,-0.4,24,7,R,Nipponham Fighters,PL
