Player,G,PA,AB,R,H,2B,3B,HR,TB,RBI,SB,CS,SH,SF,SO,BB,IBB,HP,GDP,AVG,OBP,SLG,OPS,OPS+,ISO,BABIP,TTO%,K%,BB%,BB/K,Team,League
Akiyama Takumi,2,4,3,0,0,0,0,0,0,0,0,0,1,0,2,0,0,0,0,0.000,0.000,0.000,0.000,-101,0.000,0.000,50.0%,50.0%,0.0%,0.00,<a href=https://npb.jp/bis/eng/teams/index_t.html>Hanshin</a>,CL
Aoyagi Koyo,18,37,32,1,4,1,0,0,5,4,0,0,5,0,12,0,0,0,0,0.125,0.125,0.156,0.281,-16,0.031,0.200,32.4%,32.4%,0.0%,0.00,<a href=https://npb.jp/bis/eng/teams/index_t.html>Hanshin</a>,CL
Baba Kosuke,19,3,3,0,0,0,0,0,0,0,0,0,0,0,2,0,0,0,0,0.000,0.000,0.000,0.000,-101,0.000,0.000,66.7%,66.7%,0.0%,0.00,<a href=https://npb.jp/bis/eng/teams/index_t.html>Hanshin</a>,CL
Beasley Jeremy,18,11,11,0,0,0,0,0,0,0,0,0,0,0,7,0,0,0,0,0.000,0.000,0.000,0.000,-101,0.000,0.000,63.6%,63.6%,0.0%,0.00,<a href=https://npb.jp/bis/eng/teams/index_t.html>Hanshin</a>,CL
Chikamoto Koji,129,585,501,83,143,24,12,8,215,54,28,3,0,5,71,67,2,12,6,0.285,0.379,0.429,0.808,144,0.144,0.316,25.0%,12.1%,11.5%,0.94,<a href=https://npb.jp/bis/eng/teams/index_t.html>Hanshin</a>,CL
Haraguchi Fumihito,54,56,52,2,10,1,0,2,17,8,0,0,0,0,18,3,0,1,2,0.192,0.250,0.327,0.577,73,0.135,0.250,41.1%,32.1%,5.4%,0.17,<a href=https://npb.jp/bis/eng/teams/index_t.html>Hanshin</a>,CL
Inoue Kouta,13,37,35,3,8,2,1,0,12,7,0,0,0,0,18,2,0,0,0,0.229,0.270,0.343,0.613,84,0.114,0.471,54.1%,48.6%,5.4%,0.11,<a href=https://npb.jp/bis/eng/teams/index_t.html>Hanshin</a>,CL
Itayama Yutaro,12,17,17,1,1,0,0,0,1,0,0,0,0,0,7,0,0,0,1,0.059,0.059,0.059,0.118,-64,0.000,0.100,41.2%,41.2%,0.0%,0.00,<a href=https://npb.jp/bis/eng/teams/index_t.html>Hanshin</a>,CL
Itoh Masashi,21,52,43,1,5,0,0,0,5,2,0,0,7,0,26,2,0,0,1,0.116,0.156,0.116,0.272,-17,0.000,0.294,53.8%,50.0%,3.8%,0.08,<a href=https://npb.jp/bis/eng/teams/index_t.html>Hanshin</a>,CL
Itohara Kento,69,83,72,1,17,1,0,0,18,5,0,0,0,0,16,9,1,2,1,0.236,0.337,0.250,0.587,79,0.014,0.304,30.1%,19.3%,10.8%,0.56,<a href=https://npb.jp/bis/eng/teams/index_t.html>Hanshin</a>,CL
Kinami Seiya,127,470,408,41,109,22,1,1,136,41,0,0,20,7,103,31,12,4,13,0.267,0.320,0.333,0.653,97,0.066,0.347,28.7%,21.9%,6.6%,0.30,<a href=https://npb.jp/bis/eng/teams/index_t.html>Hanshin</a>,CL
Kirishiki Takuma,27,6,6,0,1,0,0,0,1,0,0,0,0,0,3,0,0,0,0,0.167,0.167,0.167,0.334,1,0.000,0.333,50.0%,50.0%,0.0%,0.00,<a href=https://npb.jp/bis/eng/teams/index_t.html>Hanshin</a>,CL
Kumagai Takahiro,26,9,6,7,2,0,0,0,2,0,3,1,1,0,2,2,0,0,0,0.333,0.500,0.333,0.833,157,0.000,0.500,44.4%,22.2%,22.2%,1.00,<a href=https://npb.jp/bis/eng/teams/index_t.html>Hanshin</a>,CL
Maegawa Ukyo,33,107,94,6,24,3,2,0,31,7,0,2,0,0,25,9,0,4,1,0.255,0.346,0.330,0.676,106,0.075,0.348,31.8%,23.4%,8.4%,0.36,<a href=https://npb.jp/bis/eng/teams/index_t.html>Hanshin</a>,CL
Mieses Johan,60,143,126,11,28,3,0,5,46,16,0,0,0,2,45,14,1,1,3,0.222,0.301,0.365,0.666,101,0.143,0.295,44.8%,31.5%,9.8%,0.31,<a href=https://npb.jp/bis/eng/teams/index_t.html>Hanshin</a>,CL
Mombetsu Keito,2,2,2,0,0,0,0,0,0,0,0,0,0,0,2,0,0,0,0,0.000,0.000,0.000,0.000,-101,0.000,,100.0%,100.0%,0.0%,0.00,<a href=https://npb.jp/bis/eng/teams/index_t.html>Hanshin</a>,CL
Morishita Shota,94,377,333,42,79,14,1,10,125,41,1,0,0,4,70,29,1,11,6,0.237,0.316,0.375,0.691,108,0.138,0.268,28.9%,18.6%,7.7%,0.41,<a href=https://npb.jp/bis/eng/teams/index_t.html>Hanshin</a>,CL
Murakami Shoki,22,49,44,2,6,0,0,0,6,0,0,0,3,0,23,2,0,0,2,0.136,0.174,0.136,0.310,-5,0.000,0.286,51.0%,46.9%,4.1%,0.09,<a href=https://npb.jp/bis/eng/teams/index_t.html>Hanshin</a>,CL
Nagasaka Kenya,10,12,9,0,2,0,0,0,2,0,0,0,3,0,3,0,0,0,0,0.222,0.222,0.222,0.444,34,0.000,0.333,25.0%,25.0%,0.0%,0.00,<a href=https://npb.jp/bis/eng/teams/index_t.html>Hanshin</a>,CL
Nakano Takumu,143,660,575,80,164,17,5,2,197,40,20,12,21,5,107,57,2,2,5,0.285,0.349,0.343,0.692,110,0.058,0.344,25.2%,16.2%,8.6%,0.53,<a href=https://npb.jp/bis/eng/teams/index_t.html>Hanshin</a>,CL
Neuse Sheldon,133,516,475,42,114,13,1,9,156,56,0,0,0,3,85,36,0,2,13,0.240,0.295,0.328,0.623,88,0.088,0.273,25.2%,16.5%,7.0%,0.42,<a href=https://npb.jp/bis/eng/teams/index_t.html>Hanshin</a>,CL
Nishi Junya,17,25,22,2,5,1,0,0,6,5,0,0,2,0,9,1,0,0,0,0.227,0.261,0.273,0.534,61,0.046,0.385,40.0%,36.0%,4.0%,0.11,<a href=https://npb.jp/bis/eng/teams/index_t.html>Hanshin</a>,CL
Nishi Yuki,18,33,28,1,1,1,0,0,2,0,0,0,5,0,12,0,0,0,1,0.036,0.036,0.071,0.107,-68,0.035,0.062,36.4%,36.4%,0.0%,0.00,<a href=https://npb.jp/bis/eng/teams/index_t.html>Hanshin</a>,CL
Obata Ryuhei,47,91,78,12,22,1,1,0,25,8,3,1,5,0,23,8,4,0,0,0.282,0.349,0.321,0.670,104,0.039,0.400,34.1%,25.3%,8.8%,0.35,<a href=https://npb.jp/bis/eng/teams/index_t.html>Hanshin</a>,CL
Ohtake Koutaro,21,48,41,2,4,1,0,0,5,3,0,0,5,0,27,2,0,0,1,0.098,0.140,0.122,0.262,-20,0.024,0.286,60.4%,56.2%,4.2%,0.07,<a href=https://npb.jp/bis/eng/teams/index_t.html>Hanshin</a>,CL
Ohyama Yusuke,143,625,513,80,148,29,0,19,234,78,3,3,0,8,120,99,5,5,13,0.288,0.403,0.456,0.859,159,0.168,0.338,38.1%,19.2%,15.8%,0.82,<a href=https://npb.jp/bis/eng/teams/index_t.html>Hanshin</a>,CL
Onodera Dan,43,83,75,8,26,2,2,0,32,11,0,0,1,0,12,7,0,0,0,0.347,0.402,0.427,0.829,151,0.080,0.413,22.9%,14.5%,8.4%,0.58,<a href=https://npb.jp/bis/eng/teams/index_t.html>Hanshin</a>,CL
Oyokawa Masaki,33,1,0,0,0,0,0,0,0,0,0,0,1,0,0,0,0,0,0,0.000,0.000,0.000,0.000,-101,0.000,,0.0%,0.0%,0.0%,,<a href=https://npb.jp/bis/eng/teams/index_t.html>Hanshin</a>,CL
Saiki Hiroto,19,35,32,1,1,0,0,0,1,0,0,0,3,0,21,0,0,0,0,0.031,0.031,0.031,0.062,-81,0.000,0.091,60.0%,60.0%,0.0%,0.00,<a href=https://npb.jp/bis/eng/teams/index_t.html>Hanshin</a>,CL
Sakaeda Yuki,2,4,3,0,1,0,0,0,1,0,0,0,1,0,1,0,0,0,0,0.333,0.333,0.333,0.666,102,0.000,0.500,25.0%,25.0%,0.0%,0.00,<a href=https://npb.jp/bis/eng/teams/index_t.html>Hanshin</a>,CL
Sakamoto Seishiro,84,289,243,10,55,5,1,0,62,21,0,0,18,5,62,19,1,4,4,0.226,0.288,0.255,0.543,65,0.029,0.296,28.0%,21.5%,6.6%,0.31,<a href=https://npb.jp/bis/eng/teams/index_t.html>Hanshin</a>,CL
Sato Teruaki,132,548,486,70,128,30,6,24,242,92,7,5,0,4,139,54,5,4,4,0.263,0.339,0.498,0.837,150,0.235,0.318,39.6%,25.4%,9.9%,0.39,<a href=https://npb.jp/bis/eng/teams/index_t.html>Hanshin</a>,CL
Shimada Kairi,101,121,110,12,16,0,1,1,21,6,7,1,1,0,26,7,0,3,4,0.145,0.217,0.191,0.408,24,0.046,0.181,28.1%,21.5%,5.8%,0.27,<a href=https://npb.jp/bis/eng/teams/index_t.html>Hanshin</a>,CL
Tomida Ren,9,1,0,0,0,0,0,0,0,0,0,0,1,0,0,0,0,0,0,0.000,0.000,0.000,0.000,-101,0.000,,0.0%,0.0%,0.0%,,<a href=https://npb.jp/bis/eng/teams/index_t.html>Hanshin</a>,CL
Ueda Kai,28,3,1,9,0,0,0,0,0,0,4,0,1,0,0,1,0,0,0,0.000,0.500,0.000,0.500,63,0.000,0.000,33.3%,0.0%,33.3%,1.00,<a href=https://npb.jp/bis/eng/teams/index_t.html>Hanshin</a>,CL
Umeno Ryutaro,72,251,217,17,42,4,0,1,49,19,3,1,1,3,56,28,0,2,6,0.194,0.288,0.226,0.514,57,0.032,0.252,33.9%,22.3%,11.2%,0.50,<a href=https://npb.jp/bis/eng/teams/index_t.html>Hanshin</a>,CL
Watanabe Ryo,59,85,79,8,14,4,0,2,24,10,0,0,0,1,18,5,1,0,5,0.177,0.224,0.304,0.528,58,0.127,0.200,29.4%,21.2%,5.9%,0.28,<a href=https://npb.jp/bis/eng/teams/index_t.html>Hanshin</a>,CL
Aizawa Tsubasa,54,133,116,6,20,4,0,1,27,10,0,0,2,1,26,10,0,4,4,0.172,0.260,0.233,0.493,51,0.061,0.211,27.8%,19.5%,7.5%,0.38,<a href=https://npb.jp/bis/eng/teams/index_c.html>Hiroshima</a>,CL
Akiyama Shogo,115,483,434,48,119,20,6,4,163,38,8,3,9,1,81,35,3,4,12,0.274,0.333,0.376,0.709,115,0.102,0.329,24.8%,16.8%,7.2%,0.43,<a href=https://npb.jp/bis/eng/teams/index_c.html>Hiroshima</a>,CL
Anderson Drew,21,11,11,1,1,0,0,0,1,0,0,0,0,0,7,0,0,0,0,0.091,0.091,0.091,0.182,-46,0.000,0.250,63.6%,63.6%,0.0%,0.00,<a href=https://npb.jp/bis/eng/teams/index_c.html>Hiroshima</a>,CL
Corniel Robert,8,10,8,0,0,0,0,0,0,0,0,0,1,0,6,1,0,0,0,0.000,0.111,0.000,0.111,-65,0.000,0.000,70.0%,60.0%,10.0%,0.17,<a href=https://npb.jp/bis/eng/teams/index_c.html>Hiroshima</a>,CL
Davidson Matt,112,381,348,34,73,16,1,19,148,44,0,1,0,2,120,22,1,9,11,0.210,0.273,0.425,0.698,109,0.215,0.256,42.3%,31.5%,5.8%,0.18,<a href=https://npb.jp/bis/eng/teams/index_c.html>Hiroshima</a>,CL
Dohbayashi Shota,100,284,260,29,71,13,0,12,120,35,1,6,5,0,72,19,3,0,7,0.273,0.323,0.462,0.785,137,0.189,0.335,36.3%,25.4%,6.7%,0.26,<a href=https://npb.jp/bis/eng/teams/index_c.html>Hiroshima</a>,CL
Endoh Atsushi,8,13,12,0,0,0,0,0,0,0,0,0,1,0,7,0,0,0,0,0.000,0.000,0.000,0.000,-102,0.000,0.000,53.8%,53.8%,0.0%,0.00,<a href=https://npb.jp/bis/eng/teams/index_c.html>Hiroshima</a>,CL
Hatsuki Ryutaro,50,53,47,10,7,1,0,0,8,4,14,6,2,0,12,4,0,0,3,0.149,0.216,0.170,0.386,18,0.021,0.200,30.2%,22.6%,7.5%,0.33,<a href=https://npb.jp/bis/eng/teams/index_c.html>Hiroshima</a>,CL
Hayashi Kota,20,62,58,5,12,4,0,1,19,5,0,0,0,0,20,3,0,1,0,0.207,0.258,0.328,0.586,77,0.121,0.297,38.7%,32.3%,4.8%,0.15,<a href=https://npb.jp/bis/eng/teams/index_c.html>Hiroshima</a>,CL
Isomura Yoshitaka,25,32,29,2,6,1,0,1,10,4,0,0,1,0,10,1,0,1,2,0.207,0.258,0.345,0.603,82,0.138,0.278,37.5%,31.2%,3.1%,0.10,<a href=https://npb.jp/bis/eng/teams/index_c.html>Hiroshima</a>,CL
Kawano Kei,8,2,2,0,0,0,0,0,0,0,0,0,0,0,1,0,0,0,0,0.000,0.000,0.000,0.000,-102,0.000,0.000,50.0%,50.0%,0.0%,0.00,<a href=https://npb.jp/bis/eng/teams/index_c.html>Hiroshima</a>,CL
Kikuchi Ryosuke,120,485,442,51,114,17,0,5,146,27,7,5,8,1,68,32,1,2,6,0.258,0.310,0.330,0.640,95,0.072,0.295,21.6%,14.0%,6.6%,0.47,<a href=https://npb.jp/bis/eng/teams/index_c.html>Hiroshima</a>,CL
Kozono Kaito,80,306,290,25,83,11,7,6,126,31,8,4,4,0,38,10,1,2,7,0.286,0.315,0.434,0.749,127,0.148,0.313,17.6%,12.4%,3.3%,0.26,<a href=https://npb.jp/bis/eng/teams/index_c.html>Hiroshima</a>,CL
Kuri Aren,26,54,45,1,2,0,0,0,2,0,0,0,9,0,25,0,0,0,0,0.044,0.044,0.044,0.088,-74,0.000,0.100,46.3%,46.3%,0.0%,0.00,<a href=https://npb.jp/bis/eng/teams/index_c.html>Hiroshima</a>,CL
Kurohara Takumi,5,3,3,0,0,0,0,0,0,0,0,0,0,0,3,0,0,0,0,0.000,0.000,0.000,0.000,-102,0.000,,100.0%,100.0%,0.0%,0.00,<a href=https://npb.jp/bis/eng/teams/index_c.html>Hiroshima</a>,CL
Matsuyama Ryuhei,79,156,143,5,36,9,0,0,45,27,0,0,0,2,27,10,0,1,4,0.252,0.301,0.315,0.616,88,0.063,0.305,23.7%,17.3%,6.4%,0.37,<a href=https://npb.jp/bis/eng/teams/index_c.html>Hiroshima</a>,CL
McBroom Ryan,70,259,226,21,50,12,0,6,80,31,1,0,0,4,56,28,1,1,9,0.221,0.305,0.354,0.659,100,0.133,0.262,34.7%,21.6%,10.8%,0.50,<a href=https://npb.jp/bis/eng/teams/index_c.html>Hiroshima</a>,CL
Mori Shohei,12,15,10,1,2,0,0,0,2,1,0,0,3,0,2,2,0,0,0,0.200,0.333,0.200,0.533,65,0.000,0.250,26.7%,13.3%,13.3%,1.00,<a href=https://npb.jp/bis/eng/teams/index_c.html>Hiroshima</a>,CL
Morishita Masato,20,41,35,3,6,2,0,1,11,4,0,0,5,0,12,1,0,0,0,0.171,0.194,0.314,0.508,52,0.143,0.227,34.1%,29.3%,2.4%,0.08,<a href=https://npb.jp/bis/eng/teams/index_c.html>Hiroshima</a>,CL
Nakamura Shosei,18,20,20,2,3,0,0,0,3,0,0,1,0,0,7,0,0,0,0,0.150,0.150,0.150,0.300,-9,0.000,0.231,35.0%,35.0%,0.0%,0.00,<a href=https://npb.jp/bis/eng/teams/index_c.html>Hiroshima</a>,CL
Nakamura Takahiro,15,37,34,3,6,1,0,0,7,3,1,0,0,1,10,1,0,1,2,0.176,0.216,0.206,0.422,29,0.030,0.240,29.7%,27.0%,2.7%,0.10,<a href=https://npb.jp/bis/eng/teams/index_c.html>Hiroshima</a>,CL
Nirasawa Yuya,45,55,50,5,7,2,0,0,9,3,0,0,0,0,13,5,1,0,3,0.140,0.218,0.180,0.398,21,0.040,0.189,32.7%,23.6%,9.1%,0.38,<a href=https://npb.jp/bis/eng/teams/index_c.html>Hiroshima</a>,CL
Nishikawa Ryoma,109,443,416,48,127,20,1,9,176,56,7,6,1,4,52,21,4,1,10,0.305,0.337,0.423,0.760,131,0.118,0.329,18.5%,11.7%,4.7%,0.40,<a href=https://npb.jp/bis/eng/teams/index_c.html>Hiroshima</a>,CL
Noma Takayoshi,108,418,371,37,106,11,1,0,119,26,5,6,8,1,51,33,0,5,10,0.286,0.351,0.321,0.672,106,0.035,0.330,20.1%,12.2%,7.9%,0.65,<a href=https://npb.jp/bis/eng/teams/index_c.html>Hiroshima</a>,CL
Nomura Yusuke,6,10,8,0,1,0,0,0,1,0,0,0,1,0,3,1,0,0,0,0.125,0.222,0.125,0.347,7,0.000,0.200,40.0%,30.0%,10.0%,0.33,<a href=https://npb.jp/bis/eng/teams/index_c.html>Hiroshima</a>,CL
Ohmori Minoru,59,71,66,10,10,2,0,1,15,5,4,3,1,0,22,2,0,2,1,0.152,0.200,0.227,0.427,29,0.075,0.209,35.2%,31.0%,2.8%,0.09,<a href=https://npb.jp/bis/eng/teams/index_c.html>Hiroshima</a>,CL
Ohsera Daichi,23,33,30,0,0,0,0,0,0,0,1,0,2,0,15,1,0,0,0,0.000,0.032,0.000,0.032,-92,0.000,0.000,48.5%,45.5%,3.0%,0.07,<a href=https://npb.jp/bis/eng/teams/index_c.html>Hiroshima</a>,CL
Sakakura Shogo,120,448,395,48,105,19,1,12,162,44,3,0,1,2,67,47,6,3,9,0.266,0.347,0.410,0.757,130,0.144,0.292,28.1%,15.0%,10.5%,0.70,<a href=https://npb.jp/bis/eng/teams/index_c.html>Hiroshima</a>,CL
Sone Kaisei,39,15,14,6,2,1,0,0,3,0,1,1,0,0,3,1,0,0,0,0.143,0.200,0.214,0.414,26,0.071,0.182,26.7%,20.0%,6.7%,0.33,<a href=https://npb.jp/bis/eng/teams/index_c.html>Hiroshima</a>,CL
Suekane Shota,65,146,139,16,38,6,0,11,77,27,0,0,0,0,40,6,1,1,5,0.273,0.308,0.554,0.862,158,0.281,0.307,39.0%,27.4%,4.1%,0.15,<a href=https://npb.jp/bis/eng/teams/index_c.html>Hiroshima</a>,CL
Tamamura Shogo,9,15,14,0,2,0,0,0,2,2,0,0,1,0,9,0,0,0,0,0.143,0.143,0.143,0.286,-14,0.000,0.400,60.0%,60.0%,0.0%,0.00,<a href=https://npb.jp/bis/eng/teams/index_c.html>Hiroshima</a>,CL
Tamura Shunsuke,10,22,22,3,8,2,0,0,10,0,0,0,0,0,6,0,0,0,1,0.364,0.364,0.455,0.819,148,0.091,0.500,27.3%,27.3%,0.0%,0.00,<a href=https://npb.jp/bis/eng/teams/index_c.html>Hiroshima</a>,CL
Tanaka Kosuke,111,253,224,28,51,10,0,6,79,28,2,6,3,0,48,25,2,1,6,0.228,0.308,0.353,0.661,101,0.125,0.265,31.2%,19.0%,9.9%,0.52,<a href=https://npb.jp/bis/eng/teams/index_c.html>Hiroshima</a>,CL
Tokoda Hiroki,24,50,40,3,11,4,0,0,15,1,0,0,8,0,12,2,0,0,0,0.275,0.310,0.375,0.685,108,0.100,0.393,28.0%,24.0%,4.0%,0.17,<a href=https://npb.jp/bis/eng/teams/index_c.html>Hiroshima</a>,CL
Uemoto Takashi,84,276,247,20,64,7,1,1,76,17,8,2,8,0,46,12,0,9,1,0.259,0.317,0.308,0.625,91,0.049,0.315,21.4%,16.7%,4.3%,0.26,<a href=https://npb.jp/bis/eng/teams/index_c.html>Hiroshima</a>,CL
Yano Masaya,93,146,119,22,22,2,0,0,24,3,7,0,12,1,35,14,1,0,2,0.185,0.269,0.202,0.471,45,0.017,0.259,33.6%,24.0%,9.6%,0.40,<a href=https://npb.jp/bis/eng/teams/index_c.html>Hiroshima</a>,CL
Amburgey Trey,4,8,8,0,1,0,0,0,1,0,0,0,0,0,3,0,0,0,0,0.125,0.125,0.125,0.250,-24,0.000,0.200,37.5%,37.5%,0.0%,0.00,<a href=https://npb.jp/bis/eng/teams/index_db.html>DeNA</a>,CL
Austin Tyler,22,54,47,5,13,6,0,0,19,6,0,0,0,1,13,6,0,0,0,0.277,0.352,0.404,0.756,125,0.127,0.371,35.2%,24.1%,11.1%,0.46,<a href=https://npb.jp/bis/eng/teams/index_db.html>DeNA</a>,CL
Azuma Katsuki,24,56,47,1,6,1,0,0,7,5,0,0,7,0,17,2,0,0,2,0.128,0.163,0.149,0.312,-5,0.021,0.200,33.9%,30.4%,3.6%,0.12,<a href=https://npb.jp/bis/eng/teams/index_db.html>DeNA</a>,CL
Bauer Trevor,19,45,39,2,1,0,0,0,1,0,0,0,5,0,18,1,0,0,1,0.026,0.050,0.026,0.076,-75,0.000,0.048,42.2%,40.0%,2.2%,0.06,<a href=https://npb.jp/bis/eng/teams/index_db.html>DeNA</a>,CL
Chino Naoto,39,39,30,9,5,1,0,2,12,5,2,1,1,0,9,7,1,1,0,0.167,0.342,0.400,0.742,121,0.233,0.158,46.2%,23.1%,17.9%,0.78,<a href=https://npb.jp/bis/eng/teams/index_db.html>DeNA</a>,CL
Ebina Tatsuo,42,51,43,6,6,1,0,0,7,0,1,0,3,0,12,1,0,4,0,0.140,0.229,0.163,0.392,20,0.023,0.194,25.5%,23.5%,2.0%,0.08,<a href=https://npb.jp/bis/eng/teams/index_db.html>DeNA</a>,CL
Fujita Kazuya,23,24,21,0,6,1,0,0,7,0,0,0,1,0,5,2,0,0,0,0.286,0.348,0.333,0.681,104,0.047,0.375,29.2%,20.8%,8.3%,0.40,<a href=https://npb.jp/bis/eng/teams/index_db.html>DeNA</a>,CL
Gsellman Robert,13,19,13,2,2,2,0,0,4,1,0,0,2,0,3,4,0,0,0,0.154,0.353,0.308,0.661,100,0.154,0.200,36.8%,15.8%,21.1%,1.33,<a href=https://npb.jp/bis/eng/teams/index_db.html>DeNA</a>,CL
Hamaguchi Haruhiro,14,21,18,3,5,1,0,0,6,0,0,0,3,0,3,0,0,0,0,0.278,0.278,0.333,0.611,82,0.055,0.333,14.3%,14.3%,0.0%,0.00,<a href=https://npb.jp/bis/eng/teams/index_db.html>DeNA</a>,CL
Hayashi Takuma,65,154,141,12,29,5,0,0,34,11,7,3,5,2,29,6,0,0,2,0.206,0.235,0.241,0.476,43,0.035,0.254,22.7%,18.8%,3.9%,0.21,<a href=https://npb.jp/bis/eng/teams/index_db.html>DeNA</a>,CL
Imanaga Shota,22,45,38,2,10,2,1,0,14,3,0,0,7,0,10,0,0,0,0,0.263,0.263,0.368,0.631,87,0.105,0.357,22.2%,22.2%,0.0%,0.00,<a href=https://npb.jp/bis/eng/teams/index_db.html>DeNA</a>,CL
Ishida Kenta,23,34,26,0,2,0,0,0,2,2,0,0,6,0,8,1,0,1,0,0.077,0.143,0.077,0.220,-32,0.000,0.111,26.5%,23.5%,2.9%,0.12,<a href=https://npb.jp/bis/eng/teams/index_db.html>DeNA</a>,CL
Ishikawa Tatsuya,28,1,1,0,0,0,0,0,0,0,0,0,0,0,1,0,0,0,0,0.000,0.000,0.000,0.000,-99,0.000,,100.0%,100.0%,0.0%,0.00,<a href=https://npb.jp/bis/eng/teams/index_db.html>DeNA</a>,CL
Itoh Hikaru,61,176,160,11,36,8,0,1,47,8,0,0,4,1,41,9,1,2,2,0.225,0.273,0.294,0.567,70,0.069,0.294,29.0%,23.3%,5.1%,0.22,<a href=https://npb.jp/bis/eng/teams/index_db.html>DeNA</a>,CL
Kajiwara Kouki,21,54,53,1,12,2,1,0,16,2,1,1,0,0,18,1,0,0,1,0.226,0.241,0.302,0.543,62,0.076,0.343,35.2%,33.3%,1.9%,0.06,<a href=https://npb.jp/bis/eng/teams/index_db.html>DeNA</a>,CL
Kamichatani Taiga,46,6,5,0,0,0,0,0,0,0,0,0,1,0,3,0,0,0,0,0.000,0.000,0.000,0.000,-99,0.000,0.000,50.0%,50.0%,0.0%,0.00,<a href=https://npb.jp/bis/eng/teams/index_db.html>DeNA</a>,CL
Kamizato Kazuki,64,53,49,11,8,1,1,0,11,3,0,1,0,0,16,3,0,1,0,0.163,0.226,0.224,0.450,35,0.061,0.242,35.8%,30.2%,5.7%,0.19,<a href=https://npb.jp/bis/eng/teams/index_db.html>DeNA</a>,CL
Kasahara Shotaro,2,2,2,0,0,0,0,0,0,0,0,0,0,0,1,0,0,0,0,0.000,0.000,0.000,0.000,-99,0.000,0.000,50.0%,50.0%,0.0%,0.00,<a href=https://npb.jp/bis/eng/teams/index_db.html>DeNA</a>,CL
Kusumoto Taishi,94,176,157,14,30,9,0,2,45,21,0,0,2,3,35,11,0,3,2,0.191,0.253,0.287,0.540,61,0.096,0.228,27.3%,19.9%,6.2%,0.31,<a href=https://npb.jp/bis/eng/teams/index_db.html>DeNA</a>,CL
Kuwahara Masayuki,132,479,429,48,108,23,4,7,160,35,3,8,11,6,54,23,0,10,11,0.252,0.301,0.373,0.674,100,0.121,0.270,17.5%,11.3%,4.8%,0.43,<a href=https://npb.jp/bis/eng/teams/index_db.html>DeNA</a>,CL
Kyoda Yota,93,287,251,31,57,4,0,1,64,9,3,2,9,0,33,25,1,2,6,0.227,0.302,0.255,0.557,68,0.028,0.258,20.6%,11.5%,8.7%,0.76,<a href=https://npb.jp/bis/eng/teams/index_db.html>DeNA</a>,CL
Maeda Yamato,88,230,213,12,50,4,0,0,54,18,1,0,3,0,23,14,1,0,7,0.235,0.282,0.254,0.536,62,0.019,0.263,16.1%,10.0%,6.1%,0.61,<a href=https://npb.jp/bis/eng/teams/index_db.html>DeNA</a>,CL
Maki Shugo,143,605,559,78,164,39,3,29,296,103,2,2,0,6,85,33,3,7,17,0.293,0.337,0.530,0.867,156,0.237,0.299,24.3%,14.0%,5.5%,0.39,<a href=https://npb.jp/bis/eng/teams/index_db.html>DeNA</a>,CL
Miyagi Daita,11,1,1,0,0,0,0,0,0,0,0,0,0,0,1,0,0,0,0,0.000,0.000,0.000,0.000,-99,0.000,,100.0%,100.0%,0.0%,0.00,<a href=https://npb.jp/bis/eng/teams/index_db.html>DeNA</a>,CL
Miyaguni Ryosuke,2,1,1,0,0,0,0,0,0,0,0,0,0,0,1,0,0,0,0,0.000,0.000,0.000,0.000,-99,0.000,,100.0%,100.0%,0.0%,0.00,<a href=https://npb.jp/bis/eng/teams/index_db.html>DeNA</a>,CL
Miyazaki Toshiro,124,461,408,47,133,27,0,20,220,71,1,0,0,4,43,41,6,8,14,0.326,0.395,0.539,0.934,176,0.213,0.324,22.6%,9.3%,8.9%,0.95,<a href=https://npb.jp/bis/eng/teams/index_db.html>DeNA</a>,CL
Mori Keito,9,14,12,0,2,0,0,0,2,1,1,0,1,0,1,1,0,0,0,0.167,0.231,0.167,0.398,22,0.000,0.182,14.3%,7.1%,7.1%,1.00,<a href=https://npb.jp/bis/eng/teams/index_db.html>DeNA</a>,CL
Nishimaki Kenji,7,4,3,1,0,0,0,0,0,0,0,0,1,0,2,0,0,0,0,0.000,0.000,0.000,0.000,-99,0.000,0.000,50.0%,50.0%,0.0%,0.00,<a href=https://npb.jp/bis/eng/teams/index_db.html>DeNA</a>,CL
Nishiura Naomichi,13,9,9,2,1,0,0,0,1,1,0,0,0,0,4,0,0,0,0,0.111,0.111,0.111,0.222,-33,0.000,0.200,44.4%,44.4%,0.0%,0.00,<a href=https://npb.jp/bis/eng/teams/index_db.html>DeNA</a>,CL
Ohnuki Shinichi,13,25,22,0,3,0,0,0,3,0,0,0,2,0,8,1,0,0,1,0.136,0.174,0.136,0.310,-5,0.000,0.214,36.0%,32.0%,4.0%,0.12,<a href=https://npb.jp/bis/eng/teams/index_db.html>DeNA</a>,CL
Ohta Taishi,75,186,175,18,38,12,0,4,62,15,0,0,0,0,49,9,0,2,2,0.217,0.263,0.354,0.617,83,0.137,0.279,33.3%,26.3%,4.8%,0.18,<a href=https://npb.jp/bis/eng/teams/index_db.html>DeNA</a>,CL
Sakamoto Yuya,13,2,2,0,0,0,0,0,0,0,0,0,0,0,0,0,0,0,1,0.000,0.000,0.000,0.000,-99,0.000,0.000,0.0%,0.0%,0.0%,,<a href=https://npb.jp/bis/eng/teams/index_db.html>DeNA</a>,CL
Sano Keita,141,613,560,67,148,26,2,13,217,65,0,2,0,3,77,46,4,4,9,0.264,0.323,0.388,0.711,111,0.124,0.285,22.2%,12.6%,7.5%,0.60,<a href=https://npb.jp/bis/eng/teams/index_db.html>DeNA</a>,CL
Sekine Taiki,140,532,482,69,126,17,3,4,161,31,11,3,16,1,53,29,1,4,5,0.261,0.308,0.334,0.642,92,0.073,0.286,16.2%,10.0%,5.5%,0.55,<a href=https://npb.jp/bis/eng/teams/index_db.html>DeNA</a>,CL
Shibata Tatsuhiro,86,66,49,7,7,1,1,0,10,2,0,1,6,0,9,9,0,2,0,0.143,0.300,0.204,0.504,54,0.061,0.175,27.3%,13.6%,13.6%,1.00,<a href=https://npb.jp/bis/eng/teams/index_db.html>DeNA</a>,CL
Soto Neftali,109,399,354,31,83,22,0,14,147,50,0,2,0,2,99,39,2,4,11,0.234,0.316,0.415,0.731,117,0.181,0.284,38.1%,24.8%,9.8%,0.39,<a href=https://npb.jp/bis/eng/teams/index_db.html>DeNA</a>,CL
Taira Kentaro,11,18,17,1,2,0,0,0,2,0,0,0,1,0,3,0,0,0,0,0.118,0.118,0.118,0.236,-29,0.000,0.143,16.7%,16.7%,0.0%,0.00,<a href=https://npb.jp/bis/eng/teams/index_db.html>DeNA</a>,CL
Tobashira Yasutaka,70,181,165,11,40,8,1,5,65,19,0,0,2,1,30,13,1,0,6,0.242,0.296,0.394,0.690,104,0.152,0.267,26.5%,16.6%,7.2%,0.43,<a href=https://npb.jp/bis/eng/teams/index_db.html>DeNA</a>,CL
Yamamoto Yuudai,71,200,173,18,48,7,1,3,66,16,0,0,7,1,26,18,1,1,3,0.277,0.347,0.382,0.729,117,0.105,0.310,23.5%,13.0%,9.0%,0.69,<a href=https://npb.jp/bis/eng/teams/index_db.html>DeNA</a>,CL
Akahoshi Yuji,12,22,17,0,2,1,0,0,3,0,0,0,3,0,10,2,0,0,0,0.118,0.211,0.176,0.387,18,0.058,0.286,54.5%,45.5%,9.1%,0.20,<a href=https://npb.jp/bis/eng/teams/index_g.html>Yomiuri</a>,CL
Akihiro Yuto,121,439,406,36,111,18,2,10,163,41,0,1,2,3,79,26,2,2,9,0.273,0.318,0.401,0.719,114,0.128,0.316,26.2%,18.0%,5.9%,0.33,<a href=https://npb.jp/bis/eng/teams/index_g.html>Yomiuri</a>,CL
Asano Shogo,24,41,40,2,10,1,0,1,14,2,0,2,0,0,14,1,0,0,0,0.250,0.268,0.350,0.618,84,0.100,0.360,39.0%,34.1%,2.4%,0.07,<a href=https://npb.jp/bis/eng/teams/index_g.html>Yomiuri</a>,CL
Beede Tyler,30,8,7,0,1,0,0,0,1,2,0,0,1,0,5,0,0,0,0,0.143,0.143,0.143,0.286,-14,0.000,0.500,62.5%,62.5%,0.0%,0.00,<a href=https://npb.jp/bis/eng/teams/index_g.html>Yomiuri</a>,CL
Brinson Lewis,88,294,282,25,70,16,0,11,119,35,1,2,0,2,71,9,3,1,4,0.248,0.272,0.422,0.694,105,0.174,0.292,31.0%,24.1%,3.1%,0.13,<a href=https://npb.jp/bis/eng/teams/index_g.html>Yomiuri</a>,CL
Chono Hisayoshi,75,176,158,15,41,7,1,6,68,19,1,1,0,1,40,17,4,0,2,0.259,0.330,0.430,0.760,126,0.171,0.310,35.8%,22.7%,9.7%,0.42,<a href=https://npb.jp/bis/eng/teams/index_g.html>Yomiuri</a>,CL
Griffin Foster,20,41,39,1,4,1,1,0,7,1,0,0,1,1,25,0,0,0,0,0.103,0.100,0.179,0.279,-18,0.076,0.267,61.0%,61.0%,0.0%,0.00,<a href=https://npb.jp/bis/eng/teams/index_g.html>Yomiuri</a>,CL
Hagio Masaya,11,16,16,0,1,0,0,0,1,0,0,0,0,0,10,0,0,0,0,0.063,0.063,0.063,0.126,-61,0.000,0.167,62.5%,62.5%,0.0%,0.00,<a href=https://npb.jp/bis/eng/teams/index_g.html>Yomiuri</a>,CL
Heinai Ryuta,11,1,1,0,0,0,0,0,0,0,0,0,0,0,0,0,0,0,0,0.000,0.000,0.000,0.000,-99,0.000,0.000,0.0%,0.0%,0.0%,,<a href=https://npb.jp/bis/eng/teams/index_g.html>Yomiuri</a>,CL
Hirooka Taishi,9,30,28,5,6,0,0,1,9,2,1,0,0,1,8,0,0,1,0,0.214,0.233,0.321,0.554,64,0.107,0.250,30.0%,26.7%,0.0%,0.00,<a href=https://npb.jp/bis/eng/teams/index_g.html>Yomiuri</a>,CL
Inoue Haruto,4,5,4,1,1,0,0,0,1,0,0,0,1,0,3,0,0,0,0,0.250,0.250,0.250,0.500,50,0.000,1.000,60.0%,60.0%,0.0%,0.00,<a href=https://npb.jp/bis/eng/teams/index_g.html>Yomiuri</a>,CL
Kadowaki Makoto,126,348,316,34,83,12,1,3,106,21,11,5,14,0,58,18,3,0,4,0.263,0.302,0.335,0.637,91,0.072,0.314,22.7%,16.7%,5.2%,0.31,<a href=https://npb.jp/bis/eng/teams/index_g.html>Yomiuri</a>,CL
Kajitani Takayuki,102,291,265,26,73,8,0,2,87,19,2,2,6,0,45,17,0,3,2,0.275,0.326,0.328,0.654,97,0.053,0.326,22.0%,15.5%,5.8%,0.38,<a href=https://npb.jp/bis/eng/teams/index_g.html>Yomiuri</a>,CL
Kikuta Hirokazu,6,6,5,1,0,0,0,0,0,0,0,0,0,0,0,1,0,0,0,0.000,0.167,0.000,0.167,-46,0.000,0.000,16.7%,0.0%,16.7%,1.00,<a href=https://npb.jp/bis/eng/teams/index_g.html>Yomiuri</a>,CL
Kishida Yukinori,46,72,68,5,17,2,0,2,25,3,0,0,1,0,12,2,0,1,4,0.250,0.282,0.368,0.650,93,0.118,0.278,22.2%,16.7%,2.8%,0.17,<a href=https://npb.jp/bis/eng/teams/index_g.html>Yomiuri</a>,CL
Kitamura Takumi,27,38,34,2,7,1,0,0,8,0,0,0,1,0,7,2,1,1,3,0.206,0.270,0.235,0.505,52,0.029,0.259,23.7%,18.4%,5.3%,0.29,<a href=https://npb.jp/bis/eng/teams/index_g.html>Yomiuri</a>,CL
Kobayashi Seiji,21,9,8,0,1,0,0,0,1,0,0,0,1,0,0,0,0,0,0,0.125,0.125,0.125,0.250,-24,0.000,0.125,0.0%,0.0%,0.0%,,<a href=https://npb.jp/bis/eng/teams/index_g.html>Yomiuri</a>,CL
Maru Yoshihiro,121,431,385,43,94,11,0,18,159,47,4,2,1,3,62,42,3,0,5,0.244,0.316,0.413,0.729,117,0.169,0.247,28.3%,14.4%,9.7%,0.68,<a href=https://npb.jp/bis/eng/teams/index_g.html>Yomiuri</a>,CL
Masuda Daiki,33,13,10,4,3,1,0,0,4,1,4,2,2,0,3,1,0,0,0,0.300,0.364,0.400,0.764,129,0.100,0.429,30.8%,23.1%,7.7%,0.33,<a href=https://npb.jp/bis/eng/teams/index_g.html>Yomiuri</a>,CL
Matsubara Seiya,21,13,12,3,0,0,0,0,0,0,0,0,0,0,4,1,0,0,0,0.000,0.077,0.000,0.077,-74,0.000,0.000,38.5%,30.8%,7.7%,0.25,<a href=https://npb.jp/bis/eng/teams/index_g.html>Yomiuri</a>,CL
Matsuda Nobuhiro,12,17,16,0,1,0,0,0,1,0,0,0,1,0,5,0,0,0,0,0.063,0.063,0.063,0.126,-61,0.000,0.091,29.4%,29.4%,0.0%,0.00,<a href=https://npb.jp/bis/eng/teams/index_g.html>Yomiuri</a>,CL
Matsui Hayate,8,3,2,0,1,0,0,0,1,0,0,0,1,0,0,0,0,0,0,0.500,0.500,0.500,1.000,200,0.000,0.500,0.0%,0.0%,0.0%,,<a href=https://npb.jp/bis/eng/teams/index_g.html>Yomiuri</a>,CL
Mendez Yohander,16,30,28,1,2,0,0,0,2,0,0,0,1,0,12,0,0,1,2,0.071,0.103,0.071,0.174,-47,0.000,0.125,40.0%,40.0%,0.0%,0.00,<a href=https://npb.jp/bis/eng/teams/index_g.html>Yomiuri</a>,CL
Nakajima Hiroyuki,8,19,18,1,5,0,0,0,5,0,0,0,0,0,5,1,0,0,1,0.278,0.316,0.278,0.594,79,0.000,0.385,31.6%,26.3%,5.3%,0.20,<a href=https://npb.jp/bis/eng/teams/index_g.html>Yomiuri</a>,CL
Nakata Sho,92,288,263,27,67,8,1,15,122,37,0,0,0,4,63,19,3,2,10,0.255,0.306,0.464,0.770,128,0.209,0.275,33.7%,21.9%,6.6%,0.30,<a href=https://npb.jp/bis/eng/teams/index_g.html>Yomiuri</a>,CL
Nakayama Raito,78,147,138,9,33,5,1,0,40,3,5,1,2,0,30,7,0,0,5,0.239,0.276,0.290,0.566,70,0.051,0.306,25.2%,20.4%,4.8%,0.23,<a href=https://npb.jp/bis/eng/teams/index_g.html>Yomiuri</a>,CL
Ohshiro Takumi,134,490,424,50,119,20,1,16,189,55,0,0,21,4,109,36,3,5,12,0.281,0.341,0.446,0.787,134,0.165,0.340,32.9%,22.2%,7.3%,0.33,<a href=https://npb.jp/bis/eng/teams/index_g.html>Yomiuri</a>,CL
Okada Yuki,26,52,48,4,8,1,0,1,12,2,0,0,1,0,14,3,0,0,1,0.167,0.216,0.250,0.466,40,0.083,0.212,34.6%,26.9%,5.8%,0.21,<a href=https://npb.jp/bis/eng/teams/index_g.html>Yomiuri</a>,CL
Okamoto Kazuma,140,589,503,83,140,31,0,41,294,93,0,1,0,6,111,72,10,8,10,0.278,0.374,0.584,0.958,183,0.306,0.277,38.0%,18.8%,12.2%,0.65,<a href=https://npb.jp/bis/eng/teams/index_g.html>Yomiuri</a>,CL
Okoye Louis,41,127,119,11,28,7,0,2,41,6,1,1,1,0,35,5,0,2,1,0.235,0.278,0.345,0.623,86,0.110,0.317,33.1%,27.6%,3.9%,0.14,<a href=https://npb.jp/bis/eng/teams/index_g.html>Yomiuri</a>,CL
Sakamoto Hayato,116,455,403,46,116,29,0,22,211,60,2,0,3,2,84,45,3,2,5,0.288,0.361,0.524,0.885,162,0.236,0.314,33.2%,18.5%,9.9%,0.54,<a href=https://npb.jp/bis/eng/teams/index_g.html>Yomiuri</a>,CL
Shigenobu Shinnosuke,67,57,51,16,8,0,0,0,8,1,10,4,1,0,16,5,0,0,1,0.157,0.232,0.157,0.389,19,0.000,0.229,36.8%,28.1%,8.8%,0.31,<a href=https://npb.jp/bis/eng/teams/index_g.html>Yomiuri</a>,CL
Shiroki Yamato,13,2,2,1,1,0,0,0,1,0,0,0,0,0,1,0,0,0,0,0.500,0.500,0.500,1.000,200,0.000,1.000,50.0%,50.0%,0.0%,0.00,<a href=https://npb.jp/bis/eng/teams/index_g.html>Yomiuri</a>,CL
Sugano Tomoyuki,14,25,21,0,5,1,0,0,6,1,0,0,3,0,5,1,0,0,0,0.238,0.273,0.286,0.559,68,0.048,0.312,24.0%,20.0%,4.0%,0.20,<a href=https://npb.jp/bis/eng/teams/index_g.html>Yomiuri</a>,CL
Takanashi Yuhei,55,1,1,0,0,0,0,0,0,0,0,0,0,0,1,0,0,0,0,0.000,0.000,0.000,0.000,-99,0.000,,100.0%,100.0%,0.0%,0.00,<a href=https://npb.jp/bis/eng/teams/index_g.html>Yomiuri</a>,CL
Tanaka Chiharu,31,2,2,0,0,0,0,0,0,0,0,0,0,0,1,0,0,0,0,0.000,0.000,0.000,0.000,-99,0.000,0.000,50.0%,50.0%,0.0%,0.00,<a href=https://npb.jp/bis/eng/teams/index_g.html>Yomiuri</a>,CL
Togo Shosei,24,55,46,1,5,0,0,0,5,3,0,0,6,1,24,2,0,0,0,0.109,0.143,0.109,0.252,-23,0.000,0.217,47.3%,43.6%,3.6%,0.08,<a href=https://npb.jp/bis/eng/teams/index_g.html>Yomiuri</a>,CL
Wakabayashi Akihiro,21,18,16,3,2,0,0,0,2,0,1,0,0,0,5,2,1,0,0,0.125,0.222,0.125,0.347,7,0.000,0.182,38.9%,27.8%,11.1%,0.40,<a href=https://npb.jp/bis/eng/teams/index_g.html>Yomiuri</a>,CL
Walker Adam,57,120,118,15,31,4,2,6,57,20,1,1,0,0,39,2,0,0,1,0.263,0.275,0.483,0.758,123,0.220,0.342,39.2%,32.5%,1.7%,0.05,<a href=https://npb.jp/bis/eng/teams/index_g.html>Yomiuri</a>,CL
Yamasaki Iori,23,47,44,3,6,0,0,0,6,0,0,0,3,0,15,0,0,0,0,0.136,0.136,0.136,0.272,-18,0.000,0.207,31.9%,31.9%,0.0%,0.00,<a href=https://npb.jp/bis/eng/teams/index_g.html>Yomiuri</a>,CL
Yamase Shinnosuke,5,7,7,1,1,0,0,0,1,0,0,0,0,0,3,0,0,0,0,0.143,0.143,0.143,0.286,-14,0.000,0.250,42.9%,42.9%,0.0%,0.00,<a href=https://npb.jp/bis/eng/teams/index_g.html>Yomiuri</a>,CL
Yokogawa Kai,20,29,25,1,4,0,0,0,4,1,0,0,4,0,11,0,0,0,0,0.160,0.160,0.160,0.320,-3,0.000,0.286,37.9%,37.9%,0.0%,0.00,<a href=https://npb.jp/bis/eng/teams/index_g.html>Yomiuri</a>,CL
Yoshikawa Naoki,132,478,430,47,110,19,4,7,158,36,4,4,11,3,66,26,2,8,12,0.256,0.308,0.367,0.675,102,0.111,0.286,20.7%,13.8%,5.4%,0.39,<a href=https://npb.jp/bis/eng/teams/index_g.html>Yomiuri</a>,CL
Akahane Yoshihiro,29,27,23,5,4,0,0,1,7,3,0,0,1,1,12,1,0,1,0,0.174,0.231,0.304,0.535,56,0.130,0.273,51.9%,44.4%,3.7%,0.08,<a href=https://npb.jp/bis/eng/teams/index_s.html>Yakult</a>,CL
Aoki Norichika,96,264,217,25,55,8,0,3,72,19,2,0,0,4,28,39,0,4,11,0.253,0.371,0.332,0.703,106,0.079,0.274,26.5%,10.6%,14.8%,1.39,<a href=https://npb.jp/bis/eng/teams/index_s.html>Yakult</a>,CL
Araki Takahiro,1,2,2,0,0,0,0,0,0,0,0,0,0,0,1,0,0,0,0,0.000,0.000,0.000,0.000,-94,0.000,0.000,50.0%,50.0%,0.0%,0.00,<a href=https://npb.jp/bis/eng/teams/index_s.html>Yakult</a>,CL
Hamada Taiki,103,276,252,30,59,17,0,5,91,22,4,1,4,0,60,19,0,1,6,0.234,0.290,0.361,0.651,89,0.127,0.289,30.4%,21.7%,6.9%,0.32,<a href=https://npb.jp/bis/eng/teams/index_s.html>Yakult</a>,CL
Ichikawa Yuta,4,2,1,0,0,0,0,0,0,0,0,0,1,0,0,0,0,0,0,0.000,0.000,0.000,0.000,-94,0.000,0.000,0.0%,0.0%,0.0%,,<a href=https://npb.jp/bis/eng/teams/index_s.html>Yakult</a>,CL
Ishikawa Masanori,13,16,12,0,3,0,0,0,3,0,0,0,4,0,3,0,0,0,0,0.250,0.250,0.250,0.500,48,0.000,0.333,18.8%,18.8%,0.0%,0.00,<a href=https://npb.jp/bis/eng/teams/index_s.html>Yakult</a>,CL
Kanakubo Yuto,1,2,2,1,1,0,0,0,1,1,0,0,0,0,1,0,0,0,0,0.500,0.500,0.500,1.000,190,0.000,1.000,50.0%,50.0%,0.0%,0.00,<a href=https://npb.jp/bis/eng/teams/index_s.html>Yakult</a>,CL
Kawabata Shingo,80,105,94,4,30,3,0,2,39,16,0,0,1,0,10,9,5,1,4,0.319,0.385,0.415,0.800,132,0.096,0.341,20.0%,9.5%,8.6%,0.90,<a href=https://npb.jp/bis/eng/teams/index_s.html>Yakult</a>,CL
Kitamura Keigo,12,23,21,4,4,0,0,1,7,7,0,0,0,2,5,0,0,0,1,0.190,0.174,0.333,0.507,47,0.143,0.176,26.1%,21.7%,0.0%,0.00,<a href=https://npb.jp/bis/eng/teams/index_s.html>Yakult</a>,CL
Kizawa Naofumi,56,1,1,0,0,0,0,0,0,0,0,0,0,0,1,0,0,0,0,0.000,0.000,0.000,0.000,-94,0.000,,100.0%,100.0%,0.0%,0.00,<a href=https://npb.jp/bis/eng/teams/index_s.html>Yakult</a>,CL
Koga Yudai,38,80,68,10,20,1,0,1,24,2,0,0,3,0,6,8,1,1,2,0.294,0.377,0.353,0.730,114,0.059,0.311,18.8%,7.5%,10.0%,1.33,<a href=https://npb.jp/bis/eng/teams/index_s.html>Yakult</a>,CL
Kozawa Reiji,29,25,21,1,3,2,0,0,5,1,0,0,3,0,10,1,0,0,0,0.143,0.182,0.238,0.420,24,0.095,0.273,44.0%,40.0%,4.0%,0.10,<a href=https://npb.jp/bis/eng/teams/index_s.html>Yakult</a>,CL
Maruyama Kazuya,67,106,97,13,20,5,0,0,25,7,7,3,3,0,27,6,0,0,1,0.206,0.252,0.258,0.510,51,0.052,0.286,31.1%,25.5%,5.7%,0.22,<a href=https://npb.jp/bis/eng/teams/index_s.html>Yakult</a>,CL
Maruyama Shota,22,1,0,0,0,0,0,0,0,0,0,0,1,0,0,0,0,0,0,0.000,0.000,0.000,0.000,-94,0.000,,0.0%,0.0%,0.0%,,<a href=https://npb.jp/bis/eng/teams/index_s.html>Yakult</a>,CL
Matsumoto Naoki,3,6,6,0,0,0,0,0,0,0,0,0,0,0,0,0,0,0,1,0.000,0.000,0.000,0.000,-94,0.000,0.000,0.0%,0.0%,0.0%,,<a href=https://npb.jp/bis/eng/teams/index_s.html>Yakult</a>,CL
Mitsumata Taiki,18,21,14,2,2,0,0,0,2,2,0,0,5,0,8,2,0,0,0,0.143,0.250,0.143,0.393,20,0.000,0.333,47.6%,38.1%,9.5%,0.25,<a href=https://npb.jp/bis/eng/teams/index_s.html>Yakult</a>,CL
Miyamoto Takeshi,65,123,90,11,20,5,0,0,25,7,1,0,9,2,18,17,0,5,4,0.222,0.368,0.278,0.646,91,0.056,0.270,28.5%,14.6%,13.8%,0.94,<a href=https://npb.jp/bis/eng/teams/index_s.html>Yakult</a>,CL
Motoyama Hiyu,22,42,39,1,7,1,0,0,8,3,0,0,2,1,13,0,0,0,1,0.179,0.175,0.205,0.380,13,0.026,0.259,31.0%,31.0%,0.0%,0.00,<a href=https://npb.jp/bis/eng/teams/index_s.html>Yakult</a>,CL
Murakami Munetaka,140,597,496,76,127,28,0,31,248,84,5,3,0,4,168,90,4,7,6,0.256,0.375,0.500,0.875,152,0.244,0.319,48.4%,28.1%,15.1%,0.54,<a href=https://npb.jp/bis/eng/teams/index_s.html>Yakult</a>,CL
Nagaoka Hideki,135,488,445,43,101,19,1,3,131,35,4,2,7,2,57,29,5,5,11,0.227,0.281,0.294,0.575,69,0.067,0.253,18.2%,11.7%,5.9%,0.51,<a href=https://npb.jp/bis/eng/teams/index_s.html>Yakult</a>,CL
Nakamura Yuhei,106,376,310,24,70,14,0,4,96,33,0,1,21,4,59,33,0,8,6,0.226,0.313,0.310,0.623,83,0.084,0.263,25.5%,15.7%,8.8%,0.56,<a href=https://npb.jp/bis/eng/teams/index_s.html>Yakult</a>,CL
Namiki Hidetaka,82,174,161,37,39,3,1,1,47,7,15,2,4,0,33,8,0,1,2,0.242,0.282,0.292,0.574,69,0.050,0.299,24.1%,19.0%,4.6%,0.24,<a href=https://npb.jp/bis/eng/teams/index_s.html>Yakult</a>,CL
Nishida Akihisa,8,8,8,1,1,0,0,0,1,0,0,0,0,0,3,0,0,0,0,0.125,0.125,0.125,0.250,-23,0.000,0.200,37.5%,37.5%,0.0%,0.00,<a href=https://npb.jp/bis/eng/teams/index_s.html>Yakult</a>,CL
Nishimura Ruito,1,1,1,0,0,0,0,0,0,0,0,0,0,0,1,0,0,0,0,0.000,0.000,0.000,0.000,-94,0.000,,100.0%,100.0%,0.0%,0.00,<a href=https://npb.jp/bis/eng/teams/index_s.html>Yakult</a>,CL
Nishiura Naomichi,6,12,12,1,2,0,0,0,2,1,0,0,0,0,5,0,0,0,0,0.167,0.167,0.167,0.334,1,0.000,0.286,41.7%,41.7%,0.0%,0.00,<a href=https://npb.jp/bis/eng/teams/index_s.html>Yakult</a>,CL
Ogawa Yasuhiro,23,49,37,1,4,2,0,0,6,5,0,0,11,0,23,1,0,0,0,0.108,0.132,0.162,0.294,-11,0.054,0.286,49.0%,46.9%,2.0%,0.04,<a href=https://npb.jp/bis/eng/teams/index_s.html>Yakult</a>,CL
Ohnishi Hiroki,46,1,1,0,0,0,0,0,0,0,0,0,0,0,0,0,0,0,0,0.000,0.000,0.000,0.000,-94,0.000,0.000,0.0%,0.0%,0.0%,,<a href=https://npb.jp/bis/eng/teams/index_s.html>Yakult</a>,CL
Ohta Kengo,20,42,41,1,8,0,0,0,8,1,0,0,0,0,11,1,0,0,1,0.195,0.214,0.195,0.409,23,0.000,0.267,28.6%,26.2%,2.4%,0.09,<a href=https://npb.jp/bis/eng/teams/index_s.html>Yakult</a>,CL
Okumura Nobuyuki,3,5,4,2,2,1,0,0,3,1,0,0,0,1,2,0,0,0,0,0.500,0.400,0.750,1.150,224,0.250,0.667,40.0%,40.0%,0.0%,0.00,<a href=https://npb.jp/bis/eng/teams/index_s.html>Yakult</a>,CL
Onaka Yuya,11,1,1,0,0,0,0,0,0,0,0,0,0,0,0,0,0,0,0,0.000,0.000,0.000,0.000,-94,0.000,0.000,0.0%,0.0%,0.0%,,<a href=https://npb.jp/bis/eng/teams/index_s.html>Yakult</a>,CL
Osuna Jose,134,543,501,49,127,23,0,23,219,71,2,4,0,2,79,39,5,1,13,0.253,0.308,0.437,0.745,115,0.184,0.259,26.0%,14.5%,7.2%,0.49,<a href=https://npb.jp/bis/eng/teams/index_s.html>Yakult</a>,CL
Peters Dillon,18,34,30,1,0,0,0,0,0,0,0,0,1,0,21,3,0,0,0,0.000,0.091,0.000,0.091,-66,0.000,0.000,70.6%,61.8%,8.8%,0.14,<a href=https://npb.jp/bis/eng/teams/index_s.html>Yakult</a>,CL
Rodriguez Elvin,7,9,9,0,0,0,0,0,0,0,0,0,0,0,6,0,0,0,0,0.000,0.000,0.000,0.000,-94,0.000,0.000,66.7%,66.7%,0.0%,0.00,<a href=https://npb.jp/bis/eng/teams/index_s.html>Yakult</a>,CL
Santana Domingo,136,516,467,52,140,32,0,18,226,66,2,0,0,3,114,44,1,2,17,0.300,0.360,0.484,0.844,143,0.184,0.361,34.1%,22.1%,8.5%,0.39,<a href=https://npb.jp/bis/eng/teams/index_s.html>Yakult</a>,CL
Sawai Ren,16,37,32,3,5,0,1,0,7,1,0,0,0,0,11,0,0,5,0,0.156,0.270,0.219,0.489,46,0.063,0.238,29.7%,29.7%,0.0%,0.00,<a href=https://npb.jp/bis/eng/teams/index_s.html>Yakult</a>,CL
Shiomi Yasutaka,51,209,186,33,56,9,2,8,93,31,1,2,0,1,40,19,1,3,3,0.301,0.373,0.500,0.873,151,0.199,0.345,32.1%,19.1%,9.1%,0.48,<a href=https://npb.jp/bis/eng/teams/index_s.html>Yakult</a>,CL
Sneed Cy,23,41,36,4,4,1,0,1,8,4,0,0,3,0,14,2,0,0,1,0.111,0.158,0.222,0.380,12,0.111,0.143,41.5%,34.1%,4.9%,0.14,<a href=https://npb.jp/bis/eng/teams/index_s.html>Yakult</a>,CL
Takahashi Keiji,20,29,23,0,1,0,0,0,1,0,0,0,6,0,8,0,0,0,0,0.043,0.043,0.043,0.086,-69,0.000,0.067,27.6%,27.6%,0.0%,0.00,<a href=https://npb.jp/bis/eng/teams/index_s.html>Yakult</a>,CL
Takanashi Hirotoshi,15,12,11,0,1,0,0,0,1,0,0,0,1,0,8,0,0,0,0,0.091,0.091,0.091,0.182,-42,0.000,0.333,66.7%,66.7%,0.0%,0.00,<a href=https://npb.jp/bis/eng/teams/index_s.html>Yakult</a>,CL
Takeoka Ryusei,84,178,160,18,35,3,2,1,45,8,3,1,9,1,47,8,1,0,4,0.219,0.254,0.281,0.535,57,0.062,0.301,31.5%,26.4%,4.5%,0.17,<a href=https://npb.jp/bis/eng/teams/index_s.html>Yakult</a>,CL
Uchiyama Souma,94,269,240,20,55,12,1,6,87,27,3,0,7,1,37,19,0,2,7,0.229,0.290,0.363,0.653,90,0.134,0.247,23.0%,13.8%,7.1%,0.51,<a href=https://npb.jp/bis/eng/teams/index_s.html>Yakult</a>,CL
Yamada Tetsuto,105,422,376,43,87,21,3,14,156,40,4,0,0,4,102,39,0,3,8,0.231,0.306,0.415,0.721,108,0.184,0.277,36.7%,24.2%,9.2%,0.38,<a href=https://npb.jp/bis/eng/teams/index_s.html>Yakult</a>,CL
Yamamoto Daiki,42,1,1,0,0,0,0,0,0,0,0,0,0,0,0,0,0,0,0,0.000,0.000,0.000,0.000,-94,0.000,0.000,0.0%,0.0%,0.0%,,<a href=https://npb.jp/bis/eng/teams/index_s.html>Yakult</a>,CL
Yamano Taichi,5,10,10,0,1,0,0,0,1,0,0,0,0,0,3,0,0,0,0,0.100,0.100,0.100,0.200,-38,0.000,0.143,30.0%,30.0%,0.0%,0.00,<a href=https://npb.jp/bis/eng/teams/index_s.html>Yakult</a>,CL
Yamasaki Kotaro,64,153,137,17,33,2,0,0,35,3,9,1,6,0,33,10,0,0,2,0.241,0.293,0.255,0.548,62,0.014,0.317,28.1%,21.6%,6.5%,0.30,<a href=https://npb.jp/bis/eng/teams/index_s.html>Yakult</a>,CL
Yoshimura Kojiro,12,19,16,1,1,0,0,0,1,1,0,0,2,1,8,0,0,0,0,0.063,0.059,0.063,0.122,-59,0.000,0.111,42.1%,42.1%,0.0%,0.00,<a href=https://npb.jp/bis/eng/teams/index_s.html>Yakult</a>,CL
Almonte Zoilo,28,54,53,3,10,1,0,1,14,2,0,0,0,0,18,1,0,0,2,0.189,0.204,0.264,0.468,43,0.075,0.265,37.0%,33.3%,1.9%,0.06,<a href=https://npb.jp/bis/eng/teams/index_d.html>Chunichi</a>,CL
Aquino Aristides,20,68,65,2,10,4,0,1,17,6,0,1,0,1,32,2,0,0,0,0.154,0.176,0.262,0.438,32,0.108,0.273,51.5%,47.1%,2.9%,0.06,<a href=https://npb.jp/bis/eng/teams/index_d.html>Chunichi</a>,CL
Bright Kenta,33,68,58,6,14,0,2,0,18,4,2,0,3,0,20,6,0,1,0,0.241,0.323,0.310,0.633,99,0.069,0.368,38.2%,29.4%,8.8%,0.30,<a href=https://npb.jp/bis/eng/teams/index_d.html>Chunichi</a>,CL
Calixte Orlando,47,172,163,13,38,8,0,5,61,13,0,2,2,0,36,7,0,0,7,0.233,0.265,0.374,0.639,98,0.141,0.270,27.9%,20.9%,4.1%,0.19,<a href=https://npb.jp/bis/eng/teams/index_d.html>Chunichi</a>,CL
Donoue Naomichi,12,10,9,0,2,1,0,0,3,0,0,0,0,0,1,1,0,0,1,0.222,0.300,0.333,0.633,98,0.111,0.250,20.0%,10.0%,10.0%,1.00,<a href=https://npb.jp/bis/eng/teams/index_d.html>Chunichi</a>,CL
Fukuda Nobumasa,19,26,20,3,3,0,0,1,6,1,0,0,0,0,4,5,2,1,0,0.150,0.346,0.300,0.646,103,0.150,0.133,38.5%,15.4%,19.2%,1.25,<a href=https://npb.jp/bis/eng/teams/index_d.html>Chunichi</a>,CL
Fukunaga Hiroki,97,325,291,30,70,16,1,2,94,15,2,2,7,5,62,20,2,2,9,0.241,0.289,0.323,0.612,90,0.082,0.293,25.8%,19.1%,6.2%,0.32,<a href=https://npb.jp/bis/eng/teams/index_d.html>Chunichi</a>,CL
Fukutani Koji,14,15,14,0,2,0,0,0,2,1,0,0,0,0,2,0,0,1,0,0.143,0.200,0.143,0.343,5,0.000,0.167,13.3%,13.3%,0.0%,0.00,<a href=https://npb.jp/bis/eng/teams/index_d.html>Chunichi</a>,CL
Gotoh Shunta,52,51,44,3,8,3,0,0,11,6,0,0,1,1,18,5,0,0,0,0.182,0.260,0.250,0.510,58,0.068,0.296,45.1%,35.3%,9.8%,0.28,<a href=https://npb.jp/bis/eng/teams/index_d.html>Chunichi</a>,CL
Gunji Yuya,1,1,1,0,0,0,0,0,0,0,0,0,0,0,0,0,0,0,0,0.000,0.000,0.000,0.000,-108,0.000,0.000,0.0%,0.0%,0.0%,,<a href=https://npb.jp/bis/eng/teams/index_d.html>Chunichi</a>,CL
Higuchi Seishu,7,3,3,1,0,0,0,0,0,0,0,1,0,0,1,0,0,0,0,0.000,0.000,0.000,0.000,-108,0.000,0.000,33.3%,33.3%,0.0%,0.00,<a href=https://npb.jp/bis/eng/teams/index_d.html>Chunichi</a>,CL
Hosokawa Seiya,140,576,518,62,131,30,1,24,235,78,0,0,0,1,161,49,3,8,17,0.253,0.326,0.454,0.780,143,0.201,0.320,40.6%,28.0%,8.5%,0.30,<a href=https://npb.jp/bis/eng/teams/index_d.html>Chunichi</a>,CL
Ishibashi Kota,39,77,70,7,18,6,0,2,30,9,0,0,6,0,7,1,0,0,0,0.257,0.268,0.429,0.697,115,0.172,0.262,13.0%,9.1%,1.3%,0.14,<a href=https://npb.jp/bis/eng/teams/index_d.html>Chunichi</a>,CL
Ishigaki Masami,22,26,23,1,2,0,0,0,2,0,0,0,1,0,6,2,0,0,0,0.087,0.160,0.087,0.247,-26,0.000,0.118,30.8%,23.1%,7.7%,0.33,<a href=https://npb.jp/bis/eng/teams/index_d.html>Chunichi</a>,CL
Ishikawa Takaya,121,464,434,32,105,27,0,13,171,45,0,0,0,4,69,22,2,4,10,0.242,0.282,0.394,0.676,110,0.152,0.258,22.4%,14.9%,4.7%,0.32,<a href=https://npb.jp/bis/eng/teams/index_d.html>Chunichi</a>,CL
Itoh Kosuke,34,22,20,2,3,0,0,0,3,0,1,1,2,0,3,0,0,0,1,0.150,0.150,0.150,0.300,-10,0.000,0.176,13.6%,13.6%,0.0%,0.00,<a href=https://npb.jp/bis/eng/teams/index_d.html>Chunichi</a>,CL
Katoh Shohei,59,45,40,6,9,0,0,0,9,4,2,2,2,0,8,2,0,1,0,0.225,0.279,0.225,0.504,58,0.000,0.281,22.2%,17.8%,4.4%,0.25,<a href=https://npb.jp/bis/eng/teams/index_d.html>Chunichi</a>,CL
Katoh Takuma,10,8,8,0,0,0,0,0,0,0,0,0,0,0,3,0,0,0,0,0.000,0.000,0.000,0.000,-108,0.000,0.000,37.5%,37.5%,0.0%,0.00,<a href=https://npb.jp/bis/eng/teams/index_d.html>Chunichi</a>,CL
Katsuno Akiyoshi,50,1,1,0,0,0,0,0,0,0,0,0,0,0,0,0,0,0,0,0.000,0.000,0.000,0.000,-108,0.000,0.000,0.0%,0.0%,0.0%,,<a href=https://npb.jp/bis/eng/teams/index_d.html>Chunichi</a>,CL
Kawagoe Seiji,18,36,33,3,7,1,0,0,8,1,0,0,0,0,8,3,0,0,1,0.212,0.278,0.242,0.520,62,0.030,0.280,30.6%,22.2%,8.3%,0.38,<a href=https://npb.jp/bis/eng/teams/index_d.html>Chunichi</a>,CL
Kinoshita Takuya,89,315,278,19,66,15,0,5,96,26,0,0,5,1,55,30,2,1,4,0.237,0.313,0.345,0.658,105,0.108,0.279,28.6%,17.5%,9.5%,0.55,<a href=https://npb.jp/bis/eng/teams/index_d.html>Chunichi</a>,CL
Matsuba Takahiro,11,15,13,0,0,0,0,0,0,1,0,0,2,0,9,0,0,0,0,0.000,0.000,0.000,0.000,-108,0.000,0.000,60.0%,60.0%,0.0%,0.00,<a href=https://npb.jp/bis/eng/teams/index_d.html>Chunichi</a>,CL
Matsuyama Shinya,36,1,1,0,0,0,0,0,0,0,0,0,0,0,0,0,0,0,0,0.000,0.000,0.000,0.000,-108,0.000,0.000,0.0%,0.0%,0.0%,,<a href=https://npb.jp/bis/eng/teams/index_d.html>Chunichi</a>,CL
Mejia Humberto,8,17,15,0,1,1,0,0,2,1,0,0,2,0,6,0,0,0,0,0.067,0.067,0.133,0.200,-44,0.066,0.111,35.3%,35.3%,0.0%,0.00,<a href=https://npb.jp/bis/eng/teams/index_d.html>Chunichi</a>,CL
Miya Taisei,6,7,7,2,2,0,0,0,2,0,0,0,0,0,1,0,0,0,0,0.286,0.286,0.286,0.572,78,0.000,0.333,14.3%,14.3%,0.0%,0.00,<a href=https://npb.jp/bis/eng/teams/index_d.html>Chunichi</a>,CL
Miyoshi Hironori,30,17,13,6,2,1,0,0,3,0,3,2,1,0,4,1,0,2,0,0.154,0.313,0.231,0.544,71,0.077,0.222,29.4%,23.5%,5.9%,0.25,<a href=https://npb.jp/bis/eng/teams/index_d.html>Chunichi</a>,CL
Mizowaki Hayato,59,45,40,5,7,2,0,0,9,3,1,0,2,0,12,2,0,1,0,0.175,0.233,0.225,0.458,42,0.050,0.250,31.1%,26.7%,4.4%,0.17,<a href=https://npb.jp/bis/eng/teams/index_d.html>Chunichi</a>,CL
Muramatsu Kaito,98,304,275,20,57,4,1,1,66,20,1,2,10,2,49,15,0,2,2,0.207,0.252,0.240,0.492,53,0.033,0.247,21.4%,16.1%,4.9%,0.31,<a href=https://npb.jp/bis/eng/teams/index_d.html>Chunichi</a>,CL
Nakachi Reia,9,15,14,0,0,0,0,0,0,0,0,0,1,0,9,0,0,0,1,0.000,0.000,0.000,0.000,-108,0.000,0.000,60.0%,60.0%,0.0%,0.00,<a href=https://npb.jp/bis/eng/teams/index_d.html>Chunichi</a>,CL
Neo Akira,2,5,5,0,1,0,0,0,1,0,0,0,0,0,2,0,0,0,0,0.200,0.200,0.200,0.400,23,0.000,0.333,40.0%,40.0%,0.0%,0.00,<a href=https://npb.jp/bis/eng/teams/index_d.html>Chunichi</a>,CL
Ogasawara Shinnosuke,25,52,47,1,5,1,0,0,6,2,0,0,3,0,28,1,0,1,0,0.106,0.143,0.128,0.271,-19,0.022,0.263,55.8%,53.8%,1.9%,0.04,<a href=https://npb.jp/bis/eng/teams/index_d.html>Chunichi</a>,CL
Ohno Shota,1,1,1,0,0,0,0,0,0,0,0,0,0,0,0,0,0,0,0,0.000,0.000,0.000,0.000,-108,0.000,0.000,0.0%,0.0%,0.0%,,<a href=https://npb.jp/bis/eng/teams/index_d.html>Chunichi</a>,CL
Ohno Yudai,1,2,2,0,0,0,0,0,0,0,0,0,0,0,1,0,0,0,0,0.000,0.000,0.000,0.000,-108,0.000,0.000,50.0%,50.0%,0.0%,0.00,<a href=https://npb.jp/bis/eng/teams/index_d.html>Chunichi</a>,CL
Ohshima Yohei,130,494,470,34,136,17,2,0,157,23,6,1,1,3,43,15,1,5,7,0.289,0.316,0.334,0.650,103,0.045,0.316,11.7%,8.7%,3.0%,0.35,<a href=https://npb.jp/bis/eng/teams/index_d.html>Chunichi</a>,CL
Okabayashi Yuki,143,633,584,61,163,21,10,3,213,31,12,8,9,1,89,39,1,0,11,0.279,0.324,0.365,0.689,115,0.086,0.325,20.7%,14.1%,6.2%,0.44,<a href=https://npb.jp/bis/eng/teams/index_d.html>Chunichi</a>,CL
Okano Yuichiro,15,1,0,0,0,0,0,0,0,0,0,0,1,0,0,0,0,0,0,0.000,0.000,0.000,0.000,-108,0.000,,0.0%,0.0%,0.0%,,<a href=https://npb.jp/bis/eng/teams/index_d.html>Chunichi</a>,CL
Suzuki Hiroshi,9,4,4,0,0,0,0,0,0,0,0,0,0,0,2,0,0,0,0,0.000,0.000,0.000,0.000,-108,0.000,0.000,50.0%,50.0%,0.0%,0.00,<a href=https://npb.jp/bis/eng/teams/index_d.html>Chunichi</a>,CL
Takahashi Hiroto,25,46,37,1,6,0,0,0,6,2,0,0,7,0,16,2,0,0,0,0.162,0.205,0.162,0.367,13,0.000,0.286,39.1%,34.8%,4.3%,0.12,<a href=https://npb.jp/bis/eng/teams/index_d.html>Chunichi</a>,CL
Takahashi Shuhei,86,172,158,1,34,6,0,0,40,14,1,0,2,0,41,11,1,1,5,0.215,0.271,0.253,0.524,63,0.038,0.291,30.2%,23.8%,6.4%,0.27,<a href=https://npb.jp/bis/eng/teams/index_d.html>Chunichi</a>,CL
Takamatsu Wataru,23,1,1,8,0,0,0,0,0,0,2,1,0,0,0,0,0,0,0,0.000,0.000,0.000,0.000,-108,0.000,0.000,0.0%,0.0%,0.0%,,<a href=https://npb.jp/bis/eng/teams/index_d.html>Chunichi</a>,CL
Tsuchida Ryuku,114,304,273,16,51,3,2,1,61,18,2,1,12,2,59,15,2,2,5,0.187,0.233,0.223,0.456,41,0.036,0.233,24.7%,19.4%,4.9%,0.25,<a href=https://npb.jp/bis/eng/teams/index_d.html>Chunichi</a>,CL
Ueda Kotaro,13,1,1,0,0,0,0,0,0,0,0,0,0,0,1,0,0,0,0,0.000,0.000,0.000,0.000,-108,0.000,,100.0%,100.0%,0.0%,0.00,<a href=https://npb.jp/bis/eng/teams/index_d.html>Chunichi</a>,CL
Ukai Kosuke,41,94,91,7,13,1,0,3,23,5,1,1,0,0,31,2,0,1,1,0.143,0.170,0.253,0.423,28,0.110,0.175,38.3%,33.0%,2.1%,0.06,<a href=https://npb.jp/bis/eng/teams/index_d.html>Chunichi</a>,CL
Umetsu Kodai,3,5,5,0,1,0,0,0,1,0,0,0,0,0,1,0,0,0,1,0.200,0.200,0.200,0.400,23,0.000,0.250,20.0%,20.0%,0.0%,0.00,<a href=https://npb.jp/bis/eng/teams/index_d.html>Chunichi</a>,CL
Usami Shingo,69,226,206,12,58,6,0,3,73,14,0,0,2,0,47,17,1,1,4,0.282,0.339,0.354,0.693,117,0.072,0.353,29.6%,20.8%,7.5%,0.36,<a href=https://npb.jp/bis/eng/teams/index_d.html>Chunichi</a>,CL
Viciedo Dayan,91,347,315,20,77,9,0,6,104,23,0,0,0,1,41,27,1,4,8,0.244,0.311,0.330,0.641,100,0.086,0.264,21.3%,11.8%,7.8%,0.66,<a href=https://npb.jp/bis/eng/teams/index_d.html>Chunichi</a>,CL
Wakui Hideaki,21,31,28,1,2,0,0,0,2,1,0,0,2,0,15,1,0,0,0,0.071,0.103,0.071,0.174,-51,0.000,0.154,51.6%,48.4%,3.2%,0.07,<a href=https://npb.jp/bis/eng/teams/index_d.html>Chunichi</a>,CL
Yamaasa Ryunosuke,7,2,2,1,0,0,0,0,0,0,0,0,0,0,0,0,0,0,0,0.000,0.000,0.000,0.000,-108,0.000,0.000,0.0%,0.0%,0.0%,,<a href=https://npb.jp/bis/eng/teams/index_d.html>Chunichi</a>,CL
Yanagi Yuya,24,46,38,1,9,2,0,0,11,1,0,0,6,0,8,2,0,0,0,0.237,0.275,0.289,0.564,75,0.052,0.300,21.7%,17.4%,4.3%,0.25,<a href=https://npb.jp/bis/eng/teams/index_d.html>Chunichi</a>,CL
Adachi Ryoichi,23,68,60,4,11,0,0,0,11,4,1,1,3,0,18,5,0,0,0,0.183,0.246,0.183,0.429,32,0.000,0.262,33.8%,26.5%,7.4%,0.28,<a href=https://npb.jp/bis/eng/teams/index_b.html>ORIX</a>,PL
Cedeno Leandro,57,187,176,12,43,7,0,9,77,34,0,0,0,2,47,8,0,1,5,0.244,0.278,0.438,0.716,116,0.194,0.279,34.2%,25.1%,4.3%,0.17,<a href=https://npb.jp/bis/eng/teams/index_b.html>ORIX</a>,PL
Chano Tokumasa,91,344,312,37,74,7,0,1,84,23,7,5,7,1,76,16,0,8,1,0.237,0.291,0.269,0.560,72,0.032,0.309,27.0%,22.1%,4.7%,0.21,<a href=https://npb.jp/bis/eng/teams/index_b.html>ORIX</a>,PL
Fukuda Shuhei,36,114,94,6,18,1,0,0,19,5,5,1,3,1,15,15,0,1,1,0.191,0.306,0.202,0.508,57,0.011,0.225,26.3%,13.2%,13.2%,1.00,<a href=https://npb.jp/bis/eng/teams/index_b.html>ORIX</a>,PL
Fukunaga Sho,3,2,2,0,0,0,0,0,0,0,0,0,0,0,1,0,0,0,0,0.000,0.000,0.000,0.000,-103,0.000,0.000,50.0%,50.0%,0.0%,0.00,<a href=https://npb.jp/bis/eng/teams/index_b.html>ORIX</a>,PL
Gibo Sho,62,162,147,14,41,5,0,0,46,9,1,2,7,1,25,6,0,1,4,0.279,0.310,0.313,0.623,90,0.034,0.333,19.1%,15.4%,3.7%,0.24,<a href=https://npb.jp/bis/eng/teams/index_b.html>ORIX</a>,PL
Gonzalez Marwin,84,321,299,28,65,14,0,12,115,38,2,0,1,1,85,15,0,5,3,0.217,0.266,0.385,0.651,96,0.168,0.261,34.9%,26.5%,4.7%,0.18,<a href=https://npb.jp/bis/eng/teams/index_b.html>ORIX</a>,PL
Hirano Yamato,4,5,5,1,1,0,0,0,1,0,0,0,0,0,2,0,0,0,0,0.200,0.200,0.200,0.400,22,0.000,0.333,40.0%,40.0%,0.0%,0.00,<a href=https://npb.jp/bis/eng/teams/index_b.html>ORIX</a>,PL
Hirooka Taishi,44,103,90,12,18,4,1,1,27,9,0,2,1,0,26,12,1,0,2,0.200,0.294,0.300,0.594,81,0.100,0.270,37.9%,25.2%,11.7%,0.46,<a href=https://npb.jp/bis/eng/teams/index_b.html>ORIX</a>,PL
Ikeda Ryoma,12,39,34,4,7,1,0,0,8,0,1,0,0,0,9,4,0,1,1,0.206,0.308,0.235,0.543,68,0.029,0.280,33.3%,23.1%,10.3%,0.44,<a href=https://npb.jp/bis/eng/teams/index_b.html>ORIX</a>,PL
Ishikawa Ryo,14,11,11,0,1,0,0,0,1,0,0,0,0,0,3,0,0,0,0,0.091,0.091,0.091,0.182,-46,0.000,0.125,27.3%,27.3%,0.0%,0.00,<a href=https://npb.jp/bis/eng/teams/index_b.html>ORIX</a>,PL
Kita Ryoto,4,11,10,0,0,0,0,0,0,0,0,0,0,0,6,1,0,0,0,0.000,0.091,0.000,0.091,-72,0.000,0.000,63.6%,54.5%,9.1%,0.17,<a href=https://npb.jp/bis/eng/teams/index_b.html>ORIX</a>,PL
Kurebayashi Kotaro,127,482,443,37,122,19,1,8,167,39,4,6,7,3,63,28,0,1,19,0.275,0.318,0.377,0.695,112,0.102,0.304,20.5%,13.1%,5.8%,0.44,<a href=https://npb.jp/bis/eng/teams/index_b.html>ORIX</a>,PL
Miyagi Hiroya,22,6,6,0,2,0,0,0,2,1,0,0,0,0,3,0,0,0,0,0.333,0.333,0.333,0.666,104,0.000,0.667,50.0%,50.0%,0.0%,0.00,<a href=https://npb.jp/bis/eng/teams/index_b.html>ORIX</a>,PL
Mori Tomoya,110,453,384,49,113,24,2,18,195,64,4,1,1,7,61,54,4,7,9,0.294,0.385,0.508,0.893,171,0.214,0.304,29.4%,13.5%,11.9%,0.89,<a href=https://npb.jp/bis/eng/teams/index_b.html>ORIX</a>,PL
Mune Yuma,122,478,428,38,105,17,3,2,134,22,1,1,9,1,55,36,1,4,9,0.245,0.309,0.313,0.622,90,0.068,0.277,19.5%,11.5%,7.5%,0.65,<a href=https://npb.jp/bis/eng/teams/index_b.html>ORIX</a>,PL
Nakagawa Keita,135,563,506,66,136,29,5,12,211,55,5,5,6,1,90,43,0,7,9,0.269,0.334,0.417,0.751,128,0.148,0.306,25.8%,16.0%,7.6%,0.48,<a href=https://npb.jp/bis/eng/teams/index_b.html>ORIX</a>,PL
Nishino Masahiro,43,138,122,5,24,6,0,0,30,8,0,0,5,0,9,11,0,0,4,0.197,0.263,0.246,0.509,55,0.049,0.212,14.5%,6.5%,8.0%,1.22,<a href=https://npb.jp/bis/eng/teams/index_b.html>ORIX</a>,PL
Noguchi Tomoya,76,257,226,19,51,11,3,2,74,19,4,2,5,0,70,21,0,5,3,0.226,0.306,0.327,0.633,93,0.101,0.318,36.2%,27.2%,8.2%,0.30,<a href=https://npb.jp/bis/eng/teams/index_b.html>ORIX</a>,PL
Oda Yuya,77,68,62,15,18,5,0,1,26,8,5,2,2,0,15,2,0,2,1,0.290,0.333,0.419,0.752,128,0.129,0.370,26.5%,22.1%,2.9%,0.13,<a href=https://npb.jp/bis/eng/teams/index_b.html>ORIX</a>,PL
Ohsato Kosei,5,2,2,1,0,0,0,0,0,0,0,0,0,0,1,0,0,0,0,0.000,0.000,0.000,0.000,-103,0.000,0.000,50.0%,50.0%,0.0%,0.00,<a href=https://npb.jp/bis/eng/teams/index_b.html>ORIX</a>,PL
Ohshiro Koji,57,51,46,7,9,3,0,1,15,10,1,0,0,0,8,4,0,1,2,0.196,0.275,0.326,0.601,82,0.130,0.216,25.5%,15.7%,7.8%,0.50,<a href=https://npb.jp/bis/eng/teams/index_b.html>ORIX</a>,PL
Ohta Ryo,18,70,60,9,15,3,0,2,24,7,0,0,4,0,8,3,0,3,1,0.250,0.318,0.400,0.718,118,0.150,0.260,18.6%,11.4%,4.3%,0.38,<a href=https://npb.jp/bis/eng/teams/index_b.html>ORIX</a>,PL
Okada Takahiro,20,42,39,3,7,0,0,0,7,4,0,0,0,1,9,2,0,0,0,0.179,0.214,0.179,0.393,21,0.000,0.226,26.2%,21.4%,4.8%,0.22,<a href=https://npb.jp/bis/eng/teams/index_b.html>ORIX</a>,PL
Sano Kodai,47,38,36,11,6,0,0,1,9,3,5,1,2,0,7,0,0,0,0,0.167,0.167,0.250,0.417,25,0.083,0.179,21.1%,18.4%,0.0%,0.00,<a href=https://npb.jp/bis/eng/teams/index_b.html>ORIX</a>,PL
Schwindel Frank,20,70,69,4,13,3,0,1,19,11,0,0,0,1,17,0,0,0,2,0.188,0.186,0.275,0.461,38,0.087,0.231,25.7%,24.3%,0.0%,0.00,<a href=https://npb.jp/bis/eng/teams/index_b.html>ORIX</a>,PL
Sotani Ryuhei,10,1,1,0,0,0,0,0,0,0,0,0,0,0,1,0,0,0,0,0.000,0.000,0.000,0.000,-103,0.000,,100.0%,100.0%,0.0%,0.00,<a href=https://npb.jp/bis/eng/teams/index_b.html>ORIX</a>,PL
Sugimoto Yutaro,96,370,339,34,82,12,1,16,144,41,0,1,1,2,101,19,1,9,2,0.242,0.298,0.425,0.723,119,0.183,0.295,36.8%,27.3%,5.1%,0.19,<a href=https://npb.jp/bis/eng/teams/index_b.html>ORIX</a>,PL
Sugisawa Ryu,2,5,5,0,1,0,0,0,1,0,0,0,0,0,2,0,0,0,0,0.200,0.200,0.200,0.400,22,0.000,0.333,40.0%,40.0%,0.0%,0.00,<a href=https://npb.jp/bis/eng/teams/index_b.html>ORIX</a>,PL
Tongu Yuma,113,451,401,49,123,23,0,16,194,49,0,0,1,2,69,41,0,6,11,0.307,0.378,0.484,0.862,162,0.177,0.336,27.9%,15.3%,9.1%,0.59,<a href=https://npb.jp/bis/eng/teams/index_b.html>ORIX</a>,PL
Wakatsuki Kenya,96,318,286,27,73,14,1,6,107,17,2,1,16,0,66,15,1,1,15,0.255,0.295,0.374,0.669,103,0.119,0.313,27.4%,20.8%,4.7%,0.23,<a href=https://npb.jp/bis/eng/teams/index_b.html>ORIX</a>,PL
Watanabe Daiki,1,2,2,0,0,0,0,0,0,0,0,0,0,0,1,0,0,0,0,0.000,0.000,0.000,0.000,-103,0.000,0.000,50.0%,50.0%,0.0%,0.00,<a href=https://npb.jp/bis/eng/teams/index_b.html>ORIX</a>,PL
Watanabe Haruto,32,52,41,7,7,2,0,0,9,1,2,1,2,1,7,8,0,0,1,0.171,0.300,0.220,0.520,61,0.049,0.200,28.8%,13.5%,15.4%,1.14,<a href=https://npb.jp/bis/eng/teams/index_b.html>ORIX</a>,PL
Yamaashi Tatsuya,32,27,25,7,5,1,0,0,6,0,2,0,0,0,5,2,0,0,1,0.200,0.259,0.240,0.499,52,0.040,0.250,25.9%,18.5%,7.4%,0.40,<a href=https://npb.jp/bis/eng/teams/index_b.html>ORIX</a>,PL
Yamamoto Yoshinobu,23,3,3,0,0,0,0,0,0,0,0,0,0,0,2,0,0,0,0,0.000,0.000,0.000,0.000,-103,0.000,0.000,66.7%,66.7%,0.0%,0.00,<a href=https://npb.jp/bis/eng/teams/index_b.html>ORIX</a>,PL
Yamaoka Taisuke,31,3,3,0,0,0,0,0,0,0,0,0,0,0,2,0,0,0,0,0.000,0.000,0.000,0.000,-103,0.000,0.000,66.7%,66.7%,0.0%,0.00,<a href=https://npb.jp/bis/eng/teams/index_b.html>ORIX</a>,PL
Yamasaki Sachiya,23,5,5,1,2,0,0,0,2,1,0,0,0,0,0,0,0,0,0,0.400,0.400,0.400,0.800,146,0.000,0.400,0.0%,0.0%,0.0%,,<a href=https://npb.jp/bis/eng/teams/index_b.html>ORIX</a>,PL
Yamashita Shunpeita,16,2,2,1,1,0,0,0,1,0,0,0,0,0,1,0,0,0,0,0.500,0.500,0.500,1.000,207,0.000,1.000,50.0%,50.0%,0.0%,0.00,<a href=https://npb.jp/bis/eng/teams/index_b.html>ORIX</a>,PL
Brosseau Michael,37,147,136,9,26,10,0,1,39,11,0,0,0,5,30,2,0,4,1,0.191,0.218,0.287,0.505,49,0.096,0.227,22.4%,20.4%,1.4%,0.07,<a href=https://npb.jp/bis/eng/teams/index_m.html>Lotte</a>,PL
Castillo Luis,12,1,1,0,0,0,0,0,0,0,0,0,0,0,1,0,0,0,0,0.000,0.000,0.000,0.000,-96,0.000,,100.0%,100.0%,0.0%,0.00,<a href=https://npb.jp/bis/eng/teams/index_m.html>Lotte</a>,PL
Chatani Kenta,79,187,169,18,48,6,1,0,56,9,2,0,4,1,26,11,0,2,2,0.284,0.333,0.331,0.664,97,0.047,0.333,19.8%,13.9%,5.9%,0.42,<a href=https://npb.jp/bis/eng/teams/index_m.html>Lotte</a>,PL
Emura Naoya,4,10,9,0,0,0,0,0,0,0,0,0,1,0,2,0,0,0,1,0.000,0.000,0.000,0.000,-96,0.000,0.000,20.0%,20.0%,0.0%,0.00,<a href=https://npb.jp/bis/eng/teams/index_m.html>Lotte</a>,PL
Fujioka Yudai,93,380,310,34,86,20,0,1,109,22,7,2,10,2,66,54,1,4,4,0.277,0.389,0.352,0.741,120,0.075,0.347,31.8%,17.4%,14.2%,0.82,<a href=https://npb.jp/bis/eng/teams/index_m.html>Lotte</a>,PL
Fujiwara Kyota,103,361,328,35,78,15,2,3,106,21,5,2,10,1,78,18,0,4,3,0.238,0.285,0.323,0.608,80,0.085,0.302,27.4%,21.6%,5.0%,0.23,<a href=https://npb.jp/bis/eng/teams/index_m.html>Lotte</a>,PL
Fukuda Shuhei,3,9,8,0,2,0,0,0,2,0,1,0,0,0,3,1,0,0,0,0.250,0.333,0.250,0.583,75,0.000,0.400,44.4%,33.3%,11.1%,0.33,<a href=https://npb.jp/bis/eng/teams/index_m.html>Lotte</a>,PL
Hirasawa Taiga,57,170,135,19,23,1,0,3,33,8,3,1,6,1,43,25,0,3,4,0.170,0.311,0.244,0.555,66,0.074,0.222,41.8%,25.3%,14.7%,0.58,<a href=https://npb.jp/bis/eng/teams/index_m.html>Lotte</a>,PL
Ikeda Raito,40,118,104,17,28,6,1,2,42,8,0,0,5,0,17,6,0,3,1,0.269,0.327,0.404,0.731,114,0.135,0.306,21.2%,14.4%,5.1%,0.35,<a href=https://npb.jp/bis/eng/teams/index_m.html>Lotte</a>,PL
Inoue Seiya,32,106,95,3,17,6,0,1,26,8,1,0,0,1,24,9,0,1,2,0.179,0.255,0.274,0.529,57,0.095,0.225,32.1%,22.6%,8.5%,0.38,<a href=https://npb.jp/bis/eng/teams/index_m.html>Lotte</a>,PL
Ishikawa Shingo,44,118,112,10,39,6,0,2,51,10,0,0,0,0,20,6,1,0,2,0.348,0.381,0.455,0.836,145,0.107,0.411,23.7%,16.9%,5.1%,0.30,<a href=https://npb.jp/bis/eng/teams/index_m.html>Lotte</a>,PL
Kakinuma Tomoya,18,38,29,2,3,0,0,0,3,1,0,0,5,0,6,3,0,1,0,0.103,0.212,0.103,0.315,-2,0.000,0.130,23.7%,15.8%,7.9%,0.50,<a href=https://npb.jp/bis/eng/teams/index_m.html>Lotte</a>,PL
Kakunaka Katsuya,86,244,216,20,64,16,1,9,109,39,1,0,3,3,43,21,2,1,0,0.296,0.357,0.505,0.862,151,0.209,0.329,29.9%,17.6%,8.6%,0.49,<a href=https://npb.jp/bis/eng/teams/index_m.html>Lotte</a>,PL
Matsukawa Kou,9,18,16,1,3,0,0,0,3,1,0,0,1,0,4,1,0,0,1,0.188,0.235,0.188,0.423,28,0.000,0.250,27.8%,22.2%,5.6%,0.25,<a href=https://npb.jp/bis/eng/teams/index_m.html>Lotte</a>,PL
Mercedes CC,22,3,3,0,0,0,0,0,0,0,0,0,0,0,3,0,0,0,0,0.000,0.000,0.000,0.000,-96,0.000,,100.0%,100.0%,0.0%,0.00,<a href=https://npb.jp/bis/eng/teams/index_m.html>Lotte</a>,PL
Mima Manabu,18,2,2,0,1,0,0,0,1,0,0,0,0,0,0,0,0,0,0,0.500,0.500,0.500,1.000,194,0.000,0.500,0.0%,0.0%,0.0%,,<a href=https://npb.jp/bis/eng/teams/index_m.html>Lotte</a>,PL
Nakamura Shogo,137,584,508,61,112,23,0,11,168,48,3,1,13,4,89,52,2,7,20,0.220,0.299,0.331,0.630,87,0.111,0.245,26.0%,15.2%,8.9%,0.58,<a href=https://npb.jp/bis/eng/teams/index_m.html>Lotte</a>,PL
Ogawa Ryusei,52,24,20,7,3,1,0,0,4,1,3,3,3,0,7,1,0,0,0,0.150,0.190,0.200,0.390,17,0.050,0.231,33.3%,29.2%,4.2%,0.14,<a href=https://npb.jp/bis/eng/teams/index_m.html>Lotte</a>,PL
Ogino Takashi,50,203,183,19,44,8,1,1,57,19,1,0,1,2,16,11,1,6,4,0.240,0.302,0.311,0.613,82,0.071,0.256,13.8%,7.9%,5.4%,0.69,<a href=https://npb.jp/bis/eng/teams/index_m.html>Lotte</a>,PL
Ohshita Seiichiro,23,28,22,2,5,0,0,1,8,2,0,1,1,0,7,2,0,3,0,0.227,0.370,0.364,0.734,117,0.137,0.286,35.7%,25.0%,7.1%,0.29,<a href=https://npb.jp/bis/eng/teams/index_m.html>Lotte</a>,PL
Ojima Kazuya,25,4,4,0,0,0,0,0,0,0,0,0,0,0,3,0,0,0,0,0.000,0.000,0.000,0.000,-96,0.000,0.000,75.0%,75.0%,0.0%,0.00,<a href=https://npb.jp/bis/eng/teams/index_m.html>Lotte</a>,PL
Oka Hiromi,109,372,319,50,90,16,3,7,133,33,15,4,8,0,56,37,0,8,5,0.282,0.371,0.417,0.788,132,0.135,0.324,26.9%,15.1%,9.9%,0.66,<a href=https://npb.jp/bis/eng/teams/index_m.html>Lotte</a>,PL
Onuma Kenta,4,1,1,0,0,0,0,0,0,0,0,0,0,0,0,0,0,0,0,0.000,0.000,0.000,0.000,-96,0.000,0.000,0.0%,0.0%,0.0%,,<a href=https://npb.jp/bis/eng/teams/index_m.html>Lotte</a>,PL
Polanco Gregory,125,497,447,43,108,15,0,26,201,75,0,0,0,3,92,47,5,0,3,0.242,0.312,0.450,0.762,122,0.208,0.247,33.2%,18.5%,9.5%,0.51,<a href=https://npb.jp/bis/eng/teams/index_m.html>Lotte</a>,PL
Sasaki Roki,15,4,4,0,0,0,0,0,0,0,0,0,0,0,4,0,0,0,0,0.000,0.000,0.000,0.000,-96,0.000,,100.0%,100.0%,0.0%,0.00,<a href=https://npb.jp/bis/eng/teams/index_m.html>Lotte</a>,PL
Satoh Toshiya,103,278,239,19,52,12,1,4,78,22,0,2,12,2,45,22,0,3,4,0.218,0.289,0.326,0.615,82,0.108,0.250,25.5%,16.2%,7.9%,0.49,<a href=https://npb.jp/bis/eng/teams/index_m.html>Lotte</a>,PL
Sugano Tsuyoshi,6,11,10,0,1,0,0,0,1,0,0,0,0,0,2,1,0,0,0,0.100,0.182,0.100,0.282,-12,0.000,0.125,27.3%,18.2%,9.1%,0.50,<a href=https://npb.jp/bis/eng/teams/index_m.html>Lotte</a>,PL
Tamura Tatsuhiro,78,214,181,6,30,3,0,2,39,19,0,1,15,3,38,13,0,2,3,0.166,0.226,0.215,0.441,33,0.049,0.194,24.8%,17.8%,6.1%,0.34,<a href=https://npb.jp/bis/eng/teams/index_m.html>Lotte</a>,PL
Taneichi Atsuki,23,4,3,0,0,0,0,0,0,0,0,0,1,0,0,0,0,0,0,0.000,0.000,0.000,0.000,-96,0.000,0.000,0.0%,0.0%,0.0%,,<a href=https://npb.jp/bis/eng/teams/index_m.html>Lotte</a>,PL
Tomosugi Atsuki,64,209,185,21,47,7,0,0,54,9,9,3,14,1,31,9,0,0,1,0.254,0.287,0.292,0.579,72,0.038,0.303,19.1%,14.8%,4.3%,0.29,<a href=https://npb.jp/bis/eng/teams/index_m.html>Lotte</a>,PL
Ueda Shota,4,3,3,0,0,0,0,0,0,0,0,0,0,0,2,0,0,0,0,0.000,0.000,0.000,0.000,-96,0.000,0.000,66.7%,66.7%,0.0%,0.00,<a href=https://npb.jp/bis/eng/teams/index_m.html>Lotte</a>,PL
Wada Koshiro,80,113,98,30,26,4,2,3,43,9,20,1,3,0,32,9,0,3,0,0.265,0.345,0.439,0.784,130,0.174,0.365,38.9%,28.3%,8.0%,0.28,<a href=https://npb.jp/bis/eng/teams/index_m.html>Lotte</a>,PL
Yamaguchi Koki,115,474,421,46,99,21,0,14,162,57,0,0,0,5,122,43,6,5,7,0.235,0.310,0.385,0.695,104,0.150,0.293,37.8%,25.7%,9.1%,0.35,<a href=https://npb.jp/bis/eng/teams/index_m.html>Lotte</a>,PL
Yamamoto Daito,2,7,7,0,1,0,0,0,1,0,0,0,0,0,4,0,0,0,1,0.143,0.143,0.143,0.286,-13,0.000,0.333,57.1%,57.1%,0.0%,0.00,<a href=https://npb.jp/bis/eng/teams/index_m.html>Lotte</a>,PL
Yasuda Hisanori,122,472,416,33,99,24,0,9,150,43,2,0,0,5,95,49,2,2,10,0.238,0.318,0.361,0.679,100,0.123,0.284,32.4%,20.1%,10.4%,0.52,<a href=https://npb.jp/bis/eng/teams/index_m.html>Lotte</a>,PL
Arihara Kohei,17,2,2,0,1,0,0,0,1,0,0,0,0,0,1,0,0,0,0,0.500,0.500,0.500,1.000,200,0.000,1.000,50.0%,50.0%,0.0%,0.00,<a href=https://npb.jp/bis/eng/teams/index_h.html>SoftBank</a>,PL
Astudillo Willians,20,50,44,2,6,1,0,1,10,3,0,0,0,1,2,2,0,3,3,0.136,0.220,0.227,0.447,35,0.091,0.119,10.0%,4.0%,4.0%,1.00,<a href=https://npb.jp/bis/eng/teams/index_h.html>SoftBank</a>,PL
Bandoh Yugo,30,2,2,0,0,0,0,0,0,0,0,0,0,0,2,0,0,0,0,0.000,0.000,0.000,0.000,-99,0.000,,100.0%,100.0%,0.0%,0.00,<a href=https://npb.jp/bis/eng/teams/index_h.html>SoftBank</a>,PL
Despaigne Alfredo,20,49,42,0,3,0,0,0,3,0,0,0,0,0,13,7,0,0,2,0.071,0.204,0.071,0.275,-14,0.000,0.103,40.8%,26.5%,14.3%,0.54,<a href=https://npb.jp/bis/eng/teams/index_h.html>SoftBank</a>,PL
Fujii Kouya,34,2,2,0,0,0,0,0,0,0,0,0,0,0,1,0,0,0,0,0.000,0.000,0.000,0.000,-99,0.000,0.000,50.0%,50.0%,0.0%,0.00,<a href=https://npb.jp/bis/eng/teams/index_h.html>SoftBank</a>,PL
Galvis Freddy,19,34,33,1,5,0,0,0,5,1,0,0,0,0,11,0,0,1,1,0.152,0.176,0.152,0.328,-0,0.000,0.227,32.4%,32.4%,0.0%,0.00,<a href=https://npb.jp/bis/eng/teams/index_h.html>SoftBank</a>,PL
Hawkins Courtney,3,10,9,0,0,0,0,0,0,1,0,0,0,1,4,0,0,0,0,0.000,0.000,0.000,0.000,-99,0.000,0.000,40.0%,40.0%,0.0%,0.00,<a href=https://npb.jp/bis/eng/teams/index_h.html>SoftBank</a>,PL
Higashihama Nao,17,2,2,0,0,0,0,0,0,0,0,0,0,0,2,0,0,0,0,0.000,0.000,0.000,0.000,-99,0.000,,100.0%,100.0%,0.0%,0.00,<a href=https://npb.jp/bis/eng/teams/index_h.html>SoftBank</a>,PL
Imamiya Kenta,126,484,427,38,109,22,0,9,158,48,4,0,24,4,58,27,1,2,14,0.255,0.300,0.370,0.670,100,0.115,0.275,19.4%,12.0%,5.6%,0.47,<a href=https://npb.jp/bis/eng/teams/index_h.html>SoftBank</a>,PL
Inoue Tomoya,15,41,38,3,10,2,0,1,15,3,0,0,0,0,10,3,0,0,0,0.263,0.317,0.395,0.712,112,0.132,0.333,34.1%,24.4%,7.3%,0.30,<a href=https://npb.jp/bis/eng/teams/index_h.html>SoftBank</a>,PL
Ishikawa Shuta,23,3,3,0,0,0,0,0,0,0,0,0,0,0,2,0,0,0,1,0.000,0.000,0.000,0.000,-99,0.000,0.000,66.7%,66.7%,0.0%,0.00,<a href=https://npb.jp/bis/eng/teams/index_h.html>SoftBank</a>,PL
Kai Ikumi,13,21,20,2,4,0,0,0,4,0,0,0,0,0,5,1,0,0,0,0.200,0.238,0.200,0.438,33,0.000,0.267,28.6%,23.8%,4.8%,0.20,<a href=https://npb.jp/bis/eng/teams/index_h.html>SoftBank</a>,PL
Kai Takuya,139,420,366,35,74,16,1,10,122,44,0,0,18,2,117,31,0,3,5,0.202,0.269,0.333,0.602,79,0.131,0.266,37.6%,27.9%,7.4%,0.26,<a href=https://npb.jp/bis/eng/teams/index_h.html>SoftBank</a>,PL
Kawarada Jumpei,2,1,1,0,0,0,0,0,0,0,0,0,0,0,0,0,0,0,0,0.000,0.000,0.000,0.000,-99,0.000,0.000,0.0%,0.0%,0.0%,,<a href=https://npb.jp/bis/eng/teams/index_h.html>SoftBank</a>,PL
Kawase Hikaru,102,208,178,25,42,7,3,0,55,15,2,2,18,1,23,9,1,2,3,0.236,0.279,0.309,0.588,76,0.073,0.269,15.4%,11.1%,4.3%,0.39,<a href=https://npb.jp/bis/eng/teams/index_h.html>SoftBank</a>,PL
Kondoh Kensuke,143,613,492,75,149,33,0,26,260,87,3,4,0,6,117,109,7,6,7,0.303,0.431,0.528,0.959,186,0.225,0.346,41.1%,19.1%,17.8%,0.93,<a href=https://npb.jp/bis/eng/teams/index_h.html>SoftBank</a>,PL
Kurihara Ryoya,96,387,352,24,84,14,0,13,137,49,0,1,1,2,81,28,0,4,6,0.239,0.301,0.389,0.690,105,0.150,0.273,31.5%,20.9%,7.2%,0.35,<a href=https://npb.jp/bis/eng/teams/index_h.html>SoftBank</a>,PL
Makihara Taisei,91,387,359,40,93,13,1,2,114,32,3,2,7,5,66,11,1,5,6,0.259,0.287,0.318,0.605,81,0.059,0.307,20.4%,17.1%,2.8%,0.17,<a href=https://npb.jp/bis/eng/teams/index_h.html>SoftBank</a>,PL
Masaki Tomoya,15,30,26,2,1,0,0,0,1,1,0,0,0,0,10,3,0,1,0,0.038,0.167,0.038,0.205,-35,0.000,0.062,43.3%,33.3%,10.0%,0.30,<a href=https://npb.jp/bis/eng/teams/index_h.html>SoftBank</a>,PL
Masuda Shu,35,75,66,7,12,2,0,1,17,3,0,0,1,0,17,5,0,3,0,0.182,0.270,0.258,0.528,59,0.076,0.229,30.7%,22.7%,6.7%,0.29,<a href=https://npb.jp/bis/eng/teams/index_h.html>SoftBank</a>,PL
Mimori Masaki,102,316,296,40,77,8,2,5,104,21,14,8,8,0,48,12,0,0,4,0.260,0.289,0.351,0.640,91,0.091,0.296,20.6%,15.2%,3.8%,0.25,<a href=https://npb.jp/bis/eng/teams/index_h.html>SoftBank</a>,PL
Minei Hiroki,44,39,34,3,7,2,0,2,15,6,0,0,3,1,10,0,0,1,1,0.206,0.222,0.441,0.663,94,0.235,0.217,30.8%,25.6%,0.0%,0.00,<a href=https://npb.jp/bis/eng/teams/index_h.html>SoftBank</a>,PL
Nakamura Akira,136,585,511,52,140,13,2,5,172,37,0,2,7,4,53,60,3,3,8,0.274,0.351,0.337,0.688,107,0.063,0.295,20.2%,9.1%,10.3%,1.13,<a href=https://npb.jp/bis/eng/teams/index_h.html>SoftBank</a>,PL
Nomura Daiju,41,83,74,7,16,2,0,1,21,4,1,0,4,1,22,4,0,0,5,0.216,0.253,0.284,0.537,61,0.068,0.288,32.5%,26.5%,4.8%,0.18,<a href=https://npb.jp/bis/eng/teams/index_h.html>SoftBank</a>,PL
Nomura Isami,50,95,81,14,13,2,0,3,24,7,1,0,1,1,33,8,0,4,0,0.160,0.266,0.296,0.562,68,0.136,0.217,46.3%,34.7%,8.4%,0.24,<a href=https://npb.jp/bis/eng/teams/index_h.html>SoftBank</a>,PL
Satoh Naoki,41,31,30,6,5,1,0,1,9,2,3,1,1,0,16,0,0,0,0,0.167,0.167,0.300,0.467,38,0.133,0.308,54.8%,51.6%,0.0%,0.00,<a href=https://npb.jp/bis/eng/teams/index_h.html>SoftBank</a>,PL
Shuto Ukyo,114,268,237,52,57,5,1,2,70,17,36,7,7,1,56,20,0,3,3,0.241,0.307,0.295,0.602,81,0.054,0.306,29.1%,20.9%,7.5%,0.36,<a href=https://npb.jp/bis/eng/teams/index_h.html>SoftBank</a>,PL
Stewart Jr. Carter,14,2,2,0,0,0,0,0,0,0,0,0,0,0,2,0,0,0,0,0.000,0.000,0.000,0.000,-99,0.000,,100.0%,100.0%,0.0%,0.00,<a href=https://npb.jp/bis/eng/teams/index_h.html>SoftBank</a>,PL
Sunagawa Richard,22,64,61,2,7,1,0,0,8,1,0,0,0,0,25,2,0,1,0,0.115,0.156,0.131,0.287,-13,0.016,0.194,42.2%,39.1%,3.1%,0.08,<a href=https://npb.jp/bis/eng/teams/index_h.html>SoftBank</a>,PL
Tanigawara Kenta,61,46,43,8,10,1,0,0,11,3,2,1,0,0,12,3,0,0,0,0.233,0.283,0.256,0.539,63,0.023,0.323,32.6%,26.1%,6.5%,0.25,<a href=https://npb.jp/bis/eng/teams/index_h.html>SoftBank</a>,PL
Uebayashi Seiji,56,99,92,14,17,3,1,0,22,9,1,1,2,1,30,3,0,1,1,0.185,0.216,0.239,0.455,37,0.054,0.270,33.3%,30.3%,3.0%,0.10,<a href=https://npb.jp/bis/eng/teams/index_h.html>SoftBank</a>,PL
Umino Takashi,8,2,1,0,0,0,0,0,0,0,0,0,1,0,0,0,0,0,1,0.000,0.000,0.000,0.000,-99,0.000,0.000,0.0%,0.0%,0.0%,,<a href=https://npb.jp/bis/eng/teams/index_h.html>SoftBank</a>,PL
Wada Tsuyoshi,21,2,2,0,0,0,0,0,0,0,0,0,0,0,2,0,0,0,0,0.000,0.000,0.000,0.000,-99,0.000,,100.0%,100.0%,0.0%,0.00,<a href=https://npb.jp/bis/eng/teams/index_h.html>SoftBank</a>,PL
Yanagimachi Tatsuru,116,375,311,27,80,18,1,0,100,34,2,1,4,1,104,58,0,1,8,0.257,0.375,0.322,0.697,111,0.065,0.385,43.2%,27.7%,15.5%,0.56,<a href=https://npb.jp/bis/eng/teams/index_h.html>SoftBank</a>,PL
Yanagita Yuki,143,625,546,57,163,29,3,22,264,85,1,0,0,6,97,64,1,9,9,0.299,0.378,0.484,0.862,156,0.185,0.326,29.3%,15.5%,10.2%,0.66,<a href=https://npb.jp/bis/eng/teams/index_h.html>SoftBank</a>,PL
Yoshida Kengo,1,1,1,0,0,0,0,0,0,0,0,0,0,0,1,0,0,0,0,0.000,0.000,0.000,0.000,-99,0.000,,100.0%,100.0%,0.0%,0.00,<a href=https://npb.jp/bis/eng/teams/index_h.html>SoftBank</a>,PL
Abe Toshiki,78,253,216,16,55,17,1,4,86,24,0,0,6,2,47,27,1,2,12,0.255,0.340,0.398,0.738,125,0.143,0.305,30.8%,18.6%,10.7%,0.57,<a href=https://npb.jp/bis/eng/teams/index_e.html>Rakuten</a>,PL
Akaminai Ginji,6,10,10,0,1,0,0,0,1,1,0,0,0,0,1,0,0,0,0,0.100,0.100,0.100,0.200,-41,0.000,0.111,10.0%,10.0%,0.0%,0.00,<a href=https://npb.jp/bis/eng/teams/index_e.html>Rakuten</a>,PL
Asamura Hideto,143,601,522,64,143,20,0,26,241,78,2,1,0,1,108,75,4,3,9,0.274,0.368,0.462,0.830,153,0.188,0.301,34.8%,18.0%,12.5%,0.69,<a href=https://npb.jp/bis/eng/teams/index_e.html>Rakuten</a>,PL
Franco Maikel,95,334,312,31,69,11,0,12,116,32,0,0,0,0,52,21,0,1,11,0.221,0.272,0.372,0.644,94,0.151,0.230,25.4%,15.6%,6.3%,0.40,<a href=https://npb.jp/bis/eng/teams/index_e.html>Rakuten</a>,PL
Hayakawa Takahisa,17,3,3,1,1,0,0,0,1,0,0,0,0,0,0,0,0,0,0,0.333,0.333,0.333,0.666,104,0.000,0.333,0.0%,0.0%,0.0%,,<a href=https://npb.jp/bis/eng/teams/index_e.html>Rakuten</a>,PL
Horiuchi Kengo,3,3,2,0,1,0,0,0,1,0,0,0,0,0,0,1,0,0,0,0.500,0.667,0.500,1.167,264,0.000,0.500,33.3%,0.0%,33.3%,1.00,<a href=https://npb.jp/bis/eng/teams/index_e.html>Rakuten</a>,PL
Itoh Yukiya,87,216,188,20,46,6,1,5,69,16,3,2,10,2,48,15,0,1,3,0.245,0.301,0.367,0.668,103,0.122,0.299,31.5%,22.2%,6.9%,0.31,<a href=https://npb.jp/bis/eng/teams/index_e.html>Rakuten</a>,PL
Karashima Wataru,10,1,1,0,0,0,0,0,0,0,0,0,0,0,1,0,0,0,0,0.000,0.000,0.000,0.000,-103,0.000,,100.0%,100.0%,0.0%,0.00,<a href=https://npb.jp/bis/eng/teams/index_e.html>Rakuten</a>,PL
Kishi Takayuki,20,1,1,0,0,0,0,0,0,0,0,0,0,0,1,0,0,0,0,0.000,0.000,0.000,0.000,-103,0.000,,100.0%,100.0%,0.0%,0.00,<a href=https://npb.jp/bis/eng/teams/index_e.html>Rakuten</a>,PL
Kobukata Hiroto,134,549,477,67,123,8,6,5,158,37,36,6,20,1,83,48,0,3,8,0.258,0.329,0.331,0.660,102,0.073,0.303,24.8%,15.1%,8.7%,0.58,<a href=https://npb.jp/bis/eng/teams/index_e.html>Rakuten</a>,PL
Kurokawa Fumiya,9,24,22,1,2,0,0,1,5,2,0,0,1,1,5,0,0,0,0,0.091,0.087,0.227,0.314,-8,0.136,0.059,25.0%,20.8%,0.0%,0.00,<a href=https://npb.jp/bis/eng/teams/index_e.html>Rakuten</a>,PL
Mogi Eigoro,8,15,12,1,1,0,0,0,1,1,0,0,0,0,3,3,0,0,1,0.083,0.267,0.083,0.350,10,0.000,0.111,40.0%,20.0%,20.0%,1.00,<a href=https://npb.jp/bis/eng/teams/index_e.html>Rakuten</a>,PL
Murabayashi Itsuki,98,340,301,35,77,14,2,2,101,32,11,5,12,2,55,21,0,4,12,0.256,0.311,0.336,0.647,97,0.080,0.305,22.9%,16.2%,6.2%,0.38,<a href=https://npb.jp/bis/eng/teams/index_e.html>Rakuten</a>,PL
Nishikawa Haruki,35,87,72,11,13,2,1,1,20,4,2,0,2,1,24,11,0,0,0,0.181,0.286,0.278,0.564,73,0.097,0.250,41.4%,27.6%,12.6%,0.46,<a href=https://npb.jp/bis/eng/teams/index_e.html>Rakuten</a>,PL
Norimoto Takahiro,24,3,3,0,0,0,0,0,0,0,0,0,0,0,3,0,0,0,0,0.000,0.000,0.000,0.000,-103,0.000,,100.0%,100.0%,0.0%,0.00,<a href=https://npb.jp/bis/eng/teams/index_e.html>Rakuten</a>,PL
Ogoh Yuya,120,441,390,53,102,16,3,10,154,49,13,8,8,6,85,36,0,1,3,0.262,0.321,0.395,0.716,118,0.133,0.306,29.7%,19.3%,8.2%,0.42,<a href=https://npb.jp/bis/eng/teams/index_e.html>Rakuten</a>,PL
Ohta Hikaru,104,233,173,19,42,6,0,3,57,14,1,0,28,1,47,27,0,4,4,0.243,0.356,0.329,0.685,111,0.086,0.315,33.0%,20.2%,11.6%,0.57,<a href=https://npb.jp/bis/eng/teams/index_e.html>Rakuten</a>,PL
Okajima Takero,114,410,361,33,96,20,0,6,134,43,3,2,5,7,67,33,1,3,10,0.266,0.327,0.371,0.698,113,0.105,0.305,25.9%,16.3%,8.0%,0.49,<a href=https://npb.jp/bis/eng/teams/index_e.html>Rakuten</a>,PL
Shimauchi Hiroaki,104,369,322,21,76,13,0,7,110,38,2,0,0,3,41,41,1,3,5,0.236,0.325,0.342,0.667,104,0.106,0.249,24.1%,11.1%,11.1%,1.00,<a href=https://npb.jp/bis/eng/teams/index_e.html>Rakuten</a>,PL
Shoji Kosei,19,2,2,0,0,0,0,0,0,0,0,0,0,0,0,0,0,0,0,0.000,0.000,0.000,0.000,-103,0.000,0.000,0.0%,0.0%,0.0%,,<a href=https://npb.jp/bis/eng/teams/index_e.html>Rakuten</a>,PL
Shozui Yuya,1,2,1,0,0,0,0,0,0,0,0,0,0,0,0,1,0,0,0,0.000,0.500,0.000,0.500,65,0.000,0.000,50.0%,0.0%,50.0%,1.00,<a href=https://npb.jp/bis/eng/teams/index_e.html>Rakuten</a>,PL
Sumitani Ginjiro,65,145,131,9,29,2,0,1,34,10,0,0,6,1,23,5,0,2,2,0.221,0.259,0.260,0.519,58,0.039,0.259,20.0%,15.9%,3.4%,0.22,<a href=https://npb.jp/bis/eng/teams/index_e.html>Rakuten</a>,PL
Suzuki Daichi,101,292,250,25,61,9,1,5,87,27,0,2,7,2,36,24,0,9,6,0.244,0.330,0.348,0.678,107,0.104,0.265,22.3%,12.3%,8.2%,0.67,<a href=https://npb.jp/bis/eng/teams/index_e.html>Rakuten</a>,PL
Tanaka Kazuki,95,41,34,22,3,0,0,2,9,3,3,2,2,0,13,5,0,0,1,0.088,0.205,0.265,0.470,42,0.177,0.053,48.8%,31.7%,12.2%,0.38,<a href=https://npb.jp/bis/eng/teams/index_e.html>Rakuten</a>,PL
Tanaka Masahiro,24,2,2,0,0,0,0,0,0,0,0,0,0,0,2,0,0,0,0,0.000,0.000,0.000,0.000,-103,0.000,,100.0%,100.0%,0.0%,0.00,<a href=https://npb.jp/bis/eng/teams/index_e.html>Rakuten</a>,PL
Tatsumi Ryosuke,133,495,434,45,114,16,5,9,167,43,13,4,8,1,99,40,0,12,3,0.263,0.341,0.385,0.726,121,0.122,0.321,29.9%,20.0%,8.1%,0.40,<a href=https://npb.jp/bis/eng/teams/index_e.html>Rakuten</a>,PL
Wada Ren,2,6,5,0,1,0,0,0,1,2,0,0,0,1,3,0,0,0,1,0.200,0.167,0.200,0.367,10,0.000,0.333,50.0%,50.0%,0.0%,0.00,<a href=https://npb.jp/bis/eng/teams/index_e.html>Rakuten</a>,PL
Watanabe Yoshiaki,25,57,49,3,7,0,0,0,7,3,0,0,3,0,7,5,0,0,3,0.143,0.222,0.143,0.365,12,0.000,0.167,21.1%,12.3%,8.8%,0.71,<a href=https://npb.jp/bis/eng/teams/index_e.html>Rakuten</a>,PL
Yamasaki Tsuyoshi,117,307,261,29,53,6,5,2,75,19,13,6,7,1,58,35,2,3,9,0.203,0.303,0.287,0.590,81,0.084,0.252,30.9%,18.9%,11.4%,0.60,<a href=https://npb.jp/bis/eng/teams/index_e.html>Rakuten</a>,PL
Yasuda Yuma,53,127,110,7,24,2,0,3,35,7,0,0,0,0,25,16,0,1,5,0.218,0.323,0.318,0.641,96,0.100,0.256,34.6%,19.7%,12.6%,0.64,<a href=https://npb.jp/bis/eng/teams/index_e.html>Rakuten</a>,PL
Enns Dietrich,12,1,1,1,1,1,0,0,2,0,0,0,0,0,0,0,0,0,0,1.000,1.000,2.000,3.000,788,1.000,1.000,0.0%,0.0%,0.0%,,<a href=https://npb.jp/bis/eng/teams/index_l.html>Seibu</a>,PL
Furuichi Takeru,29,56,50,2,8,0,0,0,8,0,0,1,3,0,13,2,0,1,0,0.160,0.208,0.160,0.368,12,0.000,0.216,26.8%,23.2%,3.6%,0.15,<a href=https://npb.jp/bis/eng/teams/index_l.html>Seibu</a>,PL
Genda Sosuke,100,435,397,30,102,9,4,0,119,22,5,6,8,1,82,26,0,3,5,0.257,0.307,0.300,0.607,84,0.043,0.323,24.8%,18.9%,6.0%,0.32,<a href=https://npb.jp/bis/eng/teams/index_l.html>Seibu</a>,PL
Hasegawa Shinya,59,198,180,17,40,9,0,4,61,12,3,4,2,2,34,11,1,3,3,0.222,0.276,0.339,0.615,84,0.117,0.250,24.7%,17.2%,5.6%,0.32,<a href=https://npb.jp/bis/eng/teams/index_l.html>Seibu</a>,PL
Hiranuma Shota,67,110,102,16,25,2,2,2,37,6,3,1,1,1,18,5,0,1,3,0.245,0.284,0.363,0.647,94,0.118,0.277,22.7%,16.4%,4.5%,0.28,<a href=https://npb.jp/bis/eng/teams/index_l.html>Seibu</a>,PL
Hiruma Takuya,56,223,198,17,46,6,0,2,58,20,0,0,9,2,37,14,0,0,2,0.232,0.280,0.293,0.573,73,0.061,0.273,23.8%,16.6%,6.3%,0.38,<a href=https://npb.jp/bis/eng/teams/index_l.html>Seibu</a>,PL
Kaneko Yuji,47,91,84,6,15,2,1,0,19,2,1,2,1,1,24,4,0,1,2,0.179,0.222,0.226,0.448,35,0.047,0.246,30.8%,26.4%,4.4%,0.17,<a href=https://npb.jp/bis/eng/teams/index_l.html>Seibu</a>,PL
Kawagoe Seiji,12,38,30,2,4,0,0,1,7,5,0,0,1,0,13,6,0,1,0,0.133,0.297,0.233,0.530,62,0.100,0.188,52.6%,34.2%,15.8%,0.46,<a href=https://npb.jp/bis/eng/teams/index_l.html>Seibu</a>,PL
Kishi Junichiro,61,197,177,16,37,5,0,3,51,12,3,2,4,1,33,11,0,4,6,0.209,0.269,0.288,0.557,68,0.079,0.239,23.9%,16.8%,5.6%,0.33,<a href=https://npb.jp/bis/eng/teams/index_l.html>Seibu</a>,PL
Kodama Ryosuke,56,132,122,11,27,3,2,0,34,8,2,3,5,1,30,4,0,0,2,0.221,0.244,0.279,0.523,57,0.058,0.290,25.8%,22.7%,3.0%,0.13,<a href=https://npb.jp/bis/eng/teams/index_l.html>Seibu</a>,PL
Koga Yuto,100,282,239,12,52,14,0,2,72,20,1,0,17,0,54,23,2,3,8,0.218,0.294,0.301,0.595,80,0.083,0.273,28.0%,19.1%,8.2%,0.43,<a href=https://npb.jp/bis/eng/teams/index_l.html>Seibu</a>,PL
Kuriyama Takumi,77,191,157,17,34,4,0,7,59,19,1,0,0,2,32,31,1,1,7,0.217,0.346,0.376,0.722,118,0.159,0.225,36.6%,16.8%,16.2%,0.97,<a href=https://npb.jp/bis/eng/teams/index_l.html>Seibu</a>,PL
Mackinnon David,127,514,464,50,120,17,2,15,186,50,1,1,0,2,91,48,0,0,7,0.259,0.327,0.401,0.728,119,0.142,0.292,30.0%,17.7%,9.3%,0.53,<a href=https://npb.jp/bis/eng/teams/index_l.html>Seibu</a>,PL
Matsumoto Wataru,20,5,4,0,0,0,0,0,0,0,0,0,1,0,3,0,0,0,0,0.000,0.000,0.000,0.000,-101,0.000,0.000,60.0%,60.0%,0.0%,0.00,<a href=https://npb.jp/bis/eng/teams/index_l.html>Seibu</a>,PL
Nakamura Takeya,88,322,283,34,73,12,0,17,136,40,1,0,0,3,76,31,3,5,7,0.258,0.339,0.481,0.820,146,0.223,0.290,38.5%,23.6%,9.6%,0.41,<a href=https://npb.jp/bis/eng/teams/index_l.html>Seibu</a>,PL
Nishikawa Manaya,41,109,97,9,22,4,0,1,29,8,4,1,5,1,16,5,0,1,0,0.227,0.269,0.299,0.568,71,0.072,0.259,20.2%,14.7%,4.6%,0.31,<a href=https://npb.jp/bis/eng/teams/index_l.html>Seibu</a>,PL
Payton Mark,57,225,205,18,44,8,0,5,67,22,1,2,3,2,46,14,0,1,6,0.215,0.266,0.327,0.593,78,0.112,0.250,28.9%,20.4%,6.2%,0.30,<a href=https://npb.jp/bis/eng/teams/index_l.html>Seibu</a>,PL
Satoh Ryusei,91,257,209,27,55,9,3,3,79,16,2,1,3,1,41,42,0,2,6,0.263,0.390,0.378,0.768,133,0.115,0.313,33.5%,16.0%,16.3%,1.02,<a href=https://npb.jp/bis/eng/teams/index_l.html>Seibu</a>,PL
Sumida Chihiro,22,2,2,0,0,0,0,0,0,0,0,0,0,0,1,0,0,0,0,0.000,0.000,0.000,0.000,-101,0.000,0.000,50.0%,50.0%,0.0%,0.00,<a href=https://npb.jp/bis/eng/teams/index_l.html>Seibu</a>,PL
Suzuki Shohei,72,267,242,19,58,8,2,0,70,15,10,0,8,1,34,15,0,1,3,0.240,0.286,0.289,0.575,74,0.049,0.278,18.4%,12.7%,5.6%,0.44,<a href=https://npb.jp/bis/eng/teams/index_l.html>Seibu</a>,PL
Taira Kaima,23,6,6,0,0,0,0,0,0,0,0,0,0,0,4,0,0,0,0,0.000,0.000,0.000,0.000,-101,0.000,0.000,66.7%,66.7%,0.0%,0.00,<a href=https://npb.jp/bis/eng/teams/index_l.html>Seibu</a>,PL
Takagi Wataru,5,19,19,0,3,0,0,0,3,0,0,0,0,0,8,0,0,0,0,0.158,0.158,0.158,0.316,-5,0.000,0.273,42.1%,42.1%,0.0%,0.00,<a href=https://npb.jp/bis/eng/teams/index_l.html>Seibu</a>,PL
Takahashi Kona,23,3,3,0,0,0,0,0,0,0,0,0,0,0,3,0,0,0,0,0.000,0.000,0.000,0.000,-101,0.000,,100.0%,100.0%,0.0%,0.00,<a href=https://npb.jp/bis/eng/teams/index_l.html>Seibu</a>,PL
Takamatsu Wataru,2,1,1,0,0,0,0,0,0,0,1,0,0,0,0,0,0,0,0,0.000,0.000,0.000,0.000,-101,0.000,0.000,0.0%,0.0%,0.0%,,<a href=https://npb.jp/bis/eng/teams/index_l.html>Seibu</a>,PL
Takeda Aito,73,267,257,19,55,18,0,4,85,15,2,5,4,1,55,3,2,2,7,0.214,0.228,0.331,0.559,67,0.117,0.256,23.2%,20.6%,1.1%,0.05,<a href=https://npb.jp/bis/eng/teams/index_l.html>Seibu</a>,PL
Takizawa Natsuo,16,17,16,4,3,0,0,1,6,1,0,0,1,0,4,0,0,0,0,0.188,0.188,0.375,0.563,66,0.187,0.182,29.4%,23.5%,0.0%,0.00,<a href=https://npb.jp/bis/eng/teams/index_l.html>Seibu</a>,PL
Tonosaki Shuta,136,571,503,60,131,28,3,12,201,54,26,3,3,4,114,56,0,5,11,0.260,0.338,0.400,0.738,123,0.140,0.312,31.9%,20.0%,9.8%,0.49,<a href=https://npb.jp/bis/eng/teams/index_l.html>Seibu</a>,PL
Tsuge Sena,59,137,125,5,23,4,0,0,27,13,0,1,6,1,23,3,0,2,5,0.184,0.214,0.216,0.430,30,0.032,0.223,19.0%,16.8%,2.2%,0.13,<a href=https://npb.jp/bis/eng/teams/index_l.html>Seibu</a>,PL
Wakabayashi Gakuto,36,94,90,7,22,5,1,1,32,7,4,2,2,0,30,2,0,0,2,0.244,0.261,0.356,0.617,84,0.112,0.356,35.1%,31.9%,2.1%,0.07,<a href=https://npb.jp/bis/eng/teams/index_l.html>Seibu</a>,PL
Watanabe Kento,57,209,192,17,41,13,0,6,72,25,2,1,0,1,63,11,0,5,2,0.214,0.273,0.375,0.648,93,0.161,0.282,38.3%,30.1%,5.3%,0.17,<a href=https://npb.jp/bis/eng/teams/index_l.html>Seibu</a>,PL
Wu Nien-Ting,41,92,78,8,16,2,1,1,23,11,1,0,1,0,25,13,0,0,2,0.205,0.319,0.295,0.614,86,0.090,0.288,42.4%,27.2%,14.1%,0.52,<a href=https://npb.jp/bis/eng/teams/index_l.html>Seibu</a>,PL
Yamakawa Hotaka,17,62,59,3,15,4,0,0,19,5,0,0,0,0,17,3,0,0,1,0.254,0.290,0.322,0.612,84,0.068,0.357,32.3%,27.4%,4.8%,0.18,<a href=https://npb.jp/bis/eng/teams/index_l.html>Seibu</a>,PL
Yamamura Takayoshi,4,15,14,3,4,0,0,2,10,3,0,0,0,0,5,1,0,0,0,0.286,0.333,0.714,1.047,209,0.428,0.286,53.3%,33.3%,6.7%,0.20,<a href=https://npb.jp/bis/eng/teams/index_l.html>Seibu</a>,PL
Yamanobe Kakeru,35,43,39,4,8,1,0,0,9,2,6,2,2,0,3,1,0,1,0,0.205,0.244,0.231,0.475,44,0.026,0.222,9.3%,7.0%,2.3%,0.33,<a href=https://npb.jp/bis/eng/teams/index_l.html>Seibu</a>,PL
Yohkawa Naomasa,9,28,24,1,4,0,0,1,7,1,0,0,0,0,11,2,0,2,0,0.167,0.286,0.292,0.578,75,0.125,0.250,50.0%,39.3%,7.1%,0.18,<a href=https://npb.jp/bis/eng/teams/index_l.html>Seibu</a>,PL
Yoza Kaito,15,3,3,0,0,0,0,0,0,0,0,0,0,0,2,0,0,0,0,0.000,0.000,0.000,0.000,-101,0.000,0.000,66.7%,66.7%,0.0%,0.00,<a href=https://npb.jp/bis/eng/teams/index_l.html>Seibu</a>,PL
Alcantara Arismendy,41,125,113,14,23,6,0,4,41,10,1,0,3,0,41,9,0,0,1,0.204,0.262,0.363,0.625,88,0.159,0.279,43.2%,32.8%,7.2%,0.22,<a href=https://npb.jp/bis/eng/teams/index_f.html>Nipponham</a>,PL
Arizono Naoki,1,5,5,0,0,0,0,0,0,0,0,0,0,0,4,0,0,0,0,0.000,0.000,0.000,0.000,-102,0.000,0.000,80.0%,80.0%,0.0%,0.00,<a href=https://npb.jp/bis/eng/teams/index_f.html>Nipponham</a>,PL
Asama Daiki,13,38,36,2,8,3,1,0,13,4,0,0,1,0,10,1,0,0,1,0.222,0.243,0.361,0.604,81,0.139,0.308,28.9%,26.3%,2.6%,0.10,<a href=https://npb.jp/bis/eng/teams/index_f.html>Nipponham</a>,PL
Egoshi Taiga,100,176,150,17,27,4,2,5,50,13,9,8,12,1,77,11,0,2,0,0.180,0.244,0.333,0.577,73,0.153,0.319,52.8%,43.8%,6.2%,0.14,<a href=https://npb.jp/bis/eng/teams/index_f.html>Nipponham</a>,PL
Fukuda Koki,24,63,57,8,10,3,0,2,19,7,0,0,1,0,19,4,0,1,1,0.175,0.242,0.333,0.575,73,0.158,0.222,39.7%,30.2%,6.3%,0.21,<a href=https://npb.jp/bis/eng/teams/index_f.html>Nipponham</a>,PL
Furukawa Yudai,17,47,43,2,8,4,0,0,12,4,0,0,1,2,15,1,0,0,1,0.186,0.196,0.279,0.475,43,0.093,0.267,34.0%,31.9%,2.1%,0.07,<a href=https://npb.jp/bis/eng/teams/index_f.html>Nipponham</a>,PL
Fushimi Torai,89,251,229,13,46,5,0,3,60,12,0,0,10,0,42,8,0,4,4,0.201,0.241,0.262,0.503,53,0.061,0.234,21.1%,16.7%,3.2%,0.19,<a href=https://npb.jp/bis/eng/teams/index_f.html>Nipponham</a>,PL
Gunji Yuya,55,187,169,15,43,4,0,3,56,19,2,1,2,0,30,16,0,0,4,0.254,0.319,0.331,0.650,97,0.077,0.294,26.2%,16.0%,8.6%,0.53,<a href=https://npb.jp/bis/eng/teams/index_f.html>Nipponham</a>,PL
Hanson Alen,39,96,90,9,13,3,0,4,28,9,2,1,0,1,12,5,0,0,3,0.144,0.188,0.311,0.499,49,0.167,0.120,21.9%,12.5%,5.2%,0.42,<a href=https://npb.jp/bis/eng/teams/index_f.html>Nipponham</a>,PL
Hosokawa Ryohei,60,112,97,11,21,5,1,1,31,10,1,2,8,0,26,7,0,0,0,0.216,0.269,0.320,0.589,78,0.104,0.286,30.4%,23.2%,6.2%,0.27,<a href=https://npb.jp/bis/eng/teams/index_f.html>Nipponham</a>,PL
Imagawa Yuma,28,69,61,7,12,1,0,0,13,1,3,0,0,0,17,6,0,2,0,0.197,0.290,0.213,0.503,55,0.016,0.273,33.3%,24.6%,8.7%,0.35,<a href=https://npb.jp/bis/eng/teams/index_f.html>Nipponham</a>,PL
Ishii Kazunari,36,100,83,8,14,3,2,0,21,4,3,0,3,0,27,14,1,0,0,0.169,0.289,0.253,0.542,66,0.084,0.250,41.0%,27.0%,14.0%,0.52,<a href=https://npb.jp/bis/eng/teams/index_f.html>Nipponham</a>,PL
Isobata Ryota,70,205,193,23,44,2,3,0,52,6,17,6,6,0,50,4,0,2,1,0.228,0.251,0.269,0.520,58,0.041,0.308,26.3%,24.4%,2.0%,0.08,<a href=https://npb.jp/bis/eng/teams/index_f.html>Nipponham</a>,PL
Itoh Hiromi,24,5,5,0,1,1,0,0,2,1,0,0,0,0,2,0,0,0,0,0.200,0.200,0.400,0.600,78,0.200,0.333,40.0%,40.0%,0.0%,0.00,<a href=https://npb.jp/bis/eng/teams/index_f.html>Nipponham</a>,PL
Kamikawabata Daigo,108,346,293,16,62,5,1,0,69,18,3,4,12,1,51,34,1,6,5,0.212,0.305,0.235,0.540,66,0.023,0.255,24.6%,14.7%,9.8%,0.67,<a href=https://npb.jp/bis/eng/teams/index_f.html>Nipponham</a>,PL
Katoh Gosuke,62,222,200,18,42,6,0,6,66,16,3,1,0,1,35,18,1,3,1,0.210,0.284,0.330,0.614,85,0.120,0.225,26.6%,15.8%,8.1%,0.51,<a href=https://npb.jp/bis/eng/teams/index_f.html>Nipponham</a>,PL
Katoh Takayuki,24,2,2,0,0,0,0,0,0,0,0,0,0,0,2,0,0,0,0,0.000,0.000,0.000,0.000,-102,0.000,,100.0%,100.0%,0.0%,0.00,<a href=https://npb.jp/bis/eng/teams/index_f.html>Nipponham</a>,PL
Kimura Fumikazu,1,2,2,0,1,1,0,0,2,0,0,0,0,0,0,0,0,0,0,0.500,0.500,1.000,1.500,347,0.500,0.500,0.0%,0.0%,0.0%,,<a href=https://npb.jp/bis/eng/teams/index_f.html>Nipponham</a>,PL
Kitayama Koki,14,7,7,1,2,0,0,0,2,2,0,0,0,0,3,0,0,0,0,0.286,0.286,0.286,0.572,74,0.000,0.500,42.9%,42.9%,0.0%,0.00,<a href=https://npb.jp/bis/eng/teams/index_f.html>Nipponham</a>,PL
Kiyomiya Kotaro,99,416,356,41,87,20,1,10,139,41,2,2,0,4,69,53,1,3,6,0.244,0.344,0.390,0.734,123,0.146,0.274,31.7%,16.6%,12.7%,0.77,<a href=https://npb.jp/bis/eng/teams/index_f.html>Nipponham</a>,PL
Kohri Takuya,7,15,15,2,4,1,0,0,5,0,1,0,0,0,1,0,0,0,0,0.267,0.267,0.333,0.600,81,0.066,0.286,6.7%,6.7%,0.0%,0.00,<a href=https://npb.jp/bis/eng/teams/index_f.html>Nipponham</a>,PL
Mannami Chusei,141,582,533,69,141,33,0,25,249,74,2,1,2,2,138,41,2,4,12,0.265,0.321,0.467,0.788,137,0.202,0.312,35.1%,23.7%,7.0%,0.30,<a href=https://npb.jp/bis/eng/teams/index_f.html>Nipponham</a>,PL
Martinez Ariel,119,444,386,39,95,24,0,15,164,66,0,4,0,3,99,44,0,11,15,0.246,0.338,0.425,0.763,131,0.179,0.291,35.6%,22.3%,9.9%,0.44,<a href=https://npb.jp/bis/eng/teams/index_f.html>Nipponham</a>,PL
Matsumoto Go,134,561,507,51,140,16,2,3,169,30,12,12,7,3,57,37,3,7,11,0.276,0.332,0.333,0.665,103,0.057,0.304,17.3%,10.2%,6.6%,0.65,<a href=https://npb.jp/bis/eng/teams/index_f.html>Nipponham</a>,PL
Mizuno Tatsuki,31,62,56,1,9,4,1,0,15,6,1,1,1,1,21,4,0,0,0,0.161,0.213,0.268,0.481,45,0.107,0.250,40.3%,33.9%,6.5%,0.19,<a href=https://npb.jp/bis/eng/teams/index_f.html>Nipponham</a>,PL
Nakashima Takuya,17,32,29,3,6,0,0,0,6,2,2,1,1,0,5,2,0,0,0,0.207,0.258,0.207,0.465,43,0.000,0.250,21.9%,15.6%,6.2%,0.40,<a href=https://npb.jp/bis/eng/teams/index_f.html>Nipponham</a>,PL
Narama Taiki,65,196,181,20,44,12,2,2,66,15,2,2,3,1,50,8,1,3,4,0.243,0.285,0.365,0.650,96,0.122,0.323,30.6%,25.5%,4.1%,0.16,<a href=https://npb.jp/bis/eng/teams/index_f.html>Nipponham</a>,PL
Nomura Yuki,125,473,423,42,100,21,1,13,162,43,4,1,0,4,112,42,0,4,3,0.236,0.309,0.383,0.692,109,0.147,0.288,35.3%,23.7%,8.9%,0.38,<a href=https://npb.jp/bis/eng/teams/index_f.html>Nipponham</a>,PL
Shimizu Yushi,32,60,50,3,13,1,0,0,14,5,1,0,6,0,13,4,0,0,1,0.260,0.315,0.280,0.595,82,0.020,0.351,28.3%,21.7%,6.7%,0.31,<a href=https://npb.jp/bis/eng/teams/index_f.html>Nipponham</a>,PL
Suzuki Kenya,24,3,3,0,0,0,0,0,0,1,0,0,0,0,1,0,0,0,0,0.000,0.000,0.000,0.000,-102,0.000,0.000,33.3%,33.3%,0.0%,0.00,<a href=https://npb.jp/bis/eng/teams/index_f.html>Nipponham</a>,PL
Tamiya Yua,10,31,31,4,8,1,0,2,15,9,2,0,0,0,7,0,0,0,0,0.258,0.258,0.484,0.742,121,0.226,0.273,29.0%,22.6%,0.0%,0.00,<a href=https://npb.jp/bis/eng/teams/index_f.html>Nipponham</a>,PL
Uehara Kenta,19,4,4,0,1,0,0,0,1,0,0,0,0,0,2,0,0,0,1,0.250,0.250,0.250,0.500,52,0.000,0.500,50.0%,50.0%,0.0%,0.00,<a href=https://npb.jp/bis/eng/teams/index_f.html>Nipponham</a>,PL
Umebayashi Yuki,7,6,6,0,3,0,0,0,3,0,0,0,0,0,1,0,0,0,1,0.500,0.500,0.500,1.000,205,0.000,0.600,16.7%,16.7%,0.0%,0.00,<a href=https://npb.jp/bis/eng/teams/index_f.html>Nipponham</a>,PL
Usami Shingo,9,16,15,0,0,0,0,0,0,0,0,0,0,0,4,1,0,0,0,0.000,0.063,0.000,0.063,-81,0.000,0.000,31.2%,25.0%,6.2%,0.25,<a href=https://npb.jp/bis/eng/teams/index_f.html>Nipponham</a>,PL
Uwasawa Naoyuki,24,3,3,0,1,0,0,0,1,0,0,0,0,0,2,0,0,0,0,0.333,0.333,0.333,0.666,103,0.000,1.000,66.7%,66.7%,0.0%,0.00,<a href=https://npb.jp/bis/eng/teams/index_f.html>Nipponham</a>,PL
Wang Po-Jung,20,45,42,5,10,0,1,1,15,5,0,0,0,0,16,3,0,0,1,0.238,0.289,0.357,0.646,95,0.119,0.360,44.4%,35.6%,6.7%,0.19,<a href=https://npb.jp/bis/eng/teams/index_f.html>Nipponham</a>,PL
Yachi Ryota,44,88,76,6,15,0,0,0,15,5,0,0,4,0,9,8,0,0,1,0.197,0.274,0.197,0.471,45,0.000,0.224,19.3%,10.2%,9.1%,0.89,<a href=https://npb.jp/bis/eng/teams/index_f.html>Nipponham</a>,PL
Yamada Haruka,29,46,41,1,11,2,0,0,13,1,0,0,0,0,6,4,0,1,0,0.268,0.348,0.317,0.665,104,0.049,0.314,21.7%,13.0%,8.7%,0.67,<a href=https://npb.jp/bis/eng/teams/index_f.html>Nipponham</a>,PL
Yazawa Kota,37,107,96,13,17,4,0,1,24,4,2,2,1,1,35,8,0,1,0,0.177,0.245,0.250,0.495,50,0.073,0.262,41.1%,32.7%,7.5%,0.23,<a href=https://npb.jp/bis/eng/teams/index_f.html>Nipponham</a>,PL
